{"parent":"infinitecrops:b1e5fec6-9936-4177-a1af-775eb8b7f93d","display":{"thirdperson_righthand":{"rotation":[0.0,-180.0,0.0],"translation":[0.0,2.75,0.75],"scale":[0.4,0.4,0.4]},"thirdperson_lefthand":{"translation":[0.0,2.75,0.75],"scale":[0.4,0.4,0.4]},"firstperson_righthand":{"rotation":[0.0,140.0,0.0],"translation":[3.5,2.5,0.0],"scale":[0.4,0.4,0.4]},"firstperson_lefthand":{"rotation":[0.0,-44.0,0.0],"translation":[-1.0,4.25,2.75],"scale":[0.4,0.4,0.4]},"ground":{"translation":[0.0,2.0,0.0],"scale":[0.5,0.5,0.5]}},"textures":{"particle":"infinitecrops:8f022506-9c4c-4a0a-aa61-50b4b6ec0ace","1":"infinitecrops:9d45695e-e35a-4884-8640-b3b6c382d9cb","2":"infinitecrops:8f022506-9c4c-4a0a-aa61-50b4b6ec0ace","3":"infinitecrops:0cc6148d-2a5d-4886-9ac9-42c5b04cfe5b"}}