{"display":{"gui":{"rotation":[9.48,17.56,-2.87]},"fixed":{"rotation":[-90.0,0.0,0.0],"translation":[0.0,0.0,-15.0],"scale":[2.0,2.0,2.0]},"thirdperson_righthand":{"rotation":[0.0,-180.0,0.0],"translation":[0.0,2.75,0.75],"scale":[0.4,0.4,0.4]},"thirdperson_lefthand":{"translation":[0.0,2.75,0.75],"scale":[0.4,0.4,0.4]},"firstperson_righthand":{"rotation":[0.0,140.0,0.0],"translation":[3.5,2.5,0.0],"scale":[0.4,0.4,0.4]},"firstperson_lefthand":{"rotation":[0.0,-44.0,0.0],"translation":[-1.0,4.25,2.75],"scale":[0.4,0.4,0.4]},"ground":{"translation":[0.0,2.0,0.0],"scale":[0.5,0.5,0.5]}},"elements":[{"from":[-0.47071,0.0,7.91213],"to":[17.52929,16.0,7.91213],"rotation":{"origin":[7.92929,8.0,8.21213],"axis":"y","angle":0.0},"faces":{"north":{"uv":[0.0,0.0,16.0,16.0],"texture":"#1"},"east":{"uv":[0.0,0.0,0.0,16.0],"texture":"#1"},"south":{"uv":[16.0,0.0,0.0,16.0],"texture":"#1"},"west":{"uv":[0.0,0.0,0.0,16.0],"texture":"#1"},"up":{"uv":[0.0,0.0,16.0,0.0],"texture":"#1"},"down":{"uv":[0.0,0.0,16.0,0.0],"texture":"#1"}}},{"from":[7.92929,0.0,-0.58787],"to":[7.92929,16.0,17.41213],"rotation":{"origin":[7.92929,8.0,8.21213],"axis":"y","angle":0.0},"faces":{"north":{"uv":[0.0,0.0,0.0,16.0],"texture":"#1"},"east":{"uv":[0.0,0.0,16.0,16.0],"texture":"#1"},"south":{"uv":[0.0,0.0,0.0,16.0],"texture":"#1"},"west":{"uv":[16.0,0.0,0.0,16.0],"texture":"#1"},"up":{"uv":[0.0,0.0,16.0,0.0],"texture":"#1","rotation":270},"down":{"uv":[0.0,0.0,16.0,0.0],"texture":"#1","rotation":90}}},{"from":[7.5,0.0,7.4],"to":[8.5,15.0,8.4],"faces":{"north":{"uv":[0.0,0.0,1.0,15.0],"texture":"#2"},"east":{"uv":[0.0,0.0,1.0,15.0],"texture":"#2"},"south":{"uv":[0.0,0.0,1.0,15.0],"texture":"#2"},"west":{"uv":[0.0,0.0,1.0,15.0],"texture":"#2"},"up":{"uv":[0.0,0.0,1.0,1.0],"texture":"#2"},"down":{"uv":[0.0,0.0,1.0,1.0],"texture":"#2"}}}],"textures":{"particle":"infinitecrops:12ef9116-e43c-4e5c-a398-2d5243f7bb2f","1":"infinitecrops:1650524f-999d-4975-a10d-cbb022fcc642","2":"infinitecrops:12ef9116-e43c-4e5c-a398-2d5243f7bb2f"},"gui_light":"front"}