{"display":{"gui":{"rotation":[9.96,14.54,-3.71],"translation":[0.0,-3.75,0.0],"scale":[0.5,0.5,0.5]},"fixed":{"rotation":[-90.0,0.0,0.0],"translation":[0.0,0.0,-14.75],"scale":[2.0,2.0,2.0]},"thirdperson_righthand":{"rotation":[0.0,-180.0,0.0],"translation":[0.0,2.75,0.75],"scale":[0.4,0.4,0.4]},"thirdperson_lefthand":{"translation":[0.0,2.75,0.75],"scale":[0.4,0.4,0.4]},"firstperson_righthand":{"rotation":[0.0,140.0,0.0],"translation":[3.5,2.5,0.0],"scale":[0.4,0.4,0.4]},"firstperson_lefthand":{"rotation":[0.0,-44.0,0.0],"translation":[-1.0,4.25,2.75],"scale":[0.4,0.4,0.4]},"ground":{"translation":[0.0,2.0,0.0],"scale":[0.5,0.5,0.5]}},"elements":[{"from":[-2.17071,0.0,7.91213],"to":[18.22929,23.9,7.91213],"rotation":{"origin":[7.92929,8.0,8.21213],"axis":"y","angle":0.0},"faces":{"north":{"uv":[0.0,0.0,16.0,16.0],"texture":"#1"},"east":{"uv":[0.0,0.0,0.0,16.0],"texture":"#1"},"south":{"uv":[16.0,0.0,0.0,16.0],"texture":"#1"},"west":{"uv":[0.0,0.0,0.0,16.0],"texture":"#1"},"up":{"uv":[0.0,0.0,16.0,0.0],"texture":"#1"},"down":{"uv":[0.0,0.0,16.0,0.0],"texture":"#1"}}},{"from":[7.92929,0.0,-1.58787],"to":[7.92929,23.9,17.71213],"rotation":{"origin":[7.92929,8.0,8.21213],"axis":"y","angle":0.0},"faces":{"north":{"uv":[0.0,0.0,0.0,16.0],"texture":"#1"},"east":{"uv":[0.0,0.0,16.0,16.0],"texture":"#1"},"south":{"uv":[0.0,0.0,0.0,16.0],"texture":"#1"},"west":{"uv":[16.0,0.0,0.0,16.0],"texture":"#1"},"up":{"uv":[0.0,0.0,16.0,0.0],"texture":"#1","rotation":270},"down":{"uv":[0.0,0.0,16.0,0.0],"texture":"#1","rotation":90}}},{"from":[14.5,0.0,7.4],"to":[15.5,32.0,8.4],"faces":{"north":{"uv":[0.0,0.0,1.0,16.0],"texture":"#2"},"east":{"uv":[0.0,0.0,1.0,16.0],"texture":"#2"},"south":{"uv":[0.0,0.0,1.0,16.0],"texture":"#2"},"west":{"uv":[0.0,0.0,1.0,16.0],"texture":"#2"},"up":{"uv":[0.0,0.0,1.0,0.8],"texture":"#2"},"down":{"uv":[0.0,0.0,1.0,0.8],"texture":"#2"}}},{"from":[0.0,0.0,7.4],"to":[1.0,32.0,8.4],"faces":{"north":{"uv":[0.0,0.0,1.0,16.0],"texture":"#2"},"east":{"uv":[0.0,0.0,1.0,16.0],"texture":"#2"},"south":{"uv":[0.0,0.0,1.0,16.0],"texture":"#2"},"west":{"uv":[0.0,0.0,1.0,16.0],"texture":"#2"},"up":{"uv":[0.0,0.0,1.0,0.8],"texture":"#2"},"down":{"uv":[0.0,0.0,1.0,0.8],"texture":"#2"}}},{"from":[0.5,30.0,7.9],"to":[15.5,31.0,7.9],"rotation":{"origin":[13.5,3.0,7.4],"axis":"y","angle":0.0},"faces":{"north":{"uv":[14.6,0.0,16.0,16.0],"texture":"#2","rotation":90},"east":{"uv":[14.6,0.0,16.0,16.0],"texture":"#2","rotation":90},"south":{"uv":[16.0,16.0,14.6,0.0],"texture":"#2","rotation":90},"west":{"uv":[14.6,0.0,16.0,16.0],"texture":"#2","rotation":90},"up":{"uv":[14.6,0.0,16.0,16.0],"texture":"#2","rotation":90},"down":{"uv":[14.6,0.0,16.0,16.0],"texture":"#2","rotation":90}}},{"from":[3.7,7.0,11.1],"to":[6.0,10.0,11.1],"rotation":{"origin":[12.15,8.5,5.0],"axis":"y","angle":-22.5},"faces":{"north":{"uv":[16.0,0.0,0.0,16.0],"texture":"#3"},"east":{"uv":[16.0,0.0,0.0,16.0],"texture":"#3"},"south":{"uv":[0.0,0.0,16.0,16.0],"texture":"#3"},"west":{"uv":[16.0,0.0,0.0,16.0],"texture":"#3"},"up":{"uv":[16.0,0.0,0.0,16.0],"texture":"#3"},"down":{"uv":[16.0,0.0,0.0,16.0],"texture":"#3"}}},{"from":[4.85,7.0,9.95],"to":[4.85,10.0,12.25],"rotation":{"origin":[12.15,8.5,5.0],"axis":"y","angle":-22.5},"faces":{"north":{"uv":[16.0,0.0,0.0,16.0],"texture":"#3"},"east":{"uv":[16.0,0.0,0.0,16.0],"texture":"#3"},"south":{"uv":[16.0,0.0,0.0,16.0],"texture":"#3"},"west":{"uv":[0.0,0.0,16.0,16.0],"texture":"#3"},"up":{"uv":[0.0,16.0,16.0,0.0],"texture":"#3","rotation":270},"down":{"uv":[0.0,16.0,16.0,0.0],"texture":"#3","rotation":90}}},{"from":[7.5,12.0,4.4],"to":[9.8,15.0,4.4],"rotation":{"origin":[3.85,8.5,5.0],"axis":"y","angle":22.5},"faces":{"north":{"uv":[0.0,0.0,16.0,16.0],"texture":"#3"},"east":{"uv":[0.0,0.0,16.0,16.0],"texture":"#3"},"south":{"uv":[16.0,0.0,0.0,16.0],"texture":"#3"},"west":{"uv":[0.0,0.0,16.0,16.0],"texture":"#3"},"up":{"uv":[0.0,0.0,16.0,16.0],"texture":"#3"},"down":{"uv":[0.0,0.0,16.0,16.0],"texture":"#3"}}},{"from":[8.65,12.0,3.25],"to":[8.65,15.0,5.55],"rotation":{"origin":[3.85,8.5,5.0],"axis":"y","angle":22.5},"faces":{"north":{"uv":[0.0,0.0,16.0,16.0],"texture":"#3"},"east":{"uv":[16.0,0.0,0.0,16.0],"texture":"#3"},"south":{"uv":[0.0,0.0,16.0,16.0],"texture":"#3"},"west":{"uv":[0.0,0.0,16.0,16.0],"texture":"#3"},"up":{"uv":[0.0,0.0,16.0,16.0],"texture":"#3","rotation":270},"down":{"uv":[0.0,0.0,16.0,16.0],"texture":"#3","rotation":90}}},{"from":[4.75,6.7,12.25],"to":[4.75,9.7,14.55],"rotation":{"origin":[3.85,8.5,5.0],"axis":"y","angle":22.5},"faces":{"north":{"uv":[0.0,0.0,16.0,16.0],"texture":"#3"},"east":{"uv":[16.0,0.0,0.0,16.0],"texture":"#3"},"south":{"uv":[0.0,0.0,16.0,16.0],"texture":"#3"},"west":{"uv":[0.0,0.0,16.0,16.0],"texture":"#3"},"up":{"uv":[0.0,0.0,16.0,16.0],"texture":"#3","rotation":270},"down":{"uv":[0.0,0.0,16.0,16.0],"texture":"#3","rotation":90}}},{"from":[3.6,6.7,13.4],"to":[5.9,9.7,13.4],"rotation":{"origin":[3.85,8.5,5.0],"axis":"y","angle":22.5},"faces":{"north":{"uv":[0.0,0.0,16.0,16.0],"texture":"#3"},"east":{"uv":[0.0,0.0,16.0,16.0],"texture":"#3"},"south":{"uv":[16.0,0.0,0.0,16.0],"texture":"#3"},"west":{"uv":[0.0,0.0,16.0,16.0],"texture":"#3"},"up":{"uv":[0.0,0.0,16.0,16.0],"texture":"#3"},"down":{"uv":[0.0,0.0,16.0,16.0],"texture":"#3"}}},{"from":[7.6,13.5,10.2],"to":[9.9,16.5,10.2],"rotation":{"origin":[3.85,8.5,5.0],"axis":"y","angle":22.5},"faces":{"north":{"uv":[0.0,0.0,16.0,16.0],"texture":"#3"},"east":{"uv":[0.0,0.0,16.0,16.0],"texture":"#3"},"south":{"uv":[16.0,0.0,0.0,16.0],"texture":"#3"},"west":{"uv":[0.0,0.0,16.0,16.0],"texture":"#3"},"up":{"uv":[0.0,0.0,16.0,16.0],"texture":"#3"},"down":{"uv":[0.0,0.0,16.0,16.0],"texture":"#3"}}},{"from":[8.75,13.5,9.05],"to":[8.75,16.5,11.35],"rotation":{"origin":[3.85,8.5,5.0],"axis":"y","angle":22.5},"faces":{"north":{"uv":[0.0,0.0,16.0,16.0],"texture":"#3"},"east":{"uv":[16.0,0.0,0.0,16.0],"texture":"#3"},"south":{"uv":[0.0,0.0,16.0,16.0],"texture":"#3"},"west":{"uv":[0.0,0.0,16.0,16.0],"texture":"#3"},"up":{"uv":[0.0,0.0,16.0,16.0],"texture":"#3","rotation":270},"down":{"uv":[0.0,0.0,16.0,16.0],"texture":"#3","rotation":90}}}],"textures":{"particle":"infinitecrops:607445eb-94b6-485e-aa5c-b93345294e45","1":"infinitecrops:224606b6-81d1-4c31-9671-b0f8e5270cb7","2":"infinitecrops:607445eb-94b6-485e-aa5c-b93345294e45","3":"infinitecrops:ecf03979-0196-458e-b3b7-48459421773c"},"gui_light":"front"}