{"display":{"thirdperson_righthand":{"rotation":[75.0,0.0,0.0],"translation":[0.0,3.0,0.0],"scale":[0.5,0.5,0.5]},"thirdperson_lefthand":{"rotation":[75.0,0.0,0.0],"translation":[0.0,3.0,0.0],"scale":[0.5,0.5,0.5]},"firstperson_righthand":{"rotation":[12.0,121.0,0.0],"translation":[1.0,3.75,2.75],"scale":[0.5,0.5,0.5]},"firstperson_lefthand":{"rotation":[0.0,109.0,55.0],"translation":[1.5,3.75,4.0],"scale":[0.5,0.5,0.5]},"ground":{"translation":[0.0,2.0,0.0],"scale":[0.5,0.5,0.5]},"gui":{"rotation":[-123.95,27.4,157.7],"translation":[-1.5,3.0,0.0],"scale":[0.8,0.8,0.8]},"head":{"translation":[0.0,14.25,0.0]},"fixed":{"rotation":[-90.0,0.0,0.0],"translation":[0.0,1.5,-14.75],"scale":[2.0,2.0,2.0]}},"elements":[{"from":[0.0,0.5,-3.0],"to":[16.0,1.5,13.0],"rotation":{"origin":[8.0,8.0,0.5],"axis":"x","angle":-22.5},"faces":{"north":{"uv":[0.0,0.0,16.0,1.0],"texture":"#1","rotation":180},"east":{"uv":[0.0,0.0,1.0,16.0],"texture":"#1","rotation":270},"south":{"uv":[0.0,0.0,16.0,1.0],"texture":"#1"},"west":{"uv":[0.0,0.0,1.0,16.0],"texture":"#1","rotation":90},"up":{"uv":[0.0,0.0,16.0,16.0],"texture":"#1","rotation":180},"down":{"uv":[0.0,0.0,16.0,16.0],"texture":"#1"}}},{"from":[0.0,0.0,11.0],"to":[1.0,5.0,12.0],"faces":{"north":{"uv":[0.0,0.0,1.0,5.0],"texture":"#1"},"east":{"uv":[0.0,0.0,1.0,5.0],"texture":"#1"},"south":{"uv":[0.0,0.0,1.0,5.0],"texture":"#1"},"west":{"uv":[0.0,0.0,1.0,5.0],"texture":"#1"},"up":{"uv":[0.0,0.0,1.0,1.0],"texture":"#1"},"down":{"uv":[0.0,0.0,1.0,1.0],"texture":"#1"}}},{"from":[15.0,0.0,11.0],"to":[16.0,5.0,12.0],"faces":{"north":{"uv":[0.0,0.0,1.0,5.0],"texture":"#1"},"east":{"uv":[0.0,0.0,1.0,5.0],"texture":"#1"},"south":{"uv":[0.0,0.0,1.0,5.0],"texture":"#1"},"west":{"uv":[0.0,0.0,1.0,5.0],"texture":"#1"},"up":{"uv":[0.0,0.0,1.0,1.0],"texture":"#1"},"down":{"uv":[0.0,0.0,1.0,1.0],"texture":"#1"}}}],"textures":{"1":"infinitecrops:6e19d554-d0c1-493e-996b-8e254e632e1b"},"gui_light":"front"}