{"display":{"thirdperson_righthand":{"rotation":[0.0,-180.0,0.0],"translation":[0.0,2.75,0.75],"scale":[0.4,0.4,0.4]},"gui":{"rotation":[11.12,8.36,-1.62]},"fixed":{"rotation":[-90.0,0.0,0.0],"translation":[0.0,0.0,-19.0],"scale":[2.5,2.5,2.5]},"thirdperson_lefthand":{"translation":[0.0,2.75,0.75],"scale":[0.4,0.4,0.4]},"firstperson_righthand":{"rotation":[0.0,140.0,0.0],"translation":[3.5,2.5,0.0],"scale":[0.4,0.4,0.4]},"firstperson_lefthand":{"rotation":[0.0,-44.0,0.0],"translation":[-1.0,4.25,2.75],"scale":[0.4,0.4,0.4]},"ground":{"translation":[0.0,2.0,0.0],"scale":[0.5,0.5,0.5]}},"elements":[{"from":[0.1,0.0,8.0],"to":[16.1,19.0,8.0],"rotation":{"origin":[8.1,9.5,8.0],"axis":"y","angle":0.0},"faces":{"north":{"uv":[3.5,5.0,12.5,16.0],"texture":"#1"},"east":{"uv":[3.5,5.0,12.5,16.0],"texture":"#1"},"south":{"uv":[3.5,5.0,12.5,16.0],"texture":"#1"},"west":{"uv":[3.5,5.0,12.5,16.0],"texture":"#1"},"up":{"uv":[3.5,5.0,12.5,16.0],"texture":"#1"},"down":{"uv":[3.5,5.0,12.5,16.0],"texture":"#1"}}},{"from":[8.1,0.0,0.0],"to":[8.1,19.0,16.0],"rotation":{"origin":[8.1,9.5,8.0],"axis":"y","angle":0.0},"faces":{"north":{"uv":[3.5,5.0,12.5,16.0],"texture":"#1"},"east":{"uv":[3.5,5.0,12.5,16.0],"texture":"#1"},"south":{"uv":[3.5,5.0,12.5,16.0],"texture":"#1"},"west":{"uv":[3.5,5.0,12.5,16.0],"texture":"#1"},"up":{"uv":[3.5,5.0,12.5,16.0],"texture":"#1","rotation":270},"down":{"uv":[3.5,5.0,12.5,16.0],"texture":"#1","rotation":90}}},{"from":[8.1,0.0,0.0],"to":[8.1,19.0,16.0],"rotation":{"origin":[8.1,9.5,8.0],"axis":"y","angle":45.0},"faces":{"north":{"uv":[3.5,5.0,12.5,16.0],"texture":"#1"},"east":{"uv":[3.5,5.0,12.5,16.0],"texture":"#1"},"south":{"uv":[3.5,5.0,12.5,16.0],"texture":"#1"},"west":{"uv":[3.5,5.0,12.5,16.0],"texture":"#1"},"up":{"uv":[3.5,5.0,12.5,16.0],"texture":"#1","rotation":270},"down":{"uv":[3.5,5.0,12.5,16.0],"texture":"#1","rotation":90}}},{"from":[0.1,0.0,8.0],"to":[16.1,19.0,8.0],"rotation":{"origin":[8.1,9.5,8.0],"axis":"y","angle":45.0},"faces":{"north":{"uv":[3.5,5.0,12.5,16.0],"texture":"#1"},"east":{"uv":[3.5,5.0,12.5,16.0],"texture":"#1"},"south":{"uv":[3.5,5.0,12.5,16.0],"texture":"#1"},"west":{"uv":[3.5,5.0,12.5,16.0],"texture":"#1"},"up":{"uv":[3.5,5.0,12.5,16.0],"texture":"#1","rotation":180},"down":{"uv":[3.5,5.0,12.5,16.0],"texture":"#1","rotation":180}}},{"from":[4.9,5.5,6.7],"to":[6.9,7.5,8.7],"rotation":{"origin":[13.0,7.0,8.0],"axis":"y","angle":45.0},"faces":{"north":{"uv":[0.0,0.0,16.0,16.0],"texture":"#2"},"east":{"uv":[0.0,0.0,16.0,16.0],"texture":"#2"},"south":{"uv":[0.0,0.0,16.0,16.0],"texture":"#2"},"west":{"uv":[0.0,0.0,16.0,16.0],"texture":"#2"},"up":{"uv":[0.0,0.0,16.0,16.0],"texture":"#2"},"down":{"uv":[0.0,0.0,16.0,16.0],"texture":"#2"}}},{"from":[10.8,9.0,1.1],"to":[12.8,11.0,3.1],"rotation":{"origin":[13.0,7.0,8.0],"axis":"y","angle":45.0},"faces":{"north":{"uv":[0.0,0.0,16.0,16.0],"texture":"#2"},"east":{"uv":[0.0,0.0,16.0,16.0],"texture":"#2"},"south":{"uv":[0.0,0.0,16.0,16.0],"texture":"#2"},"west":{"uv":[0.0,0.0,16.0,16.0],"texture":"#2"},"up":{"uv":[0.0,0.0,16.0,16.0],"texture":"#2"},"down":{"uv":[0.0,0.0,16.0,16.0],"texture":"#2"}}},{"from":[7.8,4.0,1.1],"to":[9.8,6.0,3.1],"rotation":{"origin":[13.0,7.0,8.0],"axis":"y","angle":45.0},"faces":{"north":{"uv":[0.0,0.0,16.0,16.0],"texture":"#2"},"east":{"uv":[0.0,0.0,16.0,16.0],"texture":"#2"},"south":{"uv":[0.0,0.0,16.0,16.0],"texture":"#2"},"west":{"uv":[0.0,0.0,16.0,16.0],"texture":"#2"},"up":{"uv":[0.0,0.0,16.0,16.0],"texture":"#2"},"down":{"uv":[0.0,0.0,16.0,16.0],"texture":"#2"}}},{"from":[11.7,6.0,6.5],"to":[13.7,8.0,8.5],"rotation":{"origin":[13.0,7.0,8.0],"axis":"y","angle":45.0},"faces":{"north":{"uv":[0.0,0.0,16.0,16.0],"texture":"#2"},"east":{"uv":[0.0,0.0,16.0,16.0],"texture":"#2"},"south":{"uv":[0.0,0.0,16.0,16.0],"texture":"#2"},"west":{"uv":[0.0,0.0,16.0,16.0],"texture":"#2"},"up":{"uv":[0.0,0.0,16.0,16.0],"texture":"#2"},"down":{"uv":[0.0,0.0,16.0,16.0],"texture":"#2"}}}],"textures":{"particle":"infinitecrops:87385e4e-2044-4eb8-a90c-80034871b5ee","1":"infinitecrops:e922fa35-3275-44f5-8718-27ae982ef5cc","2":"infinitecrops:87385e4e-2044-4eb8-a90c-80034871b5ee"},"gui_light":"front"}