{"display":{"thirdperson_righthand":{"rotation":[0.0,-180.0,0.0],"translation":[0.0,2.75,0.75],"scale":[0.4,0.4,0.4]},"gui":{"rotation":[23.71,1.4,3.22]},"fixed":{"rotation":[-90.0,0.0,0.0],"translation":[0.0,0.0,-19.0],"scale":[2.5,2.5,2.5]},"thirdperson_lefthand":{"translation":[0.0,2.75,0.75],"scale":[0.4,0.4,0.4]},"firstperson_righthand":{"rotation":[0.0,140.0,0.0],"translation":[3.5,2.5,0.0],"scale":[0.4,0.4,0.4]},"firstperson_lefthand":{"rotation":[0.0,-44.0,0.0],"translation":[-1.0,4.25,2.75],"scale":[0.4,0.4,0.4]},"ground":{"translation":[0.0,2.0,0.0],"scale":[0.5,0.5,0.5]}},"elements":[{"from":[-0.37,0.0,8.0],"to":[16.37,16.74,8.0],"rotation":{"origin":[8.0,8.37,8.0],"axis":"y","angle":-45.0},"faces":{"north":{"uv":[0.0,0.0,16.0,16.0],"texture":"#1"},"east":{"uv":[0.0,0.0,0.0,16.0],"texture":"#1"},"south":{"uv":[0.0,0.0,16.0,16.0],"texture":"#1"},"west":{"uv":[0.0,0.0,0.0,16.0],"texture":"#1"},"up":{"uv":[0.0,0.0,16.0,0.0],"texture":"#1"},"down":{"uv":[0.0,0.0,16.0,0.0],"texture":"#1"}}},{"from":[8.0,0.0,-0.37],"to":[8.0,16.74,16.37],"rotation":{"origin":[8.0,8.37,8.0],"axis":"y","angle":-45.0},"faces":{"north":{"uv":[0.0,0.0,0.0,16.0],"texture":"#1"},"east":{"uv":[0.0,0.0,16.0,16.0],"texture":"#1"},"south":{"uv":[0.0,0.0,0.0,16.0],"texture":"#1"},"west":{"uv":[0.0,0.0,16.0,16.0],"texture":"#1"},"up":{"uv":[0.0,0.0,16.0,0.0],"texture":"#1","rotation":270},"down":{"uv":[0.0,0.0,16.0,0.0],"texture":"#1","rotation":90}}},{"from":[11.00123,-0.03551,5.18],"to":[11.00123,4.04449,10.76],"rotation":{"origin":[10.34123,1.88449,7.97],"axis":"z","angle":-45.0},"faces":{"north":{"uv":[16.0,0.0,0.0,16.0],"texture":"#3"},"east":{"uv":[16.0,0.0,0.0,16.0],"texture":"#3"},"south":{"uv":[16.0,0.0,0.0,16.0],"texture":"#3"},"west":{"uv":[16.0,0.0,0.0,16.0],"texture":"#3"},"up":{"uv":[16.0,0.0,0.0,16.0],"texture":"#3"},"down":{"uv":[16.0,0.0,0.0,16.0],"texture":"#3"}}},{"from":[5.18,0.78344,7.07079],"to":[10.64,4.86344,7.07079],"rotation":{"origin":[6.83,-0.29656,7.73079],"axis":"x","angle":-45.0},"faces":{"north":{"uv":[0.0,0.0,16.0,16.0],"texture":"#3"},"east":{"uv":[0.0,0.0,16.0,16.0],"texture":"#3"},"south":{"uv":[0.0,0.0,16.0,16.0],"texture":"#3"},"west":{"uv":[0.0,0.0,16.0,16.0],"texture":"#3"},"up":{"uv":[0.0,0.0,16.0,16.0],"texture":"#3","rotation":90},"down":{"uv":[0.0,0.0,16.0,16.0],"texture":"#3","rotation":270}}},{"from":[5.18,0.78344,8.92921],"to":[10.64,4.86344,8.92921],"rotation":{"origin":[6.83,-0.29656,8.26921],"axis":"x","angle":45.0},"faces":{"north":{"uv":[16.0,0.0,0.0,16.0],"texture":"#3"},"east":{"uv":[16.0,0.0,0.0,16.0],"texture":"#3"},"south":{"uv":[16.0,0.0,0.0,16.0],"texture":"#3"},"west":{"uv":[16.0,0.0,0.0,16.0],"texture":"#3"},"up":{"uv":[16.0,0.0,0.0,16.0],"texture":"#3","rotation":90},"down":{"uv":[16.0,0.0,0.0,16.0],"texture":"#3","rotation":270}}},{"from":[4.93877,0.02449,5.18],"to":[4.93877,4.10449,10.76],"rotation":{"origin":[5.65877,1.88449,7.97],"axis":"z","angle":45.0},"faces":{"north":{"uv":[0.0,0.0,16.0,16.0],"texture":"#3"},"east":{"uv":[0.0,0.0,16.0,16.0],"texture":"#3"},"south":{"uv":[0.0,0.0,16.0,16.0],"texture":"#3"},"west":{"uv":[0.0,0.0,16.0,16.0],"texture":"#3"},"up":{"uv":[0.0,0.0,16.0,16.0],"texture":"#3"},"down":{"uv":[0.0,0.0,16.0,16.0],"texture":"#3"}}},{"from":[9.74853,-0.18419,6.144],"to":[9.74853,5.47981,9.808],"rotation":{"origin":[9.74853,1.76781,7.976],"axis":"z","angle":-22.5},"faces":{"north":{"uv":[16.0,0.0,0.0,16.0],"texture":"#2"},"east":{"uv":[16.0,0.0,0.0,16.0],"texture":"#2"},"south":{"uv":[16.0,0.0,0.0,16.0],"texture":"#2"},"west":{"uv":[16.0,0.0,0.0,16.0],"texture":"#2"},"up":{"uv":[16.0,0.0,0.0,16.0],"texture":"#2"},"down":{"uv":[16.0,0.0,0.0,16.0],"texture":"#2"}}},{"from":[6.25147,-0.18419,6.144],"to":[6.25147,5.47981,9.808],"rotation":{"origin":[6.25147,1.76781,7.976],"axis":"z","angle":22.5},"faces":{"north":{"uv":[0.0,0.0,16.0,16.0],"texture":"#2"},"east":{"uv":[0.0,0.0,16.0,16.0],"texture":"#2"},"south":{"uv":[0.0,0.0,16.0,16.0],"texture":"#2"},"west":{"uv":[0.0,0.0,16.0,16.0],"texture":"#2"},"up":{"uv":[0.0,0.0,16.0,16.0],"texture":"#2"},"down":{"uv":[0.0,0.0,16.0,16.0],"texture":"#2"}}},{"from":[6.17947,0.45581,6.456],"to":[9.84347,6.11981,6.456],"rotation":{"origin":[6.25147,1.76781,7.976],"axis":"x","angle":-22.5},"faces":{"north":{"uv":[0.0,0.0,16.0,16.0],"texture":"#2"},"east":{"uv":[0.0,0.0,16.0,16.0],"texture":"#2"},"south":{"uv":[0.0,0.0,16.0,16.0],"texture":"#2"},"west":{"uv":[0.0,0.0,16.0,16.0],"texture":"#2"},"up":{"uv":[0.0,0.0,16.0,16.0],"texture":"#2","rotation":90},"down":{"uv":[0.0,0.0,16.0,16.0],"texture":"#2","rotation":270}}},{"from":[6.17947,0.45581,9.544],"to":[9.84347,6.11981,9.544],"rotation":{"origin":[6.25147,1.76781,8.024],"axis":"x","angle":22.5},"faces":{"north":{"uv":[16.0,0.0,0.0,16.0],"texture":"#2"},"east":{"uv":[16.0,0.0,0.0,16.0],"texture":"#2"},"south":{"uv":[16.0,0.0,0.0,16.0],"texture":"#2"},"west":{"uv":[16.0,0.0,0.0,16.0],"texture":"#2"},"up":{"uv":[16.0,0.0,0.0,16.0],"texture":"#2","rotation":90},"down":{"uv":[16.0,0.0,0.0,16.0],"texture":"#2","rotation":270}}},{"from":[6.22498,0.44441,8.0234],"to":[9.79738,6.35681,8.0234],"rotation":{"origin":[8.01118,3.20561,8.3354],"axis":"y","angle":45.0},"faces":{"north":{"uv":[16.0,0.0,0.0,16.0],"texture":"#2"},"east":{"uv":[16.0,0.0,0.0,16.0],"texture":"#2"},"south":{"uv":[16.0,0.0,0.0,16.0],"texture":"#2"},"west":{"uv":[16.0,0.0,0.0,16.0],"texture":"#2"},"up":{"uv":[16.0,0.0,0.0,16.0],"texture":"#2","rotation":90},"down":{"uv":[16.0,0.0,0.0,16.0],"texture":"#2","rotation":270}}},{"from":[7.79056,0.44441,6.32858],"to":[7.79056,6.35681,9.90098],"rotation":{"origin":[7.79056,3.40061,8.11478],"axis":"y","angle":45.0},"faces":{"north":{"uv":[16.0,0.0,0.0,16.0],"texture":"#2"},"east":{"uv":[16.0,0.0,0.0,16.0],"texture":"#2"},"south":{"uv":[16.0,0.0,0.0,16.0],"texture":"#2"},"west":{"uv":[16.0,0.0,0.0,16.0],"texture":"#2"},"up":{"uv":[16.0,0.0,0.0,16.0],"texture":"#2"},"down":{"uv":[16.0,0.0,0.0,16.0],"texture":"#2"}}}],"textures":{"particle":"infinitecrops:01a415f6-e32f-4f1e-a70c-1716bae49f46","1":"infinitecrops:77d3cb7d-0cc2-48c2-ab8b-8d1877ca73f2","2":"infinitecrops:01a415f6-e32f-4f1e-a70c-1716bae49f46","3":"infinitecrops:d430e7dd-34f9-4996-a553-9b1a918a0967"},"gui_light":"front"}