{"display":{"thirdperson_righthand":{"rotation":[90.0,-75.0,0.0],"translation":[-3.25,-2.75,-10.0],"scale":[0.6,0.6,0.8]},"thirdperson_lefthand":{"rotation":[90.0,-75.0,0.0],"translation":[-3.0,-2.75,-10.0],"scale":[0.6,0.6,0.8]},"firstperson_righthand":{"rotation":[75.0,-75.0,0.0],"translation":[-2.25,-3.0,-7.25],"scale":[0.6,0.6,0.8]},"firstperson_lefthand":{"rotation":[75.0,-75.0,0.0],"translation":[-2.5,-1.25,-5.25],"scale":[0.6,0.6,0.8]},"ground":{"translation":[0.0,1.0,3.75],"scale":[0.6,0.6,0.8]},"gui":{"rotation":[19.0,-50.0,0.0],"translation":[-2.75,-3.5,0.0],"scale":[0.6,0.6,0.8]},"head":{"rotation":[0.0,90.0,0.0],"translation":[3.75,11.0,0.0],"scale":[0.6,0.6,0.8]},"fixed":{"rotation":[0.0,90.0,0.0],"translation":[3.25,-1.75,-1.25],"scale":[0.6,0.6,0.8]}},"elements":[{"from":[6.0,0.0,2.0],"to":[7.0,4.0,3.0],"rotation":{"origin":[6.0,0.0,2.0],"axis":"y","angle":0.0},"faces":{"north":{"uv":[6.0,3.0,6.5,5.0],"texture":"#2"},"east":{"uv":[4.0,6.0,4.5,8.0],"texture":"#2"},"south":{"uv":[4.5,6.0,5.0,8.0],"texture":"#2"},"west":{"uv":[5.0,6.0,5.5,8.0],"texture":"#2"},"up":{"uv":[7.5,8.5,7.0,8.0],"texture":"#2"},"down":{"uv":[8.5,7.0,8.0,7.5],"texture":"#2"}}},{"from":[9.0,0.0,2.0],"to":[10.0,4.0,3.0],"rotation":{"origin":[9.0,0.0,2.0],"axis":"y","angle":0.0},"faces":{"north":{"uv":[5.5,6.0,6.0,8.0],"texture":"#2"},"east":{"uv":[6.0,6.0,6.5,8.0],"texture":"#2"},"south":{"uv":[6.5,3.0,7.0,5.0],"texture":"#2"},"west":{"uv":[6.5,6.0,7.0,8.0],"texture":"#2"},"up":{"uv":[8.0,8.5,7.5,8.0],"texture":"#2"},"down":{"uv":[8.5,7.5,8.0,8.0],"texture":"#2"}}},{"from":[9.0,0.0,5.0],"to":[10.0,4.0,6.0],"rotation":{"origin":[9.0,0.0,5.0],"axis":"y","angle":0.0},"faces":{"north":{"uv":[7.0,0.0,7.5,2.0],"texture":"#2"},"east":{"uv":[7.0,2.0,7.5,4.0],"texture":"#2"},"south":{"uv":[7.0,6.0,7.5,8.0],"texture":"#2"},"west":{"uv":[7.5,0.0,8.0,2.0],"texture":"#2"},"up":{"uv":[8.5,8.5,8.0,8.0],"texture":"#2"},"down":{"uv":[9.0,0.0,8.5,0.5],"texture":"#2"}}},{"from":[6.0,0.0,5.0],"to":[7.0,4.0,6.0],"rotation":{"origin":[6.0,0.0,5.0],"axis":"y","angle":0.0},"faces":{"north":{"uv":[7.5,2.0,8.0,4.0],"texture":"#2"},"east":{"uv":[7.5,6.0,8.0,8.0],"texture":"#2"},"south":{"uv":[8.0,0.0,8.5,2.0],"texture":"#2"},"west":{"uv":[8.0,2.0,8.5,4.0],"texture":"#2"},"up":{"uv":[9.0,1.0,8.5,0.5],"texture":"#2"},"down":{"uv":[9.0,1.0,8.5,1.5],"texture":"#2"}}},{"from":[7.0,5.0,5.0],"to":[9.0,6.0,8.0],"rotation":{"origin":[7.0,5.0,5.0],"axis":"y","angle":0.0},"faces":{"north":{"uv":[5.0,8.0,6.0,8.5],"texture":"#2"},"east":{"uv":[8.0,4.0,9.5,4.5],"texture":"#2"},"south":{"uv":[6.0,8.0,7.0,8.5],"texture":"#2"},"west":{"uv":[8.0,4.5,9.5,5.0],"texture":"#2"},"up":{"uv":[7.0,1.5,6.0,0.0],"texture":"#2"},"down":{"uv":[7.0,1.5,6.0,3.0],"texture":"#2"}}},{"from":[7.0,3.0,3.0],"to":[9.0,24.0,5.0],"rotation":{"origin":[7.0,3.0,3.0],"axis":"y","angle":0.0},"faces":{"north":{"uv":[0.0,0.0,1.0,10.5],"texture":"#2"},"east":{"uv":[1.0,0.0,2.0,10.5],"texture":"#2"},"south":{"uv":[2.0,0.0,3.0,10.5],"texture":"#2"},"west":{"uv":[3.0,0.0,4.0,10.5],"texture":"#2"},"up":{"uv":[8.0,5.0,7.0,4.0],"texture":"#2"},"down":{"uv":[5.0,8.0,4.0,9.0],"texture":"#2"}}},{"from":[7.0,24.0,-1.0],"to":[9.0,25.0,9.0],"rotation":{"origin":[7.0,24.0,-1.0],"axis":"y","angle":0.0},"faces":{"north":{"uv":[8.0,6.0,9.0,6.5],"texture":"#2"},"east":{"uv":[4.0,5.0,9.0,5.5],"texture":"#2"},"south":{"uv":[8.0,6.5,9.0,7.0],"texture":"#2"},"west":{"uv":[4.0,5.5,9.0,6.0],"texture":"#2"},"up":{"uv":[5.0,5.0,4.0,0.0],"texture":"#2"},"down":{"uv":[6.0,0.0,5.0,5.0],"texture":"#2"}}}],"textures":{"2":"infinitecrops:f8da30fe-07be-4007-95df-2e4c99a95533"}}