{"parent":"item/generated","display":{"thirdperson_righthand":{"translation":[0.0,0.75,0.0],"scale":[0.7,0.7,0.5]},"thirdperson_lefthand":{"translation":[0.0,0.75,0.0],"scale":[0.7,0.7,0.5]},"ground":{"translation":[0.0,2.5,0.0],"scale":[0.7,0.7,0.5]},"gui":{"translation":[0.25,-0.25,0.0],"scale":[1.2,1.1,1.0]},"fixed":{"scale":[1.5,1.3,1.0]},"firstperson_righthand":{"rotation":[0.0,0.0,25.0],"translation":[3.75,1.5,0.5],"scale":[0.6,0.6,0.5]},"firstperson_lefthand":{"rotation":[0.0,0.0,25.0],"translation":[3.75,1.5,0.5],"scale":[0.6,0.6,0.5]}},"textures":{"layer0":"infinitecrops:9d21868f-cebd-44e1-b5e8-633e9e40b529"}}