{"display":{"thirdperson_righthand":{"rotation":[90.0,0.0,0.0],"translation":[-1.25,3.25,2.75],"scale":[0.4,0.3,0.5]},"thirdperson_lefthand":{"rotation":[90.0,0.0,0.0],"translation":[1.25,2.75,2.5],"scale":[0.4,0.3,0.5]},"firstperson_righthand":{"rotation":[45.0,0.0,0.0],"translation":[3.0,4.0,0.0],"scale":[0.3,0.4,0.5]},"firstperson_lefthand":{"rotation":[0.0,0.0,-45.0],"translation":[4.0,3.0,0.0],"scale":[0.3,0.4,0.5]},"ground":{"translation":[0.0,1.75,0.0],"scale":[0.3,0.4,0.5]},"gui":{"rotation":[90.0,0.0,180.0],"translation":[2.0,-0.5,0.0]},"head":{"scale":[0.0,0.0,0.0]},"fixed":{"rotation":[90.0,0.0,180.0],"translation":[2.0,0.0,-8.0]}},"elements":[{"from":[7.0,0.0,0.0],"to":[8.0,1.0,2.0],"rotation":{"origin":[7.0,0.0,0.0],"axis":"y","angle":0.0},"faces":{"north":{"uv":[11.0,7.0,12.0,8.0],"texture":"#0"},"east":{"uv":[0.0,10.0,2.0,11.0],"texture":"#0"},"south":{"uv":[10.0,11.0,11.0,12.0],"texture":"#0"},"west":{"uv":[5.0,10.0,7.0,11.0],"texture":"#0"},"up":{"uv":[3.0,12.0,2.0,10.0],"texture":"#0"},"down":{"uv":[11.0,6.0,10.0,8.0],"texture":"#0"}}},{"from":[8.0,0.0,2.0],"to":[9.0,1.0,4.0],"rotation":{"origin":[8.0,0.0,2.0],"axis":"y","angle":0.0},"faces":{"north":{"uv":[11.0,11.0,12.0,12.0],"texture":"#0"},"east":{"uv":[7.0,10.0,9.0,11.0],"texture":"#0"},"south":{"uv":[0.0,12.0,1.0,13.0],"texture":"#0"},"west":{"uv":[10.0,8.0,12.0,9.0],"texture":"#0"},"up":{"uv":[10.0,12.0,9.0,10.0],"texture":"#0"},"down":{"uv":[11.0,9.0,10.0,11.0],"texture":"#0"}}},{"from":[9.0,0.0,4.0],"to":[10.0,1.0,9.0],"rotation":{"origin":[9.0,0.0,4.0],"axis":"y","angle":0.0},"faces":{"north":{"uv":[1.0,12.0,2.0,13.0],"texture":"#0"},"east":{"uv":[6.0,4.0,11.0,5.0],"texture":"#0"},"south":{"uv":[12.0,1.0,13.0,2.0],"texture":"#0"},"west":{"uv":[6.0,5.0,11.0,6.0],"texture":"#0"},"up":{"uv":[4.0,11.0,3.0,6.0],"texture":"#0"},"down":{"uv":[5.0,6.0,4.0,11.0],"texture":"#0"}}},{"from":[10.0,0.0,9.0],"to":[11.0,1.0,11.0],"rotation":{"origin":[10.0,0.0,9.0],"axis":"y","angle":0.0},"faces":{"north":{"uv":[2.0,12.0,3.0,13.0],"texture":"#0"},"east":{"uv":[0.0,11.0,2.0,12.0],"texture":"#0"},"south":{"uv":[12.0,2.0,13.0,3.0],"texture":"#0"},"west":{"uv":[11.0,0.0,13.0,1.0],"texture":"#0"},"up":{"uv":[12.0,3.0,11.0,1.0],"texture":"#0"},"down":{"uv":[4.0,11.0,3.0,13.0],"texture":"#0"}}},{"from":[10.0,1.0,10.0],"to":[12.0,2.0,12.0],"rotation":{"origin":[10.0,1.0,10.0],"axis":"y","angle":0.0},"faces":{"north":{"uv":[11.0,3.0,13.0,4.0],"texture":"#0"},"east":{"uv":[4.0,11.0,6.0,12.0],"texture":"#0"},"south":{"uv":[11.0,4.0,13.0,5.0],"texture":"#0"},"west":{"uv":[11.0,5.0,13.0,6.0],"texture":"#0"},"up":{"uv":[8.0,8.0,6.0,6.0],"texture":"#0"},"down":{"uv":[8.0,8.0,6.0,10.0],"texture":"#0"}}},{"from":[10.0,0.0,12.0],"to":[12.0,2.0,15.0],"rotation":{"origin":[10.0,0.0,12.0],"axis":"y","angle":0.0},"faces":{"north":{"uv":[8.0,6.0,10.0,8.0],"texture":"#0"},"east":{"uv":[0.0,0.0,3.0,2.0],"texture":"#0"},"south":{"uv":[8.0,8.0,10.0,10.0],"texture":"#0"},"west":{"uv":[0.0,2.0,3.0,4.0],"texture":"#0"},"up":{"uv":[5.0,3.0,3.0,0.0],"texture":"#0"},"down":{"uv":[5.0,3.0,3.0,6.0],"texture":"#0"}}},{"from":[8.0,0.0,1.0],"to":[9.0,1.0,2.0],"rotation":{"origin":[8.0,0.0,1.0],"axis":"y","angle":0.0},"faces":{"north":{"uv":[4.0,12.0,5.0,13.0],"texture":"#0"},"east":{"uv":[5.0,12.0,6.0,13.0],"texture":"#0"},"south":{"uv":[6.0,12.0,7.0,13.0],"texture":"#0"},"west":{"uv":[7.0,12.0,8.0,13.0],"texture":"#0"},"up":{"uv":[13.0,8.0,12.0,7.0],"texture":"#0"},"down":{"uv":[13.0,8.0,12.0,9.0],"texture":"#0"}}},{"from":[9.0,0.0,2.0],"to":[10.0,1.0,4.0],"rotation":{"origin":[9.0,0.0,2.0],"axis":"y","angle":0.0},"faces":{"north":{"uv":[9.0,12.0,10.0,13.0],"texture":"#0"},"east":{"uv":[6.0,11.0,8.0,12.0],"texture":"#0"},"south":{"uv":[12.0,9.0,13.0,10.0],"texture":"#0"},"west":{"uv":[11.0,6.0,13.0,7.0],"texture":"#0"},"up":{"uv":[9.0,13.0,8.0,11.0],"texture":"#0"},"down":{"uv":[12.0,9.0,11.0,11.0],"texture":"#0"}}},{"from":[10.0,0.0,3.0],"to":[11.0,1.0,9.0],"rotation":{"origin":[10.0,0.0,3.0],"axis":"y","angle":0.0},"faces":{"north":{"uv":[10.0,12.0,11.0,13.0],"texture":"#0"},"east":{"uv":[5.0,0.0,11.0,1.0],"texture":"#0"},"south":{"uv":[12.0,10.0,13.0,11.0],"texture":"#0"},"west":{"uv":[5.0,1.0,11.0,2.0],"texture":"#0"},"up":{"uv":[1.0,10.0,0.0,4.0],"texture":"#0"},"down":{"uv":[2.0,4.0,1.0,10.0],"texture":"#0"}}},{"from":[11.0,0.0,5.0],"to":[12.0,1.0,11.0],"rotation":{"origin":[11.0,0.0,5.0],"axis":"y","angle":0.0},"faces":{"north":{"uv":[11.0,12.0,12.0,13.0],"texture":"#0"},"east":{"uv":[5.0,2.0,11.0,3.0],"texture":"#0"},"south":{"uv":[12.0,11.0,13.0,12.0],"texture":"#0"},"west":{"uv":[5.0,3.0,11.0,4.0],"texture":"#0"},"up":{"uv":[3.0,10.0,2.0,4.0],"texture":"#0"},"down":{"uv":[6.0,4.0,5.0,10.0],"texture":"#0"}}},{"from":[6.0,0.0,0.0],"to":[7.0,1.0,1.0],"rotation":{"origin":[6.0,0.0,0.0],"axis":"y","angle":0.0},"faces":{"north":{"uv":[12.0,12.0,13.0,13.0],"texture":"#0"},"east":{"uv":[0.0,13.0,1.0,14.0],"texture":"#0"},"south":{"uv":[13.0,0.0,14.0,1.0],"texture":"#0"},"west":{"uv":[1.0,13.0,2.0,14.0],"texture":"#0"},"up":{"uv":[14.0,2.0,13.0,1.0],"texture":"#0"},"down":{"uv":[3.0,13.0,2.0,14.0],"texture":"#0"}}}],"textures":{"0":"infinitecrops:3700aaa6-bb07-4d0a-a5d8-375b48d07407"}}