{"display":{"gui":{"rotation":[22.59,12.73,-5.25],"translation":[-0.75,0.5,0.0]},"fixed":{"rotation":[-90.0,0.0,0.0],"translation":[-0.25,-0.75,-19.0],"scale":[2.5,2.5,2.5]},"thirdperson_righthand":{"rotation":[0.0,-180.0,0.0],"translation":[0.0,2.75,0.75],"scale":[0.4,0.4,0.4]},"thirdperson_lefthand":{"translation":[0.0,2.75,0.75],"scale":[0.4,0.4,0.4]},"firstperson_righthand":{"rotation":[0.0,140.0,0.0],"translation":[3.5,2.5,0.0],"scale":[0.4,0.4,0.4]},"firstperson_lefthand":{"rotation":[0.0,-44.0,0.0],"translation":[-1.0,4.25,2.75],"scale":[0.4,0.4,0.4]},"ground":{"translation":[0.0,2.0,0.0],"scale":[0.5,0.5,0.5]}},"elements":[{"from":[0.0,0.8,8.0],"to":[18.0,18.8,8.0],"rotation":{"origin":[8.0,9.0,8.0],"axis":"y","angle":-45.0},"faces":{"north":{"uv":[0.0,0.0,16.0,16.0],"texture":"#0"},"east":{"uv":[0.0,0.0,0.0,16.0],"texture":"#0"},"south":{"uv":[16.0,0.0,0.0,16.0],"texture":"#0"},"west":{"uv":[0.0,0.0,0.0,16.0],"texture":"#0"},"up":{"uv":[0.0,0.0,16.0,0.0],"texture":"#0"},"down":{"uv":[0.0,0.0,16.0,0.0],"texture":"#0"}}},{"from":[8.0,0.8,-1.0],"to":[8.0,18.8,17.0],"rotation":{"origin":[8.0,9.0,8.0],"axis":"y","angle":-45.0},"faces":{"north":{"uv":[0.0,0.0,0.0,16.0],"texture":"#0"},"east":{"uv":[16.0,0.0,0.0,16.0],"texture":"#0"},"south":{"uv":[0.0,0.0,0.0,16.0],"texture":"#0"},"west":{"uv":[0.0,0.0,16.0,16.0],"texture":"#0"},"up":{"uv":[0.0,0.0,16.0,0.0],"texture":"#0","rotation":270},"down":{"uv":[0.0,0.0,16.0,0.0],"texture":"#0","rotation":90}}},{"from":[3.2,0.0,4.7],"to":[4.4,0.9,5.8],"rotation":{"origin":[9.0,1.0,1.0],"axis":"y","angle":45.0},"faces":{"north":{"uv":[0.0,0.0,10.03333,4.94666],"texture":"#1"},"east":{"uv":[0.0,0.0,10.03333,4.94666],"texture":"#1"},"south":{"uv":[0.0,0.0,10.03333,4.94666],"texture":"#1"},"west":{"uv":[0.0,0.0,10.03333,4.94666],"texture":"#1"},"up":{"uv":[0.0,0.0,10.03333,4.94666],"texture":"#1"},"down":{"uv":[0.0,0.0,10.03333,4.94666],"texture":"#1"}}},{"from":[6.8,0.0,4.7],"to":[8.0,0.9,5.8],"rotation":{"origin":[9.0,1.0,1.0],"axis":"y","angle":45.0},"faces":{"north":{"uv":[0.0,0.0,10.03333,4.94666],"texture":"#1"},"east":{"uv":[0.0,0.0,10.03333,4.94666],"texture":"#1"},"south":{"uv":[0.0,0.0,10.03333,4.94666],"texture":"#1"},"west":{"uv":[0.0,0.0,10.03333,4.94666],"texture":"#1"},"up":{"uv":[0.0,0.0,10.03333,4.94666],"texture":"#1"},"down":{"uv":[0.0,0.0,10.03333,4.94666],"texture":"#1"}}},{"from":[5.0,0.0,4.7],"to":[6.2,0.9,5.8],"rotation":{"origin":[9.0,1.0,1.0],"axis":"y","angle":45.0},"faces":{"north":{"uv":[0.0,0.0,10.03333,4.94666],"texture":"#1"},"east":{"uv":[0.0,0.0,10.03333,4.94666],"texture":"#1"},"south":{"uv":[0.0,0.0,10.03333,4.94666],"texture":"#1"},"west":{"uv":[0.0,0.0,10.03333,4.94666],"texture":"#1"},"up":{"uv":[0.0,0.0,10.03333,4.94666],"texture":"#1"},"down":{"uv":[0.0,0.0,10.03333,4.94666],"texture":"#1"}}},{"from":[-1.3,0.0,4.7],"to":[-0.1,0.9,5.8],"rotation":{"origin":[9.0,1.0,1.0],"axis":"y","angle":45.0},"faces":{"north":{"uv":[0.0,0.0,10.03333,4.94666],"texture":"#1"},"east":{"uv":[0.0,0.0,10.03333,4.94666],"texture":"#1"},"south":{"uv":[0.0,0.0,10.03333,4.94666],"texture":"#1"},"west":{"uv":[0.0,0.0,10.03333,4.94666],"texture":"#1"},"up":{"uv":[0.0,0.0,10.03333,4.94666],"texture":"#1"},"down":{"uv":[0.0,0.0,10.03333,4.94666],"texture":"#1"}}},{"from":[0.5,0.0,4.7],"to":[1.7,0.9,5.8],"rotation":{"origin":[9.0,1.0,1.0],"axis":"y","angle":45.0},"faces":{"north":{"uv":[0.0,0.0,10.03333,4.94666],"texture":"#1"},"east":{"uv":[0.0,0.0,10.03333,4.94666],"texture":"#1"},"south":{"uv":[0.0,0.0,10.03333,4.94666],"texture":"#1"},"west":{"uv":[0.0,0.0,10.03333,4.94666],"texture":"#1"},"up":{"uv":[0.0,0.0,10.03333,4.94666],"texture":"#1"},"down":{"uv":[0.0,0.0,10.03333,4.94666],"texture":"#1"}}},{"from":[2.9,0.0,1.6],"to":[3.9,0.9,2.8],"rotation":{"origin":[9.0,1.0,1.0],"axis":"y","angle":45.0},"faces":{"north":{"uv":[0.0,0.0,10.03333,4.94666],"texture":"#1"},"east":{"uv":[0.0,0.0,10.03333,4.94666],"texture":"#1"},"south":{"uv":[0.0,0.0,10.03333,4.94666],"texture":"#1"},"west":{"uv":[0.0,0.0,10.03333,4.94666],"texture":"#1"},"up":{"uv":[0.0,0.0,10.03333,4.94666],"texture":"#1"},"down":{"uv":[0.0,0.0,10.03333,4.94666],"texture":"#1"}}},{"from":[2.9,0.0,3.4],"to":[3.9,0.9,4.6],"rotation":{"origin":[9.0,1.0,1.0],"axis":"y","angle":45.0},"faces":{"north":{"uv":[0.0,0.0,10.03333,4.94666],"texture":"#1"},"east":{"uv":[0.0,0.0,10.03333,4.94666],"texture":"#1"},"south":{"uv":[0.0,0.0,10.03333,4.94666],"texture":"#1"},"west":{"uv":[0.0,0.0,10.03333,4.94666],"texture":"#1"},"up":{"uv":[0.0,0.0,10.03333,4.94666],"texture":"#1"},"down":{"uv":[0.0,0.0,10.03333,4.94666],"texture":"#1"}}},{"from":[2.9,0.0,6.1],"to":[3.9,0.9,7.3],"rotation":{"origin":[9.0,1.0,1.0],"axis":"y","angle":45.0},"faces":{"north":{"uv":[0.0,0.0,10.03333,4.94666],"texture":"#1"},"east":{"uv":[0.0,0.0,10.03333,4.94666],"texture":"#1"},"south":{"uv":[0.0,0.0,10.03333,4.94666],"texture":"#1"},"west":{"uv":[0.0,0.0,10.03333,4.94666],"texture":"#1"},"up":{"uv":[0.0,0.0,10.03333,4.94666],"texture":"#1"},"down":{"uv":[0.0,0.0,10.03333,4.94666],"texture":"#1"}}},{"from":[2.9,0.0,7.9],"to":[3.9,0.9,9.1],"rotation":{"origin":[9.0,1.0,1.0],"axis":"y","angle":45.0},"faces":{"north":{"uv":[0.0,0.0,10.03333,4.94666],"texture":"#1"},"east":{"uv":[0.0,0.0,10.03333,4.94666],"texture":"#1"},"south":{"uv":[0.0,0.0,10.03333,4.94666],"texture":"#1"},"west":{"uv":[0.0,0.0,10.03333,4.94666],"texture":"#1"},"up":{"uv":[0.0,0.0,10.03333,4.94666],"texture":"#1"},"down":{"uv":[0.0,0.0,10.03333,4.94666],"texture":"#1"}}},{"from":[2.9,0.0,9.7],"to":[3.9,0.9,10.9],"rotation":{"origin":[9.0,1.0,1.0],"axis":"y","angle":45.0},"faces":{"north":{"uv":[0.0,0.0,10.03333,4.94666],"texture":"#1"},"east":{"uv":[0.0,0.0,10.03333,4.94666],"texture":"#1"},"south":{"uv":[0.0,0.0,10.03333,4.94666],"texture":"#1"},"west":{"uv":[0.0,0.0,10.03333,4.94666],"texture":"#1"},"up":{"uv":[0.0,0.0,10.03333,4.94666],"texture":"#1"},"down":{"uv":[0.0,0.0,10.03333,4.94666],"texture":"#1"}}}],"textures":{"particle":"infinitecrops:878ab5e9-4a8f-4c5c-a45f-2cb9568daa16","0":"infinitecrops:878ab5e9-4a8f-4c5c-a45f-2cb9568daa16","1":"infinitecrops:652ea4f2-1104-4e39-83a6-35bcd1d67046"},"gui_light":"front"}