{"display":{"gui":{"rotation":[15.61,19.95,-3.38],"translation":[0.0,-2.75,0.0],"scale":[0.5,0.5,0.5]},"fixed":{"rotation":[-90.0,0.0,0.0],"translation":[0.0,0.0,-14.0],"scale":[2.0,2.0,2.0]},"thirdperson_righthand":{"rotation":[0.0,-180.0,0.0],"translation":[0.0,2.75,0.75],"scale":[0.4,0.4,0.4]},"thirdperson_lefthand":{"translation":[0.0,2.75,0.75],"scale":[0.4,0.4,0.4]},"firstperson_righthand":{"rotation":[0.0,140.0,0.0],"translation":[3.5,2.5,0.0],"scale":[0.4,0.4,0.4]},"firstperson_lefthand":{"rotation":[0.0,-44.0,0.0],"translation":[-1.0,4.25,2.75],"scale":[0.4,0.4,0.4]},"ground":{"translation":[0.0,2.0,0.0],"scale":[0.5,0.5,0.5]}},"elements":[{"from":[15.0,0.0,0.0],"to":[16.0,29.0,1.0],"faces":{"north":{"uv":[0.0,0.0,1.0,16.0],"texture":"#2"},"east":{"uv":[0.0,0.0,1.0,16.0],"texture":"#2"},"south":{"uv":[0.0,0.0,1.0,16.0],"texture":"#2"},"west":{"uv":[0.0,0.0,1.0,16.0],"texture":"#2"},"up":{"uv":[0.0,0.0,1.0,1.0],"texture":"#2"},"down":{"uv":[0.0,0.0,1.0,1.0],"texture":"#2"}}},{"from":[15.0,0.0,15.0],"to":[16.0,29.0,16.0],"faces":{"north":{"uv":[0.0,0.0,1.0,16.0],"texture":"#2"},"east":{"uv":[0.0,0.0,1.0,16.0],"texture":"#2"},"south":{"uv":[0.0,0.0,1.0,16.0],"texture":"#2"},"west":{"uv":[0.0,0.0,1.0,16.0],"texture":"#2"},"up":{"uv":[0.0,0.0,1.0,1.0],"texture":"#2"},"down":{"uv":[0.0,0.0,1.0,1.0],"texture":"#2"}}},{"from":[0.0,0.0,15.0],"to":[1.0,29.0,16.0],"faces":{"north":{"uv":[0.0,0.0,1.0,16.0],"texture":"#2"},"east":{"uv":[0.0,0.0,1.0,16.0],"texture":"#2"},"south":{"uv":[0.0,0.0,1.0,16.0],"texture":"#2"},"west":{"uv":[0.0,0.0,1.0,16.0],"texture":"#2"},"up":{"uv":[0.0,0.0,1.0,1.0],"texture":"#2"},"down":{"texture":"#2"}}},{"from":[0.0,0.0,0.0],"to":[1.0,29.0,1.0],"faces":{"north":{"uv":[0.0,0.0,1.0,16.0],"texture":"#2"},"east":{"uv":[0.0,0.0,1.0,16.0],"texture":"#2"},"south":{"uv":[0.0,0.0,1.0,16.0],"texture":"#2"},"west":{"uv":[0.0,0.0,1.0,16.0],"texture":"#2"},"up":{"texture":"#2"},"down":{"uv":[0.0,0.0,1.0,1.0],"texture":"#2"}}},{"from":[-2.1,25.0,0.0],"to":[17.9,26.0,1.0],"faces":{"north":{"uv":[8.0,0.0,8.8,5.6],"texture":"#2","rotation":90},"east":{"uv":[8.0,0.0,8.8,0.8],"texture":"#2","rotation":90},"south":{"uv":[8.0,5.6,8.8,0.0],"texture":"#2","rotation":90},"west":{"uv":[8.0,0.0,8.8,0.8],"texture":"#2","rotation":90},"up":{"uv":[8.8,5.6,8.0,0.0],"texture":"#2","rotation":90},"down":{"uv":[8.0,5.6,8.8,0.0],"texture":"#2","rotation":90}}},{"from":[-2.0,25.0,15.0],"to":[18.0,26.0,16.0],"faces":{"north":{"uv":[8.0,0.0,8.8,5.6],"texture":"#2","rotation":90},"east":{"uv":[8.0,0.0,8.8,0.8],"texture":"#2","rotation":90},"south":{"uv":[8.0,5.6,8.8,0.0],"texture":"#2","rotation":90},"west":{"uv":[8.0,0.0,8.8,0.8],"texture":"#2","rotation":90},"up":{"uv":[8.8,5.6,8.0,0.0],"texture":"#2","rotation":90},"down":{"uv":[8.0,5.6,8.8,0.0],"texture":"#2","rotation":90}}},{"from":[15.0,25.0,-2.5],"to":[16.0,26.0,17.5],"rotation":{"origin":[8.0,25.5,7.5],"axis":"y","angle":0.0},"faces":{"north":{"uv":[8.0,0.0,8.8,0.8],"texture":"#2","rotation":90},"east":{"uv":[8.0,0.0,8.8,5.6],"texture":"#2","rotation":90},"south":{"uv":[8.0,0.0,8.8,0.8],"texture":"#2","rotation":90},"west":{"uv":[8.0,5.6,8.8,0.0],"texture":"#2","rotation":90},"up":{"uv":[8.8,5.6,8.0,0.0],"texture":"#2","rotation":180},"down":{"uv":[8.0,5.6,8.8,0.0],"texture":"#2"}}},{"from":[0.0,25.0,-2.5],"to":[1.0,26.0,17.5],"rotation":{"origin":[8.0,25.5,7.5],"axis":"y","angle":0.0},"faces":{"north":{"uv":[8.0,0.0,8.8,0.8],"texture":"#2","rotation":90},"east":{"uv":[8.0,0.0,8.8,5.6],"texture":"#2","rotation":90},"south":{"uv":[8.0,0.0,8.8,0.8],"texture":"#2","rotation":90},"west":{"uv":[8.0,5.6,8.8,0.0],"texture":"#2","rotation":90},"up":{"uv":[8.8,5.6,8.0,0.0],"texture":"#2","rotation":180},"down":{"uv":[8.0,5.6,8.8,0.0],"texture":"#2"}}},{"from":[-7.655,0.0,8.0],"to":[23.655,32.0,8.0],"rotation":{"origin":[8.0,6.06,8.0],"axis":"y","angle":45.0},"faces":{"north":{"uv":[0.0,0.0,16.0,16.0],"texture":"#1"},"east":{"uv":[0.0,0.0,16.0,16.0],"texture":"#1"},"south":{"uv":[0.0,0.0,16.0,16.0],"texture":"#1"},"west":{"uv":[0.0,0.0,16.0,16.0],"texture":"#1"},"up":{"uv":[0.0,0.0,16.0,16.0],"texture":"#1"},"down":{"uv":[0.0,0.0,16.0,16.0],"texture":"#1"}}},{"from":[7.85209,0.0,-8.01209],"to":[7.85209,32.0,23.29791],"rotation":{"origin":[8.35709,10.605,7.64291],"axis":"y","angle":45.0},"faces":{"north":{"uv":[0.0,0.0,16.0,16.0],"texture":"#1"},"east":{"uv":[0.0,0.0,16.0,16.0],"texture":"#1"},"south":{"uv":[0.0,0.0,16.0,16.0],"texture":"#1"},"west":{"uv":[0.0,0.0,16.0,16.0],"texture":"#1"},"up":{"uv":[0.0,0.0,16.0,16.0],"texture":"#1","rotation":270},"down":{"uv":[0.0,0.0,16.0,16.0],"texture":"#1","rotation":90}}},{"from":[2.445,19.0789,5.778],"to":[6.889,24.6339,5.778],"rotation":{"origin":[4.667,21.8564,5.778],"axis":"y","angle":45.0},"faces":{"north":{"uv":[0.0,0.0,16.0,16.0],"texture":"#3"},"east":{"uv":[0.0,0.0,16.0,16.0],"texture":"#3"},"south":{"uv":[0.0,0.0,16.0,16.0],"texture":"#3"},"west":{"uv":[0.0,0.0,16.0,16.0],"texture":"#3"},"up":{"uv":[0.0,0.0,16.0,16.0],"texture":"#3","rotation":270},"down":{"uv":[0.0,0.0,16.0,16.0],"texture":"#3","rotation":90}}},{"from":[2.445,19.0789,5.778],"to":[6.889,24.6339,5.778],"rotation":{"origin":[4.667,21.8564,5.778],"axis":"y","angle":-45.0},"faces":{"north":{"uv":[0.0,0.0,16.0,16.0],"texture":"#3"},"east":{"uv":[0.0,0.0,16.0,16.0],"texture":"#3"},"south":{"uv":[0.0,0.0,16.0,16.0],"texture":"#3"},"west":{"uv":[0.0,0.0,16.0,16.0],"texture":"#3"},"up":{"uv":[0.0,0.0,16.0,16.0],"texture":"#3","rotation":270},"down":{"uv":[0.0,0.0,16.0,16.0],"texture":"#3","rotation":90}}},{"from":[2.0006,7.4336,11.3835],"to":[6.4446,12.9886,11.3835],"rotation":{"origin":[4.2226,10.2111,11.3835],"axis":"y","angle":45.0},"faces":{"north":{"uv":[0.0,0.0,16.0,16.0],"texture":"#3"},"east":{"uv":[0.0,0.0,16.0,16.0],"texture":"#3"},"south":{"uv":[0.0,0.0,16.0,16.0],"texture":"#3"},"west":{"uv":[0.0,0.0,16.0,16.0],"texture":"#3"},"up":{"uv":[0.0,0.0,16.0,16.0],"texture":"#3","rotation":270},"down":{"uv":[0.0,0.0,16.0,16.0],"texture":"#3","rotation":90}}},{"from":[2.0006,7.4336,11.3835],"to":[6.4446,12.9886,11.3835],"rotation":{"origin":[4.2226,10.2111,11.3835],"axis":"y","angle":-45.0},"faces":{"north":{"uv":[0.0,0.0,16.0,16.0],"texture":"#3"},"east":{"uv":[0.0,0.0,16.0,16.0],"texture":"#3"},"south":{"uv":[0.0,0.0,16.0,16.0],"texture":"#3"},"west":{"uv":[0.0,0.0,16.0,16.0],"texture":"#3"},"up":{"uv":[0.0,0.0,16.0,16.0],"texture":"#3","rotation":270},"down":{"uv":[0.0,0.0,16.0,16.0],"texture":"#3","rotation":90}}},{"from":[10.3331,13.3017,3.556],"to":[14.7771,18.8567,3.556],"rotation":{"origin":[12.5551,16.0792,3.556],"axis":"y","angle":45.0},"faces":{"north":{"uv":[0.0,0.0,16.0,16.0],"texture":"#3"},"east":{"uv":[0.0,0.0,16.0,16.0],"texture":"#3"},"south":{"uv":[0.0,0.0,16.0,16.0],"texture":"#3"},"west":{"uv":[0.0,0.0,16.0,16.0],"texture":"#3"},"up":{"uv":[0.0,0.0,16.0,16.0],"texture":"#3","rotation":270},"down":{"uv":[0.0,0.0,16.0,16.0],"texture":"#3","rotation":90}}},{"from":[10.3331,13.3017,3.556],"to":[14.7771,18.8567,3.556],"rotation":{"origin":[12.5551,16.0792,3.556],"axis":"y","angle":-45.0},"faces":{"north":{"uv":[0.0,0.0,16.0,16.0],"texture":"#3"},"east":{"uv":[0.0,0.0,16.0,16.0],"texture":"#3"},"south":{"uv":[0.0,0.0,16.0,16.0],"texture":"#3"},"west":{"uv":[0.0,0.0,16.0,16.0],"texture":"#3"},"up":{"uv":[0.0,0.0,16.0,16.0],"texture":"#3","rotation":270},"down":{"uv":[0.0,0.0,16.0,16.0],"texture":"#3","rotation":90}}},{"from":[0.8896,6.4135,3.0005],"to":[5.3336,11.9685,3.0005],"rotation":{"origin":[3.1116,9.191,3.0005],"axis":"y","angle":45.0},"faces":{"north":{"uv":[0.0,0.0,16.0,16.0],"texture":"#3"},"east":{"uv":[0.0,0.0,16.0,16.0],"texture":"#3"},"south":{"uv":[0.0,0.0,16.0,16.0],"texture":"#3"},"west":{"uv":[0.0,0.0,16.0,16.0],"texture":"#3"},"up":{"uv":[0.0,0.0,16.0,16.0],"texture":"#3","rotation":270},"down":{"uv":[0.0,0.0,16.0,16.0],"texture":"#3","rotation":90}}},{"from":[0.8896,6.4135,3.0005],"to":[5.3336,11.9685,3.0005],"rotation":{"origin":[3.1116,9.191,3.0005],"axis":"y","angle":-45.0},"faces":{"north":{"uv":[0.0,0.0,16.0,16.0],"texture":"#3"},"east":{"uv":[0.0,0.0,16.0,16.0],"texture":"#3"},"south":{"uv":[0.0,0.0,16.0,16.0],"texture":"#3"},"west":{"uv":[0.0,0.0,16.0,16.0],"texture":"#3"},"up":{"uv":[0.0,0.0,16.0,16.0],"texture":"#3","rotation":270},"down":{"uv":[0.0,0.0,16.0,16.0],"texture":"#3","rotation":90}}}],"textures":{"particle":"infinitecrops:50f6d812-d4aa-4d9b-b55c-386929a828f9","1":"infinitecrops:c50859b5-27bb-4830-a541-34977d7d74a7","2":"infinitecrops:50f6d812-d4aa-4d9b-b55c-386929a828f9","3":"infinitecrops:b7626923-c00b-4828-affa-77344261b351"},"gui_light":"front"}