{"display":{"gui":{"rotation":[22.51,-26.93,10.89],"translation":[0.0,-1.0,0.0]},"fixed":{"rotation":[-90.0,0.0,0.0],"translation":[0.0,0.0,-15.0],"scale":[2.0,2.0,2.0]},"thirdperson_righthand":{"rotation":[0.0,-180.0,0.0],"translation":[0.0,2.75,0.75],"scale":[0.4,0.4,0.4]},"thirdperson_lefthand":{"translation":[0.0,2.75,0.75],"scale":[0.4,0.4,0.4]},"firstperson_righthand":{"rotation":[0.0,140.0,0.0],"translation":[3.5,2.5,0.0],"scale":[0.4,0.4,0.4]},"firstperson_lefthand":{"rotation":[0.0,-44.0,0.0],"translation":[-1.0,4.25,2.75],"scale":[0.4,0.4,0.4]},"ground":{"translation":[0.0,2.0,0.0],"scale":[0.5,0.5,0.5]}},"elements":[{"from":[7.92929,0.0,-0.48787],"to":[7.92929,16.0,16.31213],"rotation":{"origin":[7.92929,8.0,8.21213],"axis":"y","angle":0.0},"faces":{"north":{"uv":[2.5,3.5,13.5,16.0],"texture":"#1"},"east":{"uv":[2.5,3.5,13.5,16.0],"texture":"#1"},"south":{"uv":[2.5,3.5,13.5,16.0],"texture":"#1"},"west":{"uv":[2.5,3.5,13.5,16.0],"texture":"#1"},"up":{"uv":[2.5,3.5,13.5,16.0],"texture":"#1"},"down":{"uv":[2.5,3.5,13.5,16.0],"texture":"#1"}}},{"from":[-0.47071,0.0,7.91213],"to":[16.32929,16.0,7.91213],"rotation":{"origin":[7.92929,8.0,7.91213],"axis":"y","angle":0.0},"faces":{"north":{"uv":[2.5,3.5,13.5,16.0],"texture":"#1"},"east":{"uv":[2.5,3.5,13.5,16.0],"texture":"#1"},"south":{"uv":[2.5,3.5,13.5,16.0],"texture":"#1"},"west":{"uv":[2.5,3.5,13.5,16.0],"texture":"#1"},"up":{"uv":[2.5,3.5,13.5,16.0],"texture":"#1","rotation":270},"down":{"uv":[2.5,3.5,13.5,16.0],"texture":"#1","rotation":90}}},{"from":[7.5,0.0,7.4],"to":[8.5,15.0,8.4],"faces":{"north":{"uv":[0.0,0.0,1.0,15.0],"texture":"#3"},"east":{"uv":[0.0,0.0,1.0,15.0],"texture":"#3"},"south":{"uv":[0.0,0.0,1.0,15.0],"texture":"#3"},"west":{"uv":[0.0,0.0,1.0,15.0],"texture":"#3"},"up":{"uv":[0.0,0.0,1.0,1.0],"texture":"#3"},"down":{"uv":[0.0,0.0,1.0,1.0],"texture":"#3"}}}],"textures":{"particle":"infinitecrops:61142533-9a32-40c8-a155-e056f37c0e07","1":"infinitecrops:61142533-9a32-40c8-a155-e056f37c0e07","3":"infinitecrops:91a994b1-14d7-4616-9c4e-b48395b73fc0"},"gui_light":"front"}