{"display":{"thirdperson_righthand":{"rotation":[0.0,-180.0,0.0],"translation":[0.0,2.75,0.75],"scale":[0.4,0.4,0.4]},"gui":{"rotation":[10.12,15.75,-2.78]},"fixed":{"rotation":[-90.0,0.0,0.0],"translation":[0.0,0.0,-19.0],"scale":[2.5,2.5,2.5]},"thirdperson_lefthand":{"translation":[0.0,2.75,0.75],"scale":[0.4,0.4,0.4]},"firstperson_righthand":{"rotation":[0.0,140.0,0.0],"translation":[3.5,2.5,0.0],"scale":[0.4,0.4,0.4]},"firstperson_lefthand":{"rotation":[0.0,-44.0,0.0],"translation":[-1.0,4.25,2.75],"scale":[0.4,0.4,0.4]},"ground":{"translation":[0.0,2.0,0.0],"scale":[0.5,0.5,0.5]}},"elements":[{"from":[0.0,0.0,8.0],"to":[16.0,19.0,8.0],"rotation":{"origin":[8.0,9.0,8.0],"axis":"y","angle":-45.0},"faces":{"north":{"uv":[13.0,6.0,3.0,16.0],"texture":"#1"},"east":{"uv":[13.0,6.0,3.0,16.0],"texture":"#1"},"south":{"uv":[13.0,6.0,3.0,16.0],"texture":"#1"},"west":{"uv":[13.0,6.0,3.0,16.0],"texture":"#1"},"up":{"uv":[13.0,6.0,3.0,16.0],"texture":"#1"},"down":{"uv":[13.0,6.0,3.0,16.0],"texture":"#1"}}},{"from":[8.0,0.0,0.0],"to":[8.0,19.0,16.0],"rotation":{"origin":[8.0,9.0,8.0],"axis":"y","angle":-45.0},"faces":{"north":{"uv":[13.0,6.0,3.0,16.0],"texture":"#1"},"east":{"uv":[13.0,6.0,3.0,16.0],"texture":"#1"},"south":{"uv":[13.0,6.0,3.0,16.0],"texture":"#1"},"west":{"uv":[13.0,6.0,3.0,16.0],"texture":"#1"},"up":{"uv":[13.0,6.0,3.0,16.0],"texture":"#1"},"down":{"uv":[13.0,6.0,3.0,16.0],"texture":"#1"}}}],"textures":{"1":"infinitecrops:b8708214-a501-4856-a767-4a70d3ee182e"},"gui_light":"front"}