{"display":{"thirdperson_righthand":{"rotation":[90.0,45.0,0.0],"translation":[1.25,2.25,4.75],"scale":[0.5,0.5,0.5]},"thirdperson_lefthand":{"rotation":[90.0,45.0,180.0],"translation":[1.0,1.5,-3.0],"scale":[0.5,0.5,0.5]},"firstperson_righthand":{"rotation":[55.0,45.0,0.0],"translation":[7.5,1.5,0.0],"scale":[0.5,0.5,0.5]},"firstperson_lefthand":{"rotation":[55.0,45.0,180.0],"translation":[16.0,-7.0,-13.0],"scale":[0.5,0.5,0.5]},"ground":{"translation":[0.0,1.75,1.5],"scale":[0.5,0.5,0.5]},"gui":{"rotation":[90.0,0.0,0.0],"translation":[-1.0,-4.25,0.0],"scale":[0.8,0.8,0.8]},"head":{"scale":[0.0,0.0,0.0]},"fixed":{"rotation":[90.0,-45.0,-180.0],"translation":[-1.5,-3.0,-7.25],"scale":[0.9,0.9,0.9]}},"elements":[{"from":[8.0,0.0,-4.0],"to":[11.0,1.0,-3.0],"rotation":{"origin":[8.0,0.0,-4.0],"axis":"y","angle":0.0},"faces":{"north":{"uv":[1.5,0.0,3.0,0.5],"texture":"#0"},"east":{"uv":[9.0,7.0,9.5,7.5],"texture":"#0"},"south":{"uv":[1.5,0.5,3.0,1.0],"texture":"#0"},"west":{"uv":[8.0,9.0,8.5,9.5],"texture":"#0"},"up":{"uv":[3.0,1.5,1.5,1.0],"texture":"#0"},"down":{"uv":[3.0,1.5,1.5,2.0],"texture":"#0"}}},{"from":[11.0,0.0,-3.0],"to":[13.0,1.0,-2.0],"rotation":{"origin":[11.0,0.0,-3.0],"axis":"y","angle":0.0},"faces":{"north":{"uv":[6.0,1.0,7.0,1.5],"texture":"#0"},"east":{"uv":[8.5,9.0,9.0,9.5],"texture":"#0"},"south":{"uv":[1.5,6.0,2.5,6.5],"texture":"#0"},"west":{"uv":[9.0,8.5,9.5,9.0],"texture":"#0"},"up":{"uv":[7.0,2.0,6.0,1.5],"texture":"#0"},"down":{"uv":[7.0,2.0,6.0,2.5],"texture":"#0"}}},{"from":[13.0,0.0,-2.0],"to":[14.0,1.0,-1.0],"rotation":{"origin":[13.0,0.0,-2.0],"axis":"y","angle":0.0},"faces":{"north":{"uv":[9.0,9.0,9.5,9.5],"texture":"#0"},"east":{"uv":[0.0,9.5,0.5,10.0],"texture":"#0"},"south":{"uv":[0.5,9.5,1.0,10.0],"texture":"#0"},"west":{"uv":[1.0,9.5,1.5,10.0],"texture":"#0"},"up":{"uv":[10.0,1.5,9.5,1.0],"texture":"#0"},"down":{"uv":[2.0,9.5,1.5,10.0],"texture":"#0"}}},{"from":[14.0,0.0,-1.0],"to":[15.0,1.0,1.0],"rotation":{"origin":[14.0,0.0,-1.0],"axis":"y","angle":0.0},"faces":{"north":{"uv":[9.5,1.5,10.0,2.0],"texture":"#0"},"east":{"uv":[2.5,6.0,3.5,6.5],"texture":"#0"},"south":{"uv":[2.0,9.5,2.5,10.0],"texture":"#0"},"west":{"uv":[6.0,4.0,7.0,4.5],"texture":"#0"},"up":{"uv":[4.0,7.0,3.5,6.0],"texture":"#0"},"down":{"uv":[6.5,5.5,6.0,6.5],"texture":"#0"}}},{"from":[15.0,0.0,1.0],"to":[16.0,1.0,4.0],"rotation":{"origin":[15.0,0.0,1.0],"axis":"y","angle":0.0},"faces":{"north":{"uv":[2.5,9.5,3.0,10.0],"texture":"#0"},"east":{"uv":[0.0,2.0,1.5,2.5],"texture":"#0"},"south":{"uv":[9.5,2.5,10.0,3.0],"texture":"#0"},"west":{"uv":[1.5,2.0,3.0,2.5],"texture":"#0"},"up":{"uv":[0.5,4.0,0.0,2.5],"texture":"#0"},"down":{"uv":[1.0,2.5,0.5,4.0],"texture":"#0"}}},{"from":[14.0,0.0,4.0],"to":[15.0,1.0,6.0],"rotation":{"origin":[14.0,0.0,4.0],"axis":"y","angle":0.0},"faces":{"north":{"uv":[3.0,9.5,3.5,10.0],"texture":"#0"},"east":{"uv":[0.0,6.5,1.0,7.0],"texture":"#0"},"south":{"uv":[9.5,3.0,10.0,3.5],"texture":"#0"},"west":{"uv":[1.0,6.5,2.0,7.0],"texture":"#0"},"up":{"uv":[2.5,7.5,2.0,6.5],"texture":"#0"},"down":{"uv":[3.0,6.5,2.5,7.5],"texture":"#0"}}},{"from":[13.0,0.0,6.0],"to":[14.0,1.0,7.0],"rotation":{"origin":[13.0,0.0,6.0],"axis":"y","angle":0.0},"faces":{"north":{"uv":[3.5,9.5,4.0,10.0],"texture":"#0"},"east":{"uv":[4.0,9.5,4.5,10.0],"texture":"#0"},"south":{"uv":[4.5,9.5,5.0,10.0],"texture":"#0"},"west":{"uv":[5.0,9.5,5.5,10.0],"texture":"#0"},"up":{"uv":[10.0,5.5,9.5,5.0],"texture":"#0"},"down":{"uv":[6.0,9.5,5.5,10.0],"texture":"#0"}}},{"from":[11.0,0.0,7.0],"to":[13.0,1.0,8.0],"rotation":{"origin":[11.0,0.0,7.0],"axis":"y","angle":0.0},"faces":{"north":{"uv":[4.0,6.5,5.0,7.0],"texture":"#0"},"east":{"uv":[9.5,5.5,10.0,6.0],"texture":"#0"},"south":{"uv":[6.5,5.0,7.5,5.5],"texture":"#0"},"west":{"uv":[6.0,9.5,6.5,10.0],"texture":"#0"},"up":{"uv":[7.5,6.0,6.5,5.5],"texture":"#0"},"down":{"uv":[7.0,6.5,6.0,7.0],"texture":"#0"}}},{"from":[8.0,0.0,8.0],"to":[11.0,1.0,9.0],"rotation":{"origin":[8.0,0.0,8.0],"axis":"y","angle":0.0},"faces":{"north":{"uv":[1.0,2.5,2.5,3.0],"texture":"#0"},"east":{"uv":[9.5,6.0,10.0,6.5],"texture":"#0"},"south":{"uv":[2.5,2.5,4.0,3.0],"texture":"#0"},"west":{"uv":[6.5,9.5,7.0,10.0],"texture":"#0"},"up":{"uv":[4.5,0.5,3.0,0.0],"texture":"#0"},"down":{"uv":[4.5,0.5,3.0,1.0],"texture":"#0"}}},{"from":[6.0,0.0,7.0],"to":[8.0,1.0,8.0],"rotation":{"origin":[6.0,0.0,7.0],"axis":"y","angle":0.0},"faces":{"north":{"uv":[6.5,6.0,7.5,6.5],"texture":"#0"},"east":{"uv":[9.5,6.5,10.0,7.0],"texture":"#0"},"south":{"uv":[0.0,7.0,1.0,7.5],"texture":"#0"},"west":{"uv":[7.0,9.5,7.5,10.0],"texture":"#0"},"up":{"uv":[2.0,7.5,1.0,7.0],"texture":"#0"},"down":{"uv":[8.0,1.0,7.0,1.5],"texture":"#0"}}},{"from":[5.0,0.0,6.0],"to":[6.0,1.0,7.0],"rotation":{"origin":[5.0,0.0,6.0],"axis":"y","angle":0.0},"faces":{"north":{"uv":[9.5,7.0,10.0,7.5],"texture":"#0"},"east":{"uv":[7.5,9.5,8.0,10.0],"texture":"#0"},"south":{"uv":[9.5,7.5,10.0,8.0],"texture":"#0"},"west":{"uv":[8.0,9.5,8.5,10.0],"texture":"#0"},"up":{"uv":[10.0,8.5,9.5,8.0],"texture":"#0"},"down":{"uv":[9.0,9.5,8.5,10.0],"texture":"#0"}}},{"from":[4.0,0.0,7.0],"to":[6.0,1.0,8.0],"rotation":{"origin":[4.0,0.0,7.0],"axis":"y","angle":0.0},"faces":{"north":{"uv":[7.0,1.5,8.0,2.0],"texture":"#0"},"east":{"uv":[9.5,8.5,10.0,9.0],"texture":"#0"},"south":{"uv":[7.0,2.0,8.0,2.5],"texture":"#0"},"west":{"uv":[9.0,9.5,9.5,10.0],"texture":"#0"},"up":{"uv":[8.0,3.0,7.0,2.5],"texture":"#0"},"down":{"uv":[4.0,7.0,3.0,7.5],"texture":"#0"}}},{"from":[3.0,0.0,8.0],"to":[6.0,1.0,9.0],"rotation":{"origin":[3.0,0.0,8.0],"axis":"y","angle":0.0},"faces":{"north":{"uv":[1.0,3.0,2.5,3.5],"texture":"#0"},"east":{"uv":[9.5,9.0,10.0,9.5],"texture":"#0"},"south":{"uv":[3.0,1.0,4.5,1.5],"texture":"#0"},"west":{"uv":[9.5,9.5,10.0,10.0],"texture":"#0"},"up":{"uv":[4.5,2.0,3.0,1.5],"texture":"#0"},"down":{"uv":[4.5,2.0,3.0,2.5],"texture":"#0"}}},{"from":[2.0,0.0,9.0],"to":[5.0,1.0,10.0],"rotation":{"origin":[2.0,0.0,9.0],"axis":"y","angle":0.0},"faces":{"north":{"uv":[2.5,3.0,4.0,3.5],"texture":"#0"},"east":{"uv":[0.0,10.0,0.5,10.5],"texture":"#0"},"south":{"uv":[1.0,3.5,2.5,4.0],"texture":"#0"},"west":{"uv":[10.0,0.0,10.5,0.5],"texture":"#0"},"up":{"uv":[4.0,4.0,2.5,3.5],"texture":"#0"},"down":{"uv":[1.5,4.0,0.0,4.5],"texture":"#0"}}},{"from":[1.0,0.0,10.0],"to":[4.0,1.0,11.0],"rotation":{"origin":[1.0,0.0,10.0],"axis":"y","angle":0.0},"faces":{"north":{"uv":[1.5,4.0,3.0,4.5],"texture":"#0"},"east":{"uv":[0.5,10.0,1.0,10.5],"texture":"#0"},"south":{"uv":[4.0,2.5,5.5,3.0],"texture":"#0"},"west":{"uv":[10.0,0.5,10.5,1.0],"texture":"#0"},"up":{"uv":[4.5,4.5,3.0,4.0],"texture":"#0"},"down":{"uv":[5.5,3.0,4.0,3.5],"texture":"#0"}}},{"from":[2.0,0.0,11.0],"to":[3.0,1.0,12.0],"rotation":{"origin":[2.0,0.0,11.0],"axis":"y","angle":0.0},"faces":{"north":{"uv":[1.0,10.0,1.5,10.5],"texture":"#0"},"east":{"uv":[10.0,1.0,10.5,1.5],"texture":"#0"},"south":{"uv":[1.5,10.0,2.0,10.5],"texture":"#0"},"west":{"uv":[10.0,1.5,10.5,2.0],"texture":"#0"},"up":{"uv":[2.5,10.5,2.0,10.0],"texture":"#0"},"down":{"uv":[10.5,2.0,10.0,2.5],"texture":"#0"}}},{"from":[6.0,0.0,8.0],"to":[8.0,1.0,9.0],"rotation":{"origin":[6.0,0.0,8.0],"axis":"y","angle":0.0},"faces":{"north":{"uv":[7.0,3.0,8.0,3.5],"texture":"#0"},"east":{"uv":[2.5,10.0,3.0,10.5],"texture":"#0"},"south":{"uv":[7.0,3.5,8.0,4.0],"texture":"#0"},"west":{"uv":[10.0,2.5,10.5,3.0],"texture":"#0"},"up":{"uv":[5.0,7.5,4.0,7.0],"texture":"#0"},"down":{"uv":[8.0,4.0,7.0,4.5],"texture":"#0"}}},{"from":[8.0,0.0,9.0],"to":[11.0,1.0,10.0],"rotation":{"origin":[8.0,0.0,9.0],"axis":"y","angle":0.0},"faces":{"north":{"uv":[4.0,3.5,5.5,4.0],"texture":"#0"},"east":{"uv":[3.0,10.0,3.5,10.5],"texture":"#0"},"south":{"uv":[0.0,4.5,1.5,5.0],"texture":"#0"},"west":{"uv":[10.0,3.0,10.5,3.5],"texture":"#0"},"up":{"uv":[6.0,0.5,4.5,0.0],"texture":"#0"},"down":{"uv":[6.0,0.5,4.5,1.0],"texture":"#0"}}},{"from":[11.0,0.0,8.0],"to":[13.0,1.0,9.0],"rotation":{"origin":[11.0,0.0,8.0],"axis":"y","angle":0.0},"faces":{"north":{"uv":[7.0,4.5,8.0,5.0],"texture":"#0"},"east":{"uv":[3.5,10.0,4.0,10.5],"texture":"#0"},"south":{"uv":[5.0,7.0,6.0,7.5],"texture":"#0"},"west":{"uv":[10.0,3.5,10.5,4.0],"texture":"#0"},"up":{"uv":[7.0,7.5,6.0,7.0],"texture":"#0"},"down":{"uv":[8.0,6.5,7.0,7.0],"texture":"#0"}}},{"from":[13.0,0.0,7.0],"to":[14.0,1.0,8.0],"rotation":{"origin":[13.0,0.0,7.0],"axis":"y","angle":0.0},"faces":{"north":{"uv":[4.0,10.0,4.5,10.5],"texture":"#0"},"east":{"uv":[10.0,4.0,10.5,4.5],"texture":"#0"},"south":{"uv":[4.5,10.0,5.0,10.5],"texture":"#0"},"west":{"uv":[10.0,4.5,10.5,5.0],"texture":"#0"},"up":{"uv":[5.5,10.5,5.0,10.0],"texture":"#0"},"down":{"uv":[10.5,5.0,10.0,5.5],"texture":"#0"}}},{"from":[15.0,0.0,4.0],"to":[16.0,1.0,6.0],"rotation":{"origin":[15.0,0.0,4.0],"axis":"y","angle":0.0},"faces":{"north":{"uv":[5.5,10.0,6.0,10.5],"texture":"#0"},"east":{"uv":[7.0,7.0,8.0,7.5],"texture":"#0"},"south":{"uv":[10.0,5.5,10.5,6.0],"texture":"#0"},"west":{"uv":[0.0,7.5,1.0,8.0],"texture":"#0"},"up":{"uv":[8.0,1.0,7.5,0.0],"texture":"#0"},"down":{"uv":[1.5,7.5,1.0,8.5],"texture":"#0"}}},{"from":[16.0,0.0,1.0],"to":[17.0,1.0,4.0],"rotation":{"origin":[16.0,0.0,1.0],"axis":"y","angle":0.0},"faces":{"north":{"uv":[6.0,10.0,6.5,10.5],"texture":"#0"},"east":{"uv":[4.5,1.0,6.0,1.5],"texture":"#0"},"south":{"uv":[10.0,6.0,10.5,6.5],"texture":"#0"},"west":{"uv":[1.5,4.5,3.0,5.0],"texture":"#0"},"up":{"uv":[3.5,6.0,3.0,4.5],"texture":"#0"},"down":{"uv":[4.0,4.5,3.5,6.0],"texture":"#0"}}},{"from":[15.0,0.0,-1.0],"to":[16.0,1.0,1.0],"rotation":{"origin":[15.0,0.0,-1.0],"axis":"y","angle":0.0},"faces":{"north":{"uv":[6.5,10.0,7.0,10.5],"texture":"#0"},"east":{"uv":[1.5,7.5,2.5,8.0],"texture":"#0"},"south":{"uv":[10.0,6.5,10.5,7.0],"texture":"#0"},"west":{"uv":[2.5,7.5,3.5,8.0],"texture":"#0"},"up":{"uv":[4.0,8.5,3.5,7.5],"texture":"#0"},"down":{"uv":[4.5,7.5,4.0,8.5],"texture":"#0"}}},{"from":[14.0,0.0,-2.0],"to":[15.0,1.0,-1.0],"rotation":{"origin":[14.0,0.0,-2.0],"axis":"y","angle":0.0},"faces":{"north":{"uv":[7.0,10.0,7.5,10.5],"texture":"#0"},"east":{"uv":[10.0,7.0,10.5,7.5],"texture":"#0"},"south":{"uv":[7.5,10.0,8.0,10.5],"texture":"#0"},"west":{"uv":[10.0,7.5,10.5,8.0],"texture":"#0"},"up":{"uv":[8.5,10.5,8.0,10.0],"texture":"#0"},"down":{"uv":[10.5,8.0,10.0,8.5],"texture":"#0"}}},{"from":[13.0,0.0,-3.0],"to":[14.0,1.0,-2.0],"rotation":{"origin":[13.0,0.0,-3.0],"axis":"y","angle":0.0},"faces":{"north":{"uv":[8.5,10.0,9.0,10.5],"texture":"#0"},"east":{"uv":[10.0,8.5,10.5,9.0],"texture":"#0"},"south":{"uv":[9.0,10.0,9.5,10.5],"texture":"#0"},"west":{"uv":[10.0,9.0,10.5,9.5],"texture":"#0"},"up":{"uv":[10.0,10.5,9.5,10.0],"texture":"#0"},"down":{"uv":[10.5,9.5,10.0,10.0],"texture":"#0"}}},{"from":[15.0,0.0,-2.0],"to":[16.0,1.0,-1.0],"rotation":{"origin":[15.0,0.0,-2.0],"axis":"y","angle":0.0},"faces":{"north":{"uv":[10.5,5.5,11.0,6.0],"texture":"#0"},"east":{"uv":[6.0,10.5,6.5,11.0],"texture":"#0"},"south":{"uv":[10.5,6.0,11.0,6.5],"texture":"#0"},"west":{"uv":[6.5,10.5,7.0,11.0],"texture":"#0"},"up":{"uv":[11.0,7.0,10.5,6.5],"texture":"#0"},"down":{"uv":[7.5,10.5,7.0,11.0],"texture":"#0"}}},{"from":[11.0,0.0,-4.0],"to":[13.0,1.0,-3.0],"rotation":{"origin":[11.0,0.0,-4.0],"axis":"y","angle":0.0},"faces":{"north":{"uv":[4.5,7.5,5.5,8.0],"texture":"#0"},"east":{"uv":[10.0,10.0,10.5,10.5],"texture":"#0"},"south":{"uv":[7.5,5.0,8.5,5.5],"texture":"#0"},"west":{"uv":[0.0,10.5,0.5,11.0],"texture":"#0"},"up":{"uv":[6.5,8.0,5.5,7.5],"texture":"#0"},"down":{"uv":[8.5,5.5,7.5,6.0],"texture":"#0"}}},{"from":[16.0,0.0,-1.0],"to":[17.0,1.0,1.0],"rotation":{"origin":[16.0,0.0,-1.0],"axis":"y","angle":0.0},"faces":{"north":{"uv":[10.5,7.0,11.0,7.5],"texture":"#0"},"east":{"uv":[8.0,0.0,9.0,0.5],"texture":"#0"},"south":{"uv":[7.5,10.5,8.0,11.0],"texture":"#0"},"west":{"uv":[8.0,0.5,9.0,1.0],"texture":"#0"},"up":{"uv":[8.5,2.0,8.0,1.0],"texture":"#0"},"down":{"uv":[2.0,8.0,1.5,9.0],"texture":"#0"}}},{"from":[8.0,0.0,-5.0],"to":[11.0,1.0,-4.0],"rotation":{"origin":[8.0,0.0,-5.0],"axis":"y","angle":0.0},"faces":{"north":{"uv":[0.0,0.0,1.5,0.5],"texture":"#0"},"east":{"uv":[3.0,6.5,3.5,7.0],"texture":"#0"},"south":{"uv":[0.0,0.5,1.5,1.0],"texture":"#0"},"west":{"uv":[9.0,6.5,9.5,7.0],"texture":"#0"},"up":{"uv":[1.5,1.5,0.0,1.0],"texture":"#0"},"down":{"uv":[1.5,1.5,0.0,2.0],"texture":"#0"}}},{"from":[8.0,0.0,-6.0],"to":[11.0,1.0,-5.0],"rotation":{"origin":[8.0,0.0,-6.0],"axis":"y","angle":0.0},"faces":{"north":{"uv":[4.5,1.5,6.0,2.0],"texture":"#0"},"east":{"uv":[10.5,0.0,11.0,0.5],"texture":"#0"},"south":{"uv":[4.5,2.0,6.0,2.5],"texture":"#0"},"west":{"uv":[0.5,10.5,1.0,11.0],"texture":"#0"},"up":{"uv":[5.5,5.0,4.0,4.5],"texture":"#0"},"down":{"uv":[6.0,4.0,4.5,4.5],"texture":"#0"}}},{"from":[7.0,0.0,-5.0],"to":[8.0,1.0,-4.0],"rotation":{"origin":[7.0,0.0,-5.0],"axis":"y","angle":0.0},"faces":{"north":{"uv":[10.5,0.5,11.0,1.0],"texture":"#0"},"east":{"uv":[1.0,10.5,1.5,11.0],"texture":"#0"},"south":{"uv":[10.5,1.0,11.0,1.5],"texture":"#0"},"west":{"uv":[1.5,10.5,2.0,11.0],"texture":"#0"},"up":{"uv":[11.0,2.0,10.5,1.5],"texture":"#0"},"down":{"uv":[2.5,10.5,2.0,11.0],"texture":"#0"}}},{"from":[11.0,0.0,-5.0],"to":[13.0,1.0,-4.0],"rotation":{"origin":[11.0,0.0,-5.0],"axis":"y","angle":0.0},"faces":{"north":{"uv":[7.5,6.0,8.5,6.5],"texture":"#0"},"east":{"uv":[10.5,2.0,11.0,2.5],"texture":"#0"},"south":{"uv":[6.5,7.5,7.5,8.0],"texture":"#0"},"west":{"uv":[2.5,10.5,3.0,11.0],"texture":"#0"},"up":{"uv":[8.5,8.0,7.5,7.5],"texture":"#0"},"down":{"uv":[1.0,8.0,0.0,8.5],"texture":"#0"}}},{"from":[17.0,0.0,1.0],"to":[18.0,1.0,4.0],"rotation":{"origin":[17.0,0.0,1.0],"axis":"y","angle":0.0},"faces":{"north":{"uv":[10.5,7.5,11.0,8.0],"texture":"#0"},"east":{"uv":[0.0,5.0,1.5,5.5],"texture":"#0"},"south":{"uv":[8.0,10.5,8.5,11.0],"texture":"#0"},"west":{"uv":[1.5,5.0,3.0,5.5],"texture":"#0"},"up":{"uv":[4.5,6.5,4.0,5.0],"texture":"#0"},"down":{"uv":[5.0,5.0,4.5,6.5],"texture":"#0"}}},{"from":[13.0,0.0,-4.0],"to":[14.0,1.0,-3.0],"rotation":{"origin":[13.0,0.0,-4.0],"axis":"y","angle":0.0},"faces":{"north":{"uv":[10.5,2.5,11.0,3.0],"texture":"#0"},"east":{"uv":[3.0,10.5,3.5,11.0],"texture":"#0"},"south":{"uv":[10.5,3.0,11.0,3.5],"texture":"#0"},"west":{"uv":[3.5,10.5,4.0,11.0],"texture":"#0"},"up":{"uv":[11.0,4.0,10.5,3.5],"texture":"#0"},"down":{"uv":[4.5,10.5,4.0,11.0],"texture":"#0"}}},{"from":[14.0,0.0,-3.0],"to":[15.0,1.0,-2.0],"rotation":{"origin":[14.0,0.0,-3.0],"axis":"y","angle":0.0},"faces":{"north":{"uv":[10.5,4.0,11.0,4.5],"texture":"#0"},"east":{"uv":[4.5,10.5,5.0,11.0],"texture":"#0"},"south":{"uv":[10.5,4.5,11.0,5.0],"texture":"#0"},"west":{"uv":[5.0,10.5,5.5,11.0],"texture":"#0"},"up":{"uv":[11.0,5.5,10.5,5.0],"texture":"#0"},"down":{"uv":[6.0,10.5,5.5,11.0],"texture":"#0"}}},{"from":[16.0,0.0,4.0],"to":[17.0,1.0,6.0],"rotation":{"origin":[16.0,0.0,4.0],"axis":"y","angle":0.0},"faces":{"north":{"uv":[10.5,8.0,11.0,8.5],"texture":"#0"},"east":{"uv":[2.0,8.0,3.0,8.5],"texture":"#0"},"south":{"uv":[8.5,10.5,9.0,11.0],"texture":"#0"},"west":{"uv":[8.0,2.0,9.0,2.5],"texture":"#0"},"up":{"uv":[8.5,3.5,8.0,2.5],"texture":"#0"},"down":{"uv":[3.5,8.0,3.0,9.0],"texture":"#0"}}},{"from":[14.0,0.0,6.0],"to":[15.0,1.0,8.0],"rotation":{"origin":[14.0,0.0,6.0],"axis":"y","angle":0.0},"faces":{"north":{"uv":[10.5,8.5,11.0,9.0],"texture":"#0"},"east":{"uv":[8.0,3.5,9.0,4.0],"texture":"#0"},"south":{"uv":[9.0,10.5,9.5,11.0],"texture":"#0"},"west":{"uv":[8.0,4.0,9.0,4.5],"texture":"#0"},"up":{"uv":[5.0,9.0,4.5,8.0],"texture":"#0"},"down":{"uv":[5.5,8.0,5.0,9.0],"texture":"#0"}}},{"from":[15.0,0.0,6.0],"to":[16.0,1.0,7.0],"rotation":{"origin":[15.0,0.0,6.0],"axis":"y","angle":0.0},"faces":{"north":{"uv":[10.5,9.0,11.0,9.5],"texture":"#0"},"east":{"uv":[9.5,10.5,10.0,11.0],"texture":"#0"},"south":{"uv":[10.5,9.5,11.0,10.0],"texture":"#0"},"west":{"uv":[10.0,10.5,10.5,11.0],"texture":"#0"},"up":{"uv":[11.0,10.5,10.5,10.0],"texture":"#0"},"down":{"uv":[11.0,10.5,10.5,11.0],"texture":"#0"}}},{"from":[13.0,0.0,8.0],"to":[14.0,1.0,9.0],"rotation":{"origin":[13.0,0.0,8.0],"axis":"y","angle":0.0},"faces":{"north":{"uv":[0.0,11.0,0.5,11.5],"texture":"#0"},"east":{"uv":[11.0,0.0,11.5,0.5],"texture":"#0"},"south":{"uv":[0.5,11.0,1.0,11.5],"texture":"#0"},"west":{"uv":[11.0,0.5,11.5,1.0],"texture":"#0"},"up":{"uv":[1.5,11.5,1.0,11.0],"texture":"#0"},"down":{"uv":[11.5,1.0,11.0,1.5],"texture":"#0"}}},{"from":[11.0,0.0,9.0],"to":[13.0,1.0,10.0],"rotation":{"origin":[11.0,0.0,9.0],"axis":"y","angle":0.0},"faces":{"north":{"uv":[8.0,4.5,9.0,5.0],"texture":"#0"},"east":{"uv":[1.5,11.0,2.0,11.5],"texture":"#0"},"south":{"uv":[5.5,8.0,6.5,8.5],"texture":"#0"},"west":{"uv":[11.0,1.5,11.5,2.0],"texture":"#0"},"up":{"uv":[7.5,8.5,6.5,8.0],"texture":"#0"},"down":{"uv":[9.0,6.5,8.0,7.0],"texture":"#0"}}},{"from":[8.0,0.0,10.0],"to":[11.0,1.0,11.0],"rotation":{"origin":[8.0,0.0,10.0],"axis":"y","angle":0.0},"faces":{"north":{"uv":[5.0,5.0,6.5,5.5],"texture":"#0"},"east":{"uv":[2.0,11.0,2.5,11.5],"texture":"#0"},"south":{"uv":[0.0,5.5,1.5,6.0],"texture":"#0"},"west":{"uv":[11.0,2.0,11.5,2.5],"texture":"#0"},"up":{"uv":[3.0,6.0,1.5,5.5],"texture":"#0"},"down":{"uv":[7.0,2.5,5.5,3.0],"texture":"#0"}}},{"from":[6.0,0.0,9.0],"to":[8.0,1.0,10.0],"rotation":{"origin":[6.0,0.0,9.0],"axis":"y","angle":0.0},"faces":{"north":{"uv":[8.0,7.0,9.0,7.5],"texture":"#0"},"east":{"uv":[2.5,11.0,3.0,11.5],"texture":"#0"},"south":{"uv":[7.5,8.0,8.5,8.5],"texture":"#0"},"west":{"uv":[11.0,2.5,11.5,3.0],"texture":"#0"},"up":{"uv":[1.0,9.0,0.0,8.5],"texture":"#0"},"down":{"uv":[9.5,1.0,8.5,1.5],"texture":"#0"}}},{"from":[11.0,0.0,10.0],"to":[13.0,1.0,11.0],"rotation":{"origin":[11.0,0.0,10.0],"axis":"y","angle":0.0},"faces":{"north":{"uv":[8.5,1.5,9.5,2.0],"texture":"#0"},"east":{"uv":[3.0,11.0,3.5,11.5],"texture":"#0"},"south":{"uv":[2.0,8.5,3.0,9.0],"texture":"#0"},"west":{"uv":[11.0,3.0,11.5,3.5],"texture":"#0"},"up":{"uv":[9.5,3.0,8.5,2.5],"texture":"#0"},"down":{"uv":[9.5,3.0,8.5,3.5],"texture":"#0"}}},{"from":[13.0,0.0,9.0],"to":[14.0,1.0,10.0],"rotation":{"origin":[13.0,0.0,9.0],"axis":"y","angle":0.0},"faces":{"north":{"uv":[3.5,11.0,4.0,11.5],"texture":"#0"},"east":{"uv":[11.0,3.5,11.5,4.0],"texture":"#0"},"south":{"uv":[4.0,11.0,4.5,11.5],"texture":"#0"},"west":{"uv":[11.0,4.0,11.5,4.5],"texture":"#0"},"up":{"uv":[5.0,11.5,4.5,11.0],"texture":"#0"},"down":{"uv":[11.5,4.5,11.0,5.0],"texture":"#0"}}},{"from":[14.0,0.0,8.0],"to":[15.0,1.0,9.0],"rotation":{"origin":[14.0,0.0,8.0],"axis":"y","angle":0.0},"faces":{"north":{"uv":[5.0,11.0,5.5,11.5],"texture":"#0"},"east":{"uv":[11.0,5.0,11.5,5.5],"texture":"#0"},"south":{"uv":[5.5,11.0,6.0,11.5],"texture":"#0"},"west":{"uv":[11.0,5.5,11.5,6.0],"texture":"#0"},"up":{"uv":[6.5,11.5,6.0,11.0],"texture":"#0"},"down":{"uv":[11.5,6.0,11.0,6.5],"texture":"#0"}}},{"from":[15.0,0.0,7.0],"to":[16.0,1.0,8.0],"rotation":{"origin":[15.0,0.0,7.0],"axis":"y","angle":0.0},"faces":{"north":{"uv":[6.5,11.0,7.0,11.5],"texture":"#0"},"east":{"uv":[11.0,6.5,11.5,7.0],"texture":"#0"},"south":{"uv":[7.0,11.0,7.5,11.5],"texture":"#0"},"west":{"uv":[11.0,7.0,11.5,7.5],"texture":"#0"},"up":{"uv":[8.0,11.5,7.5,11.0],"texture":"#0"},"down":{"uv":[11.5,7.5,11.0,8.0],"texture":"#0"}}},{"from":[16.0,0.0,6.0],"to":[17.0,1.0,7.0],"rotation":{"origin":[16.0,0.0,6.0],"axis":"y","angle":0.0},"faces":{"north":{"uv":[8.0,11.0,8.5,11.5],"texture":"#0"},"east":{"uv":[11.0,8.0,11.5,8.5],"texture":"#0"},"south":{"uv":[8.5,11.0,9.0,11.5],"texture":"#0"},"west":{"uv":[11.0,8.5,11.5,9.0],"texture":"#0"},"up":{"uv":[9.5,11.5,9.0,11.0],"texture":"#0"},"down":{"uv":[11.5,9.0,11.0,9.5],"texture":"#0"}}},{"from":[17.0,0.0,4.0],"to":[18.0,1.0,6.0],"rotation":{"origin":[17.0,0.0,4.0],"axis":"y","angle":0.0},"faces":{"north":{"uv":[9.5,11.0,10.0,11.5],"texture":"#0"},"east":{"uv":[3.5,8.5,4.5,9.0],"texture":"#0"},"south":{"uv":[11.0,9.5,11.5,10.0],"texture":"#0"},"west":{"uv":[8.5,5.0,9.5,5.5],"texture":"#0"},"up":{"uv":[1.5,9.5,1.0,8.5],"texture":"#0"},"down":{"uv":[6.0,8.5,5.5,9.5],"texture":"#0"}}},{"from":[18.0,0.0,2.0],"to":[19.0,1.0,5.0],"rotation":{"origin":[18.0,0.0,2.0],"axis":"y","angle":0.0},"faces":{"north":{"uv":[10.0,11.0,10.5,11.5],"texture":"#0"},"east":{"uv":[5.5,3.0,7.0,3.5],"texture":"#0"},"south":{"uv":[11.0,10.0,11.5,10.5],"texture":"#0"},"west":{"uv":[5.5,3.5,7.0,4.0],"texture":"#0"},"up":{"uv":[5.5,7.0,5.0,5.5],"texture":"#0"},"down":{"uv":[6.0,5.5,5.5,7.0],"texture":"#0"}}},{"from":[17.0,0.0,-1.0],"to":[18.0,1.0,1.0],"rotation":{"origin":[17.0,0.0,-1.0],"axis":"y","angle":0.0},"faces":{"north":{"uv":[10.5,11.0,11.0,11.5],"texture":"#0"},"east":{"uv":[8.5,5.5,9.5,6.0],"texture":"#0"},"south":{"uv":[11.0,10.5,11.5,11.0],"texture":"#0"},"west":{"uv":[6.0,8.5,7.0,9.0],"texture":"#0"},"up":{"uv":[7.5,9.5,7.0,8.5],"texture":"#0"},"down":{"uv":[8.0,8.5,7.5,9.5],"texture":"#0"}}},{"from":[16.0,0.0,-2.0],"to":[17.0,1.0,-1.0],"rotation":{"origin":[16.0,0.0,-2.0],"axis":"y","angle":0.0},"faces":{"north":{"uv":[11.0,11.0,11.5,11.5],"texture":"#0"},"east":{"uv":[0.0,11.5,0.5,12.0],"texture":"#0"},"south":{"uv":[11.5,0.0,12.0,0.5],"texture":"#0"},"west":{"uv":[0.5,11.5,1.0,12.0],"texture":"#0"},"up":{"uv":[12.0,1.0,11.5,0.5],"texture":"#0"},"down":{"uv":[1.5,11.5,1.0,12.0],"texture":"#0"}}},{"from":[15.0,0.0,-3.0],"to":[17.0,1.0,-2.0],"rotation":{"origin":[15.0,0.0,-3.0],"axis":"y","angle":0.0},"faces":{"north":{"uv":[8.5,6.0,9.5,6.5],"texture":"#0"},"east":{"uv":[11.5,1.0,12.0,1.5],"texture":"#0"},"south":{"uv":[8.5,7.5,9.5,8.0],"texture":"#0"},"west":{"uv":[1.5,11.5,2.0,12.0],"texture":"#0"},"up":{"uv":[9.0,9.0,8.0,8.5],"texture":"#0"},"down":{"uv":[9.5,8.0,8.5,8.5],"texture":"#0"}}},{"from":[14.0,0.0,-4.0],"to":[16.0,1.0,-3.0],"rotation":{"origin":[14.0,0.0,-4.0],"axis":"y","angle":0.0},"faces":{"north":{"uv":[0.0,9.0,1.0,9.5],"texture":"#0"},"east":{"uv":[11.5,1.5,12.0,2.0],"texture":"#0"},"south":{"uv":[9.0,0.0,10.0,0.5],"texture":"#0"},"west":{"uv":[2.0,11.5,2.5,12.0],"texture":"#0"},"up":{"uv":[10.0,1.0,9.0,0.5],"texture":"#0"},"down":{"uv":[2.5,9.0,1.5,9.5],"texture":"#0"}}},{"from":[13.0,0.0,-5.0],"to":[15.0,1.0,-4.0],"rotation":{"origin":[13.0,0.0,-5.0],"axis":"y","angle":0.0},"faces":{"north":{"uv":[9.0,2.0,10.0,2.5],"texture":"#0"},"east":{"uv":[11.5,2.0,12.0,2.5],"texture":"#0"},"south":{"uv":[2.5,9.0,3.5,9.5],"texture":"#0"},"west":{"uv":[2.5,11.5,3.0,12.0],"texture":"#0"},"up":{"uv":[4.5,9.5,3.5,9.0],"texture":"#0"},"down":{"uv":[10.0,3.5,9.0,4.0],"texture":"#0"}}},{"from":[11.0,0.0,-6.0],"to":[13.0,1.0,-5.0],"rotation":{"origin":[11.0,0.0,-6.0],"axis":"y","angle":0.0},"faces":{"north":{"uv":[9.0,4.0,10.0,4.5],"texture":"#0"},"east":{"uv":[11.5,2.5,12.0,3.0],"texture":"#0"},"south":{"uv":[4.5,9.0,5.5,9.5],"texture":"#0"},"west":{"uv":[3.0,11.5,3.5,12.0],"texture":"#0"},"up":{"uv":[10.0,5.0,9.0,4.5],"texture":"#0"},"down":{"uv":[7.0,9.0,6.0,9.5],"texture":"#0"}}},{"from":[9.0,0.0,-7.0],"to":[12.0,1.0,-6.0],"rotation":{"origin":[9.0,0.0,-7.0],"axis":"y","angle":0.0},"faces":{"north":{"uv":[5.5,4.5,7.0,5.0],"texture":"#0"},"east":{"uv":[11.5,3.0,12.0,3.5],"texture":"#0"},"south":{"uv":[0.0,6.0,1.5,6.5],"texture":"#0"},"west":{"uv":[3.5,11.5,4.0,12.0],"texture":"#0"},"up":{"uv":[7.5,0.5,6.0,0.0],"texture":"#0"},"down":{"uv":[7.5,0.5,6.0,1.0],"texture":"#0"}}}],"textures":{"0":"infinitecrops:5af721f8-94f2-4abb-ba71-d384d2776662"}}