{"display":{"thirdperson_righthand":{"rotation":[0.0,-180.0,0.0],"translation":[0.0,2.75,0.75],"scale":[0.4,0.4,0.4]},"gui":{"rotation":[14.32,17.3,4.98]},"fixed":{"rotation":[-90.0,0.0,0.0],"translation":[0.0,0.0,-19.0],"scale":[2.5,2.5,2.5]},"thirdperson_lefthand":{"translation":[0.0,2.75,0.75],"scale":[0.4,0.4,0.4]},"firstperson_righthand":{"rotation":[0.0,140.0,0.0],"translation":[3.5,2.5,0.0],"scale":[0.4,0.4,0.4]},"firstperson_lefthand":{"rotation":[0.0,-44.0,0.0],"translation":[-1.0,4.25,2.75],"scale":[0.4,0.4,0.4]},"ground":{"translation":[0.0,2.0,0.0],"scale":[0.5,0.5,0.5]}},"elements":[{"from":[0.0,0.0,8.0],"to":[16.0,19.0,8.0],"rotation":{"origin":[8.0,9.0,8.0],"axis":"y","angle":-45.0},"faces":{"north":{"uv":[13.0,6.5,3.0,16.0],"texture":"#1"},"east":{"uv":[13.0,6.5,3.0,16.0],"texture":"#1"},"south":{"uv":[13.0,6.5,3.0,16.0],"texture":"#1"},"west":{"uv":[13.0,6.5,3.0,16.0],"texture":"#1"},"up":{"uv":[13.0,6.5,3.0,16.0],"texture":"#1"},"down":{"uv":[13.0,6.5,3.0,16.0],"texture":"#1"}}},{"from":[8.0,0.0,0.0],"to":[8.0,19.0,16.0],"rotation":{"origin":[8.0,9.0,8.0],"axis":"y","angle":-45.0},"faces":{"north":{"uv":[13.0,6.5,3.0,16.0],"texture":"#1"},"east":{"uv":[13.0,6.5,3.0,16.0],"texture":"#1"},"south":{"uv":[13.0,6.5,3.0,16.0],"texture":"#1"},"west":{"uv":[13.0,6.5,3.0,16.0],"texture":"#1"},"up":{"uv":[13.0,6.5,3.0,16.0],"texture":"#1"},"down":{"uv":[13.0,6.5,3.0,16.0],"texture":"#1"}}},{"from":[-1.23048,6.28624,1.78325],"to":[0.53752,9.98024,3.66175],"rotation":{"origin":[0.64802,1.14024,0.5125],"axis":"z","angle":-22.5},"faces":{"north":{"uv":[1.45455,0.0,5.62727,15.74545],"texture":"#particle"},"east":{"uv":[0.0,0.0,4.17273,15.74545],"texture":"#particle"},"south":{"uv":[5.62727,0.0,1.45455,15.74545],"texture":"#particle"},"west":{"uv":[11.63637,0.0,15.80909,15.74545],"texture":"#particle"},"up":{"uv":[2.32727,0.0,6.5,2.8],"texture":"#particle"},"down":{"uv":[1.45455,0.0,5.62727,12.83636],"texture":"#particle"}}},{"from":[0.29576,4.31611,1.67275],"to":[2.50576,6.63661,3.77225],"rotation":{"origin":[1.65326,6.16586,2.7225],"axis":"z","angle":-45.0},"faces":{"north":{"uv":[0.0,6.4,5.81818,16.0],"texture":"#particle"},"east":{"uv":[0.0,9.74545,4.36364,16.0],"texture":"#particle"},"south":{"uv":[5.81818,6.4,0.0,16.0],"texture":"#particle"},"west":{"uv":[7.27273,0.0,11.49091,9.6],"texture":"#particle"},"up":{"uv":[2.90909,12.65455,4.36363,3.2],"texture":"#particle","rotation":90},"down":{"uv":[0.14546,9.74545,4.36364,16.0],"texture":"#particle"}}},{"from":[15.46248,2.28624,2.58325],"to":[17.23048,5.98024,4.46175],"rotation":{"origin":[15.35198,-2.85976,1.3125],"axis":"z","angle":22.5},"faces":{"north":{"uv":[5.62727,0.0,1.45455,15.74545],"texture":"#particle"},"east":{"uv":[15.80909,0.0,11.63637,15.74545],"texture":"#particle"},"south":{"uv":[1.45455,0.0,5.62727,15.74545],"texture":"#particle"},"west":{"uv":[4.17273,0.0,0.0,15.74545],"texture":"#particle"},"up":{"uv":[6.5,0.0,2.32727,2.8],"texture":"#particle"},"down":{"uv":[5.62727,0.0,1.45455,12.83636],"texture":"#particle"}}},{"from":[13.49424,0.31611,2.47275],"to":[15.70424,2.63661,4.57225],"rotation":{"origin":[14.34674,2.16586,3.5225],"axis":"z","angle":45.0},"faces":{"north":{"uv":[5.81818,6.4,0.0,16.0],"texture":"#particle"},"east":{"uv":[11.49091,0.0,7.27273,9.6],"texture":"#particle"},"south":{"uv":[0.0,6.4,5.81818,16.0],"texture":"#particle"},"west":{"uv":[4.36364,9.74545,0.0,16.0],"texture":"#particle"},"up":{"uv":[2.90909,3.2,4.36363,12.65455],"texture":"#particle","rotation":90},"down":{"uv":[4.36364,9.74545,0.14546,16.0],"texture":"#particle"}}},{"from":[5.06248,7.28624,12.38325],"to":[6.83048,10.98024,14.26175],"rotation":{"origin":[4.95198,2.14024,11.1125],"axis":"z","angle":22.5},"faces":{"north":{"uv":[5.62727,0.0,1.45455,15.74545],"texture":"#particle"},"east":{"uv":[15.80909,0.0,11.63637,15.74545],"texture":"#particle"},"south":{"uv":[1.45455,0.0,5.62727,15.74545],"texture":"#particle"},"west":{"uv":[4.17273,0.0,0.0,15.74545],"texture":"#particle"},"up":{"uv":[6.5,0.0,2.32727,2.8],"texture":"#particle"},"down":{"uv":[5.62727,0.0,1.45455,12.83636],"texture":"#particle"}}},{"from":[3.09424,5.31611,12.27275],"to":[5.30424,7.63661,14.37225],"rotation":{"origin":[3.94674,7.16586,13.3225],"axis":"z","angle":45.0},"faces":{"north":{"uv":[5.81818,6.4,0.0,16.0],"texture":"#particle"},"east":{"uv":[11.49091,0.0,7.27273,9.6],"texture":"#particle"},"south":{"uv":[0.0,6.4,5.81818,16.0],"texture":"#particle"},"west":{"uv":[4.36364,9.74545,0.0,16.0],"texture":"#particle"},"up":{"uv":[2.90909,3.2,4.36363,12.65455],"texture":"#particle","rotation":90},"down":{"uv":[4.36364,9.74545,0.14546,16.0],"texture":"#particle"}}},{"from":[6.90273,4.58624,10.823],"to":[8.78123,8.28024,12.591],"rotation":{"origin":[10.05198,-0.55976,10.7125],"axis":"x","angle":-22.5},"faces":{"north":{"uv":[4.17273,0.0,0.0,15.74545],"texture":"#particle"},"east":{"uv":[5.62727,0.0,1.45455,15.74545],"texture":"#particle"},"south":{"uv":[15.80909,0.0,11.63637,15.74545],"texture":"#particle"},"west":{"uv":[1.45455,0.0,5.62727,15.74545],"texture":"#particle"},"up":{"uv":[6.5,0.0,2.32727,2.8],"texture":"#particle","rotation":90},"down":{"uv":[5.62727,0.0,1.45455,12.83636],"texture":"#particle","rotation":270}}},{"from":[6.79223,2.61611,8.85476],"to":[8.89173,4.93661,11.06476],"rotation":{"origin":[7.84198,4.46586,9.70726],"axis":"x","angle":-45.0},"faces":{"north":{"uv":[4.36364,9.74545,0.0,16.0],"texture":"#particle"},"east":{"uv":[5.81818,6.4,0.0,16.0],"texture":"#particle"},"south":{"uv":[11.49091,0.0,7.27273,9.6],"texture":"#particle"},"west":{"uv":[0.0,6.4,5.81818,16.0],"texture":"#particle"},"up":{"uv":[2.90909,3.2,4.36363,12.65455],"texture":"#particle","rotation":180},"down":{"uv":[4.36364,9.74545,0.14546,16.0],"texture":"#particle","rotation":270}}}],"textures":{"particle":"infinitecrops:1606170a-333a-43f8-bdb3-746b8e0f02e2","1":"infinitecrops:c946b060-69ac-42b8-a3b3-2d17ea0ee8b0"},"gui_light":"front"}