{"display":{"thirdperson_righthand":{"rotation":[0.0,-180.0,0.0],"translation":[0.0,2.75,0.75],"scale":[0.4,0.4,0.4]},"gui":{"rotation":[5.7,14.45,5.18],"translation":[0.0,-0.5,0.0]},"fixed":{"rotation":[-90.0,0.0,0.0],"translation":[0.0,0.0,-19.0],"scale":[2.5,2.5,2.5]},"thirdperson_lefthand":{"translation":[0.0,2.75,0.75],"scale":[0.4,0.4,0.4]},"firstperson_righthand":{"rotation":[0.0,140.0,0.0],"translation":[3.5,2.5,0.0],"scale":[0.4,0.4,0.4]},"firstperson_lefthand":{"rotation":[0.0,-44.0,0.0],"translation":[-1.0,4.25,2.75],"scale":[0.4,0.4,0.4]},"ground":{"translation":[0.0,2.0,0.0],"scale":[0.5,0.5,0.5]}},"elements":[{"from":[0.0,0.0,8.0],"to":[16.0,19.0,8.0],"rotation":{"origin":[8.0,9.0,8.0],"axis":"y","angle":-45.0},"faces":{"north":{"uv":[13.0,6.5,3.0,16.0],"texture":"#1"},"east":{"uv":[13.0,6.5,3.0,16.0],"texture":"#1"},"south":{"uv":[13.0,6.5,3.0,16.0],"texture":"#1"},"west":{"uv":[13.0,6.5,3.0,16.0],"texture":"#1"},"up":{"uv":[13.0,6.5,3.0,16.0],"texture":"#1"},"down":{"uv":[13.0,6.5,3.0,16.0],"texture":"#1"}}},{"from":[8.0,0.0,0.0],"to":[8.0,19.0,16.0],"rotation":{"origin":[8.0,9.0,8.0],"axis":"y","angle":-45.0},"faces":{"north":{"uv":[13.0,6.5,3.0,16.0],"texture":"#1"},"east":{"uv":[13.0,6.5,3.0,16.0],"texture":"#1"},"south":{"uv":[13.0,6.5,3.0,16.0],"texture":"#1"},"west":{"uv":[13.0,6.5,3.0,16.0],"texture":"#1"},"up":{"uv":[13.0,6.5,3.0,16.0],"texture":"#1"},"down":{"uv":[13.0,6.5,3.0,16.0],"texture":"#1"}}},{"from":[5.2,6.5,5.2],"to":[10.6,16.5,10.4],"faces":{"north":{"uv":[4.0,5.2,12.0,16.0],"texture":"#particle"},"east":{"uv":[4.0,5.2,12.0,16.0],"texture":"#particle"},"south":{"uv":[4.0,5.2,12.0,16.0],"texture":"#particle"},"west":{"uv":[4.0,5.2,12.0,16.0],"texture":"#particle"},"up":{"uv":[4.0,0.0,12.0,4.8],"texture":"#particle"},"down":{"uv":[4.0,9.2,12.0,16.0],"texture":"#particle"}}}],"textures":{"particle":"infinitecrops:ba2574fe-e9f7-43b1-af6c-787b4a494989","1":"infinitecrops:b80f8097-3aa0-4657-beeb-495908ee174d"},"gui_light":"front"}