{"parent":"infinitecrops:74e1b294-fd24-444f-b13d-f8e0bbae857e","display":{"thirdperson_righthand":{"rotation":[0.0,-180.0,0.0],"translation":[0.0,2.75,0.75],"scale":[0.4,0.4,0.4]},"thirdperson_lefthand":{"translation":[0.0,2.75,0.75],"scale":[0.4,0.4,0.4]},"firstperson_righthand":{"rotation":[0.0,140.0,0.0],"translation":[3.5,2.5,0.0],"scale":[0.4,0.4,0.4]},"firstperson_lefthand":{"rotation":[0.0,-44.0,0.0],"translation":[-1.0,4.25,2.75],"scale":[0.4,0.4,0.4]},"ground":{"translation":[0.0,2.0,0.0],"scale":[0.5,0.5,0.5]}},"textures":{"particle":"infinitecrops:1818f231-fcb3-438d-95b9-2380ddea8ac5","1":"infinitecrops:89346523-2562-4c81-adaa-9c4b28db6411","2":"infinitecrops:1818f231-fcb3-438d-95b9-2380ddea8ac5"}}