{"display":{"gui":{"rotation":[9.96,14.54,-3.71],"translation":[0.0,-3.75,0.0],"scale":[0.5,0.5,0.5]},"fixed":{"rotation":[-90.0,0.0,0.0],"translation":[0.0,0.0,-14.75],"scale":[2.0,2.0,2.0]},"thirdperson_righthand":{"rotation":[0.0,-180.0,0.0],"translation":[0.0,2.75,0.75],"scale":[0.4,0.4,0.4]},"thirdperson_lefthand":{"translation":[0.0,2.75,0.75],"scale":[0.4,0.4,0.4]},"firstperson_righthand":{"rotation":[0.0,140.0,0.0],"translation":[3.5,2.5,0.0],"scale":[0.4,0.4,0.4]},"firstperson_lefthand":{"rotation":[0.0,-44.0,0.0],"translation":[-1.0,4.25,2.75],"scale":[0.4,0.4,0.4]},"ground":{"translation":[0.0,2.0,0.0],"scale":[0.5,0.5,0.5]}},"elements":[{"from":[0.82929,0.0,7.91213],"to":[14.22929,13.4,7.91213],"rotation":{"origin":[7.92929,8.0,8.21213],"axis":"y","angle":0.0},"faces":{"north":{"uv":[0.0,0.0,16.0,16.0],"texture":"#1"},"east":{"uv":[0.0,0.0,0.0,16.0],"texture":"#1"},"south":{"uv":[16.0,0.0,0.0,16.0],"texture":"#1"},"west":{"uv":[0.0,0.0,0.0,16.0],"texture":"#1"},"up":{"uv":[0.0,0.0,16.0,0.0],"texture":"#1"},"down":{"uv":[0.0,0.0,16.0,0.0],"texture":"#1"}}},{"from":[7.92929,0.0,-0.58787],"to":[7.92929,13.4,17.41213],"rotation":{"origin":[7.92929,8.0,8.21213],"axis":"y","angle":0.0},"faces":{"north":{"uv":[0.0,0.0,0.0,16.0],"texture":"#1"},"east":{"uv":[0.0,0.0,16.0,16.0],"texture":"#1"},"south":{"uv":[0.0,0.0,0.0,16.0],"texture":"#1"},"west":{"uv":[16.0,0.0,0.0,16.0],"texture":"#1"},"up":{"uv":[0.0,0.0,16.0,0.0],"texture":"#1","rotation":270},"down":{"uv":[0.0,0.0,16.0,0.0],"texture":"#1","rotation":90}}},{"from":[14.5,0.0,7.4],"to":[15.5,32.0,8.4],"faces":{"north":{"uv":[0.0,0.0,1.0,16.0],"texture":"#2"},"east":{"uv":[0.0,0.0,1.0,16.0],"texture":"#2"},"south":{"uv":[0.0,0.0,1.0,16.0],"texture":"#2"},"west":{"uv":[0.0,0.0,1.0,16.0],"texture":"#2"},"up":{"uv":[0.0,0.0,1.0,0.8],"texture":"#2"},"down":{"uv":[0.0,0.0,1.0,0.8],"texture":"#2"}}},{"from":[0.0,0.0,7.4],"to":[1.0,32.0,8.4],"faces":{"north":{"uv":[0.0,0.0,1.0,16.0],"texture":"#2"},"east":{"uv":[0.0,0.0,1.0,16.0],"texture":"#2"},"south":{"uv":[0.0,0.0,1.0,16.0],"texture":"#2"},"west":{"uv":[0.0,0.0,1.0,16.0],"texture":"#2"},"up":{"uv":[0.0,0.0,1.0,0.8],"texture":"#2"},"down":{"uv":[0.0,0.0,1.0,0.8],"texture":"#2"}}},{"from":[0.5,30.0,7.9],"to":[15.5,31.0,7.9],"rotation":{"origin":[13.5,3.0,7.4],"axis":"y","angle":0.0},"faces":{"north":{"uv":[14.6,0.0,16.0,16.0],"texture":"#2","rotation":90},"east":{"uv":[14.6,0.0,16.0,16.0],"texture":"#2","rotation":90},"south":{"uv":[16.0,16.0,14.6,0.0],"texture":"#2","rotation":90},"west":{"uv":[14.6,0.0,16.0,16.0],"texture":"#2","rotation":90},"up":{"uv":[14.6,0.0,16.0,16.0],"texture":"#2","rotation":90},"down":{"uv":[14.6,0.0,16.0,16.0],"texture":"#2","rotation":90}}}],"textures":{"particle":"infinitecrops:607445eb-94b6-485e-aa5c-b93345294e45","1":"infinitecrops:448deb10-44cf-44a8-91cf-0028e61fc2e3","2":"infinitecrops:607445eb-94b6-485e-aa5c-b93345294e45"},"gui_light":"front"}