{"display":{"head":{"translation":[0.0,-35.0,0.0],"scale":[1.6,1.6,1.6]}},"elements":[{"from":[-4.0,-0.92893,-0.38528],"to":[20.0,15.07107,-0.38528],"rotation":{"origin":[8.0,7.07107,-0.38528],"axis":"x","angle":-45.0},"faces":{"north":{"uv":[12.0,5.0,0.0,13.0],"texture":"#1"},"east":{"uv":[0.0,0.0,0.0,16.0],"texture":"#1"},"south":{"uv":[0.0,5.0,12.0,13.0],"texture":"#1"},"west":{"uv":[0.0,0.0,0.0,16.0],"texture":"#1"},"up":{"uv":[0.0,0.0,16.0,0.0],"texture":"#1"},"down":{"uv":[0.0,0.0,16.0,0.0],"texture":"#1"}}},{"from":[16.48528,-0.92893,-3.9],"to":[16.48528,15.07107,20.1],"rotation":{"origin":[16.48528,7.07107,8.1],"axis":"z","angle":-45.0},"faces":{"north":{"uv":[0.0,0.0,0.0,16.0],"texture":"#1"},"east":{"uv":[12.0,5.0,0.0,13.0],"texture":"#1"},"south":{"uv":[0.0,0.0,0.0,16.0],"texture":"#1"},"west":{"uv":[0.0,5.0,12.0,13.0],"texture":"#1"},"up":{"uv":[0.0,0.0,16.0,0.0],"texture":"#1","rotation":90},"down":{"uv":[0.0,0.0,16.0,0.0],"texture":"#1","rotation":270}}},{"from":[-4.0,-0.92893,16.58528],"to":[20.0,15.07107,16.58528],"rotation":{"origin":[8.0,7.07107,16.58528],"axis":"x","angle":45.0},"faces":{"north":{"uv":[0.0,5.0,12.0,13.0],"texture":"#1"},"east":{"uv":[0.0,0.0,0.0,16.0],"texture":"#1"},"south":{"uv":[12.0,5.0,0.0,13.0],"texture":"#1"},"west":{"uv":[0.0,0.0,0.0,16.0],"texture":"#1"},"up":{"uv":[0.0,0.0,16.0,0.0],"texture":"#1","rotation":180},"down":{"uv":[0.0,0.0,16.0,0.0],"texture":"#1","rotation":180}}},{"from":[-0.48528,-0.92893,-3.9],"to":[-0.48528,15.07107,20.1],"rotation":{"origin":[-0.48528,7.07107,8.1],"axis":"z","angle":45.0},"faces":{"north":{"uv":[0.0,0.0,0.0,16.0],"texture":"#1"},"east":{"uv":[0.0,5.0,12.0,13.0],"texture":"#1"},"south":{"uv":[0.0,0.0,0.0,16.0],"texture":"#1"},"west":{"uv":[12.0,5.0,0.0,13.0],"texture":"#1"},"up":{"uv":[0.0,0.0,16.0,0.0],"texture":"#1","rotation":270},"down":{"uv":[0.0,0.0,16.0,0.0],"texture":"#1","rotation":90}}},{"from":[-4.0,12.7,-16.0],"to":[20.0,12.7,-6.0],"rotation":{"origin":[8.0,12.7,-6.0],"axis":"x","angle":-22.5},"faces":{"north":{"uv":[0.0,0.0,16.0,0.0],"texture":"#1","rotation":180},"east":{"uv":[0.0,0.0,0.0,10.0],"texture":"#1","rotation":90},"south":{"uv":[0.0,0.0,16.0,0.0],"texture":"#1"},"west":{"uv":[0.0,0.0,0.0,10.0],"texture":"#1","rotation":270},"up":{"uv":[0.0,0.0,12.0,5.0],"texture":"#1"},"down":{"uv":[0.0,5.0,12.0,0.0],"texture":"#1"}}},{"from":[22.0,12.7,-4.0],"to":[32.0,12.7,20.0],"rotation":{"origin":[22.0,12.7,8.0],"axis":"z","angle":-22.5},"faces":{"north":{"uv":[0.0,0.0,0.0,10.0],"texture":"#1","rotation":270},"east":{"uv":[0.0,0.0,16.0,0.0],"texture":"#1","rotation":180},"south":{"uv":[0.0,0.0,0.0,10.0],"texture":"#1","rotation":90},"west":{"uv":[0.0,0.0,16.0,0.0],"texture":"#1"},"up":{"uv":[0.0,0.0,12.0,5.0],"texture":"#1","rotation":90},"down":{"uv":[0.0,5.0,12.0,0.0],"texture":"#1","rotation":270}}},{"from":[-4.0,12.7,22.0],"to":[20.0,12.7,32.0],"rotation":{"origin":[8.0,12.7,22.0],"axis":"x","angle":22.5},"faces":{"north":{"uv":[0.0,0.0,16.0,0.0],"texture":"#1"},"east":{"uv":[0.0,0.0,0.0,10.0],"texture":"#1","rotation":270},"south":{"uv":[0.0,0.0,16.0,0.0],"texture":"#1","rotation":180},"west":{"uv":[0.0,0.0,0.0,10.0],"texture":"#1","rotation":90},"up":{"uv":[0.0,0.0,12.0,5.0],"texture":"#1","rotation":180},"down":{"uv":[0.0,5.0,12.0,0.0],"texture":"#1","rotation":180}}},{"from":[-16.0,12.7,-4.0],"to":[-6.0,12.7,20.0],"rotation":{"origin":[-6.0,12.7,8.0],"axis":"z","angle":22.5},"faces":{"north":{"uv":[0.0,0.0,0.0,10.0],"texture":"#1","rotation":90},"east":{"uv":[0.0,0.0,16.0,0.0],"texture":"#1"},"south":{"uv":[0.0,0.0,0.0,10.0],"texture":"#1","rotation":270},"west":{"uv":[0.0,0.0,16.0,0.0],"texture":"#1","rotation":180},"up":{"uv":[0.0,0.0,12.0,5.0],"texture":"#1","rotation":270},"down":{"uv":[0.0,5.0,12.0,0.0],"texture":"#1","rotation":90}}}],"textures":{"1":"infinitecrops:2fa2f448-8e00-43c4-939e-c32d7ada187f"}}