{"display":{"thirdperson_righthand":{"rotation":[-90.0,-90.0,-90.0],"translation":[-0.25,-3.25,2.75],"scale":[0.45,0.85,0.8]},"thirdperson_lefthand":{"rotation":[90.0,90.0,-90.0],"translation":[0.5,-3.25,2.75],"scale":[0.45,0.85,0.8]},"firstperson_righthand":{"rotation":[90.0,-90.0,-90.0],"translation":[0.0,0.0,5.0],"scale":[0.45,0.85,0.8]},"firstperson_lefthand":{"translation":[21.0,0.0,0.0]},"ground":{"translation":[0.0,-2.25,0.0],"scale":[0.5,0.85,0.8]},"gui":{"rotation":[45.0,-45.0,0.0],"translation":[0.0,-1.25,0.0]},"head":{"rotation":[-90.0,90.0,-90.0],"translation":[1.5,5.25,5.75],"scale":[2.5,2.5,2.5]},"fixed":{"rotation":[-90.0,90.0,0.0],"translation":[0.0,0.0,-2.0]}},"elements":[{"from":[2.0,6.0,5.0],"to":[13.0,7.0,10.0],"rotation":{"origin":[2.0,6.0,5.0],"axis":"y","angle":0.0},"faces":{"north":{"uv":[3.0,7.5,8.5,8.0],"texture":"#0"},"east":{"uv":[3.0,8.5,5.5,9.0],"texture":"#0"},"south":{"uv":[3.0,8.0,8.5,8.5],"texture":"#0"},"west":{"uv":[8.5,3.0,11.0,3.5],"texture":"#0"},"up":{"uv":[5.5,2.5,0.0,0.0],"texture":"#0"},"down":{"uv":[5.5,2.5,0.0,5.0],"texture":"#0"}}},{"from":[2.0,12.0,5.0],"to":[3.0,13.0,10.0],"rotation":{"origin":[2.0,12.0,5.0],"axis":"y","angle":0.0},"faces":{"north":{"uv":[9.5,5.5,10.0,6.0],"texture":"#0"},"east":{"uv":[8.5,3.5,11.0,4.0],"texture":"#0"},"south":{"uv":[9.5,6.0,10.0,6.5],"texture":"#0"},"west":{"uv":[8.5,4.0,11.0,4.5],"texture":"#0"},"up":{"uv":[6.0,11.0,5.5,8.5],"texture":"#0"},"down":{"uv":[6.5,8.5,6.0,11.0],"texture":"#0"}}},{"from":[2.0,7.0,4.0],"to":[3.0,12.0,5.0],"rotation":{"origin":[2.0,7.0,4.0],"axis":"y","angle":0.0},"faces":{"north":{"uv":[6.5,8.5,7.0,11.0],"texture":"#0"},"east":{"uv":[7.0,8.5,7.5,11.0],"texture":"#0"},"south":{"uv":[7.5,8.5,8.0,11.0],"texture":"#0"},"west":{"uv":[8.5,7.5,9.0,10.0],"texture":"#0"},"up":{"uv":[10.0,7.0,9.5,6.5],"texture":"#0"},"down":{"uv":[10.0,7.0,9.5,7.5],"texture":"#0"}}},{"from":[2.0,7.0,10.0],"to":[3.0,12.0,11.0],"rotation":{"origin":[2.0,7.0,10.0],"axis":"y","angle":0.0},"faces":{"north":{"uv":[8.0,8.5,8.5,11.0],"texture":"#0"},"east":{"uv":[3.0,9.0,3.5,11.5],"texture":"#0"},"south":{"uv":[3.5,9.0,4.0,11.5],"texture":"#0"},"west":{"uv":[4.0,9.0,4.5,11.5],"texture":"#0"},"up":{"uv":[10.0,8.0,9.5,7.5],"texture":"#0"},"down":{"uv":[10.0,8.0,9.5,8.5],"texture":"#0"}}},{"from":[7.0,12.0,5.0],"to":[13.0,13.0,10.0],"rotation":{"origin":[7.0,12.0,5.0],"axis":"y","angle":0.0},"faces":{"north":{"uv":[8.5,0.0,11.5,0.5],"texture":"#0"},"east":{"uv":[8.5,4.5,11.0,5.0],"texture":"#0"},"south":{"uv":[8.5,0.5,11.5,1.0],"texture":"#0"},"west":{"uv":[9.0,5.0,11.5,5.5],"texture":"#0"},"up":{"uv":[3.0,7.5,0.0,5.0],"texture":"#0"},"down":{"uv":[6.0,5.0,3.0,7.5],"texture":"#0"}}},{"from":[7.0,7.0,10.0],"to":[13.0,12.0,11.0],"rotation":{"origin":[7.0,7.0,10.0],"axis":"y","angle":0.0},"faces":{"north":{"uv":[5.5,0.0,8.5,2.5],"texture":"#0"},"east":{"uv":[4.5,9.0,5.0,11.5],"texture":"#0"},"south":{"uv":[5.5,2.5,8.5,5.0],"texture":"#0"},"west":{"uv":[5.0,9.0,5.5,11.5],"texture":"#0"},"up":{"uv":[11.5,1.5,8.5,1.0],"texture":"#0"},"down":{"uv":[11.5,1.5,8.5,2.0],"texture":"#0"}}},{"from":[7.0,7.0,4.0],"to":[13.0,12.0,5.0],"rotation":{"origin":[7.0,7.0,4.0],"axis":"y","angle":0.0},"faces":{"north":{"uv":[6.0,5.0,9.0,7.5],"texture":"#0"},"east":{"uv":[9.0,5.5,9.5,8.0],"texture":"#0"},"south":{"uv":[0.0,7.5,3.0,10.0],"texture":"#0"},"west":{"uv":[9.0,8.0,9.5,10.5],"texture":"#0"},"up":{"uv":[11.5,2.5,8.5,2.0],"texture":"#0"},"down":{"uv":[11.5,2.5,8.5,3.0],"texture":"#0"}}}],"textures":{"0":"infinitecrops:94878818-00ef-4043-9512-b2084ab3eff7"}}