{"parent":"infinitecrops:09ca7269-e3a2-472a-ae31-58a3b6bd5c4d","display":{"thirdperson_righthand":{"rotation":[0.0,-180.0,0.0],"translation":[0.0,2.75,0.75],"scale":[0.4,0.4,0.4]},"thirdperson_lefthand":{"translation":[0.0,2.75,0.75],"scale":[0.4,0.4,0.4]},"firstperson_righthand":{"rotation":[0.0,140.0,0.0],"translation":[3.5,2.5,0.0],"scale":[0.4,0.4,0.4]},"firstperson_lefthand":{"rotation":[0.0,-44.0,0.0],"translation":[-1.0,4.25,2.75],"scale":[0.4,0.4,0.4]},"ground":{"translation":[0.0,2.0,0.0],"scale":[0.5,0.5,0.5]}},"textures":{"particle":"infinitecrops:0cc6148d-2a5d-4886-9ac9-42c5b04cfe5b","1":"infinitecrops:e922fa35-3275-44f5-8718-27ae982ef5cc","2":"infinitecrops:0cc6148d-2a5d-4886-9ac9-42c5b04cfe5b"}}