{"display":{"thirdperson_righthand":{"scale":[0.5,0.5,0.5]},"thirdperson_lefthand":{"scale":[0.5,0.5,0.5]},"ground":{"translation":[0.0,7.25,0.0]},"fixed":{"rotation":[-90.0,0.0,0.0],"translation":[0.0,0.0,-14.75],"scale":[2.0,2.0,2.0]}},"elements":[{"from":[8.0,0.0,-0.5],"to":[8.0,16.0,15.5],"rotation":{"origin":[8.0,8.0,8.0],"axis":"y","angle":0.0},"faces":{"north":{"uv":[0.0,0.0,0.0,16.0],"texture":"#layer0"},"east":{"uv":[0.0,0.0,16.0,16.0],"texture":"#layer0"},"south":{"uv":[0.0,0.0,0.0,16.0],"texture":"#layer0"},"west":{"uv":[16.0,0.0,0.0,16.0],"texture":"#layer0"},"up":{"uv":[0.0,0.0,16.0,0.0],"texture":"#layer0","rotation":90},"down":{"uv":[0.0,0.0,16.0,0.0],"texture":"#layer0","rotation":270}}},{"from":[0.5,0.0,8.0],"to":[16.5,16.0,8.0],"rotation":{"origin":[8.0,8.0,8.0],"axis":"y","angle":0.0},"faces":{"north":{"uv":[16.0,0.0,0.0,16.0],"texture":"#layer0"},"east":{"uv":[0.0,0.0,0.0,16.0],"texture":"#layer0"},"south":{"uv":[0.0,0.0,16.0,16.0],"texture":"#layer0"},"west":{"uv":[0.0,0.0,0.0,16.0],"texture":"#layer0"},"up":{"uv":[0.0,0.0,16.0,0.0],"texture":"#layer0"},"down":{"uv":[0.0,0.0,16.0,0.0],"texture":"#layer0"}}}],"textures":{"layer0":"infinitecrops:da6c8e76-c0d2-45d0-9d19-476bff9c3a25"},"gui_light":"front"}