{"display":{"gui":{"rotation":[11.27,16.24,2.6]},"fixed":{"rotation":[-90.0,0.0,0.0],"translation":[0.0,0.0,-14.75],"scale":[2.0,2.0,2.0]},"thirdperson_righthand":{"rotation":[0.0,-180.0,0.0],"translation":[0.0,2.75,0.75],"scale":[0.4,0.4,0.4]},"thirdperson_lefthand":{"translation":[0.0,2.75,0.75],"scale":[0.4,0.4,0.4]},"firstperson_righthand":{"rotation":[0.0,140.0,0.0],"translation":[3.5,2.5,0.0],"scale":[0.4,0.4,0.4]},"firstperson_lefthand":{"rotation":[0.0,-44.0,0.0],"translation":[-1.0,4.25,2.75],"scale":[0.4,0.4,0.4]},"ground":{"translation":[0.0,2.0,0.0],"scale":[0.5,0.5,0.5]}},"elements":[{"from":[-1.0,0.0,8.0],"to":[17.0,16.0,8.0],"rotation":{"origin":[8.0,8.0,8.0],"axis":"y","angle":-45.0},"faces":{"north":{"uv":[0.0,0.0,16.0,16.0],"texture":"#1"},"east":{"uv":[0.0,0.0,16.0,16.0],"texture":"#1"},"south":{"uv":[0.0,0.0,16.0,16.0],"texture":"#1"},"west":{"uv":[0.0,0.0,16.0,16.0],"texture":"#1"},"up":{"uv":[0.0,0.0,16.0,16.0],"texture":"#1"},"down":{"uv":[0.0,0.0,16.0,16.0],"texture":"#1"}}},{"from":[8.0,0.0,-1.0],"to":[8.0,16.0,17.0],"rotation":{"origin":[8.0,8.0,8.0],"axis":"y","angle":-45.0},"faces":{"north":{"uv":[0.0,0.0,16.0,16.0],"texture":"#1","cullface":"south"},"east":{"uv":[0.0,0.0,16.0,16.0],"texture":"#1","cullface":"south"},"south":{"uv":[0.0,0.0,16.0,16.0],"texture":"#1","cullface":"south"},"west":{"uv":[0.0,0.0,16.0,16.0],"texture":"#1","cullface":"south"},"up":{"uv":[0.0,0.0,16.0,16.0],"texture":"#1","cullface":"south"},"down":{"uv":[0.0,0.0,16.0,16.0],"texture":"#1","cullface":"south"}}}],"textures":{"1":"infinitecrops:76d7a4bc-d924-461e-a607-a7c5c500b63f"},"gui_light":"front"}