{"parent":"infinitecrops:49b1ef0c-9ca1-4330-93f6-615919942c21","display":{"thirdperson_righthand":{"rotation":[0.0,-180.0,0.0],"translation":[0.0,2.75,0.75],"scale":[0.4,0.4,0.4]},"thirdperson_lefthand":{"translation":[0.0,2.75,0.75],"scale":[0.4,0.4,0.4]},"firstperson_righthand":{"rotation":[0.0,140.0,0.0],"translation":[3.5,2.5,0.0],"scale":[0.4,0.4,0.4]},"firstperson_lefthand":{"rotation":[0.0,-44.0,0.0],"translation":[-1.0,4.25,2.75],"scale":[0.4,0.4,0.4]},"ground":{"translation":[0.0,2.0,0.0],"scale":[0.5,0.5,0.5]}},"textures":{"1":"infinitecrops:fc621003-4325-448b-a6b6-201833e86898"}}