{"display":{"thirdperson_righthand":{"rotation":[90.0,0.0,0.0],"translation":[-0.25,3.75,0.75],"scale":[0.25,0.25,0.25]},"thirdperson_lefthand":{"rotation":[90.0,0.0,0.0],"translation":[0.5,3.75,1.0],"scale":[0.25,0.25,0.25]},"firstperson_righthand":{"rotation":[90.0,-10.0,-5.0],"translation":[4.0,3.5,0.0],"scale":[0.25,0.25,0.25]},"firstperson_lefthand":{"rotation":[90.0,10.0,5.0],"translation":[4.25,3.75,0.0],"scale":[0.25,0.25,0.25]},"ground":{"translation":[0.0,0.0,-1.75],"scale":[0.25,0.25,0.25]},"gui":{"rotation":[90.0,17.0,-43.0],"translation":[0.0,3.75,0.0],"scale":[0.5,0.5,0.5]},"head":{"scale":[0.0,0.0,0.0]},"fixed":{"rotation":[90.0,0.0,0.0],"translation":[-0.75,3.75,0.0],"scale":[0.5,0.5,0.5]}},"elements":[{"from":[3.0,0.0,3.0],"to":[4.0,1.0,4.0],"rotation":{"origin":[3.0,0.0,3.0],"axis":"y","angle":0.0},"faces":{"north":{"uv":[2.5,10.0,3.0,10.5],"texture":"#0"},"east":{"uv":[2.5,10.5,3.0,11.0],"texture":"#0"},"south":{"uv":[2.5,11.0,3.0,11.5],"texture":"#0"},"west":{"uv":[2.5,11.5,3.0,12.0],"texture":"#0"},"up":{"uv":[6.0,12.0,5.5,11.5],"texture":"#0"},"down":{"uv":[12.0,11.0,11.5,11.5],"texture":"#0"}}},{"from":[2.0,1.0,3.0],"to":[5.0,6.0,4.0],"rotation":{"origin":[2.0,1.0,3.0],"axis":"y","angle":0.0},"faces":{"north":{"uv":[3.0,5.0,4.5,7.5],"texture":"#0"},"east":{"uv":[7.0,9.5,7.5,12.0],"texture":"#0"},"south":{"uv":[4.5,5.0,6.0,7.5],"texture":"#0"},"west":{"uv":[0.0,10.0,0.5,12.5],"texture":"#0"},"up":{"uv":[10.0,10.5,8.5,10.0],"texture":"#0"},"down":{"uv":[11.5,10.0,10.0,10.5],"texture":"#0"}}},{"from":[2.0,6.0,4.0],"to":[5.0,7.0,14.0],"rotation":{"origin":[2.0,6.0,4.0],"axis":"y","angle":0.0},"faces":{"north":{"uv":[8.5,10.5,10.0,11.0],"texture":"#0"},"east":{"uv":[7.5,5.5,12.5,6.0],"texture":"#0"},"south":{"uv":[10.0,10.5,11.5,11.0],"texture":"#0"},"west":{"uv":[7.5,6.0,12.5,6.5],"texture":"#0"},"up":{"uv":[1.5,5.0,0.0,0.0],"texture":"#0"},"down":{"uv":[3.0,0.0,1.5,5.0],"texture":"#0"}}},{"from":[2.0,7.0,14.0],"to":[17.0,8.0,15.0],"rotation":{"origin":[2.0,7.0,14.0],"axis":"y","angle":0.0},"faces":{"north":{"uv":[6.0,0.0,13.5,0.5],"texture":"#0"},"east":{"uv":[7.0,12.0,7.5,12.5],"texture":"#0"},"south":{"uv":[6.0,0.5,13.5,1.0],"texture":"#0"},"west":{"uv":[8.5,12.0,9.0,12.5],"texture":"#0"},"up":{"uv":[13.5,1.5,6.0,1.0],"texture":"#0"},"down":{"uv":[13.5,1.5,6.0,2.0],"texture":"#0"}}},{"from":[3.0,6.0,3.0],"to":[4.0,7.0,4.0],"rotation":{"origin":[3.0,6.0,3.0],"axis":"y","angle":0.0},"faces":{"north":{"uv":[11.5,11.5,12.0,12.0],"texture":"#0"},"east":{"uv":[2.5,12.0,3.0,12.5],"texture":"#0"},"south":{"uv":[4.0,12.0,4.5,12.5],"texture":"#0"},"west":{"uv":[4.5,12.0,5.0,12.5],"texture":"#0"},"up":{"uv":[5.5,12.5,5.0,12.0],"texture":"#0"},"down":{"uv":[6.0,12.0,5.5,12.5],"texture":"#0"}}},{"from":[9.0,0.0,3.0],"to":[10.0,1.0,4.0],"rotation":{"origin":[9.0,0.0,3.0],"axis":"y","angle":0.0},"faces":{"north":{"uv":[9.0,12.0,9.5,12.5],"texture":"#0"},"east":{"uv":[9.5,12.0,10.0,12.5],"texture":"#0"},"south":{"uv":[10.0,12.0,10.5,12.5],"texture":"#0"},"west":{"uv":[10.5,12.0,11.0,12.5],"texture":"#0"},"up":{"uv":[11.5,12.5,11.0,12.0],"texture":"#0"},"down":{"uv":[12.5,11.0,12.0,11.5],"texture":"#0"}}},{"from":[8.0,1.0,3.0],"to":[11.0,6.0,4.0],"rotation":{"origin":[8.0,1.0,3.0],"axis":"y","angle":0.0},"faces":{"north":{"uv":[6.0,2.0,7.5,4.5],"texture":"#0"},"east":{"uv":[0.5,10.0,1.0,12.5],"texture":"#0"},"south":{"uv":[6.0,4.5,7.5,7.0],"texture":"#0"},"west":{"uv":[1.0,10.0,1.5,12.5],"texture":"#0"},"up":{"uv":[10.0,11.5,8.5,11.0],"texture":"#0"},"down":{"uv":[11.5,11.0,10.0,11.5],"texture":"#0"}}},{"from":[8.0,6.0,4.0],"to":[11.0,7.0,14.0],"rotation":{"origin":[8.0,6.0,4.0],"axis":"y","angle":0.0},"faces":{"north":{"uv":[4.0,11.5,5.5,12.0],"texture":"#0"},"east":{"uv":[7.5,6.5,12.5,7.0],"texture":"#0"},"south":{"uv":[8.5,11.5,10.0,12.0],"texture":"#0"},"west":{"uv":[7.5,7.0,12.5,7.5],"texture":"#0"},"up":{"uv":[4.5,5.0,3.0,0.0],"texture":"#0"},"down":{"uv":[6.0,0.0,4.5,5.0],"texture":"#0"}}},{"from":[9.0,6.0,3.0],"to":[10.0,7.0,4.0],"rotation":{"origin":[9.0,6.0,3.0],"axis":"y","angle":0.0},"faces":{"north":{"uv":[11.5,12.0,12.0,12.5],"texture":"#0"},"east":{"uv":[12.0,11.5,12.5,12.0],"texture":"#0"},"south":{"uv":[12.0,12.0,12.5,12.5],"texture":"#0"},"west":{"uv":[0.0,12.5,0.5,13.0],"texture":"#0"},"up":{"uv":[1.0,13.0,0.5,12.5],"texture":"#0"},"down":{"uv":[1.5,12.5,1.0,13.0],"texture":"#0"}}},{"from":[15.0,0.0,3.0],"to":[16.0,1.0,4.0],"rotation":{"origin":[15.0,0.0,3.0],"axis":"y","angle":0.0},"faces":{"north":{"uv":[1.5,12.5,2.0,13.0],"texture":"#0"},"east":{"uv":[2.0,12.5,2.5,13.0],"texture":"#0"},"south":{"uv":[2.5,12.5,3.0,13.0],"texture":"#0"},"west":{"uv":[4.0,12.5,4.5,13.0],"texture":"#0"},"up":{"uv":[5.0,13.0,4.5,12.5],"texture":"#0"},"down":{"uv":[5.5,12.5,5.0,13.0],"texture":"#0"}}},{"from":[14.0,1.0,3.0],"to":[17.0,6.0,4.0],"rotation":{"origin":[14.0,1.0,3.0],"axis":"y","angle":0.0},"faces":{"north":{"uv":[6.0,7.0,7.5,9.5],"texture":"#0"},"east":{"uv":[1.5,10.0,2.0,12.5],"texture":"#0"},"south":{"uv":[7.5,2.0,9.0,4.5],"texture":"#0"},"west":{"uv":[2.0,10.0,2.5,12.5],"texture":"#0"},"up":{"uv":[13.0,9.0,11.5,8.5],"texture":"#0"},"down":{"uv":[11.5,11.5,10.0,12.0],"texture":"#0"}}},{"from":[14.0,6.0,4.0],"to":[17.0,7.0,14.0],"rotation":{"origin":[14.0,6.0,4.0],"axis":"y","angle":0.0},"faces":{"north":{"uv":[11.5,10.0,13.0,10.5],"texture":"#0"},"east":{"uv":[7.5,7.5,12.5,8.0],"texture":"#0"},"south":{"uv":[11.5,10.5,13.0,11.0],"texture":"#0"},"west":{"uv":[7.5,8.0,12.5,8.5],"texture":"#0"},"up":{"uv":[1.5,10.0,0.0,5.0],"texture":"#0"},"down":{"uv":[3.0,5.0,1.5,10.0],"texture":"#0"}}},{"from":[15.0,6.0,3.0],"to":[16.0,7.0,4.0],"rotation":{"origin":[15.0,6.0,3.0],"axis":"y","angle":0.0},"faces":{"north":{"uv":[5.5,12.5,6.0,13.0],"texture":"#0"},"east":{"uv":[12.5,5.5,13.0,6.0],"texture":"#0"},"south":{"uv":[12.5,6.0,13.0,6.5],"texture":"#0"},"west":{"uv":[12.5,6.5,13.0,7.0],"texture":"#0"},"up":{"uv":[7.5,13.0,7.0,12.5],"texture":"#0"},"down":{"uv":[13.0,7.0,12.5,7.5],"texture":"#0"}}},{"from":[15.0,6.0,14.0],"to":[16.0,7.0,15.0],"rotation":{"origin":[15.0,6.0,14.0],"axis":"y","angle":0.0},"faces":{"north":{"uv":[12.5,7.5,13.0,8.0],"texture":"#0"},"east":{"uv":[12.5,8.0,13.0,8.5],"texture":"#0"},"south":{"uv":[8.5,12.5,9.0,13.0],"texture":"#0"},"west":{"uv":[9.0,12.5,9.5,13.0],"texture":"#0"},"up":{"uv":[13.0,9.5,12.5,9.0],"texture":"#0"},"down":{"uv":[10.0,12.5,9.5,13.0],"texture":"#0"}}},{"from":[9.0,6.0,14.0],"to":[10.0,7.0,15.0],"rotation":{"origin":[9.0,6.0,14.0],"axis":"y","angle":0.0},"faces":{"north":{"uv":[12.5,9.5,13.0,10.0],"texture":"#0"},"east":{"uv":[10.0,12.5,10.5,13.0],"texture":"#0"},"south":{"uv":[10.5,12.5,11.0,13.0],"texture":"#0"},"west":{"uv":[11.0,12.5,11.5,13.0],"texture":"#0"},"up":{"uv":[13.0,11.5,12.5,11.0],"texture":"#0"},"down":{"uv":[12.0,12.5,11.5,13.0],"texture":"#0"}}},{"from":[3.0,6.0,14.0],"to":[4.0,7.0,15.0],"rotation":{"origin":[3.0,6.0,14.0],"axis":"y","angle":0.0},"faces":{"north":{"uv":[12.5,11.5,13.0,12.0],"texture":"#0"},"east":{"uv":[12.0,12.5,12.5,13.0],"texture":"#0"},"south":{"uv":[12.5,12.0,13.0,12.5],"texture":"#0"},"west":{"uv":[12.5,12.5,13.0,13.0],"texture":"#0"},"up":{"uv":[0.5,13.5,0.0,13.0],"texture":"#0"},"down":{"uv":[1.0,13.0,0.5,13.5],"texture":"#0"}}},{"from":[9.0,7.0,15.0],"to":[10.0,8.0,30.0],"rotation":{"origin":[9.0,7.0,15.0],"axis":"y","angle":0.0},"faces":{"north":{"uv":[1.0,13.0,1.5,13.5],"texture":"#0"},"east":{"uv":[7.5,4.5,15.0,5.0],"texture":"#0"},"south":{"uv":[1.5,13.0,2.0,13.5],"texture":"#0"},"west":{"uv":[7.5,5.0,15.0,5.5],"texture":"#0"},"up":{"uv":[3.5,15.0,3.0,7.5],"texture":"#0"},"down":{"uv":[4.0,7.5,3.5,15.0],"texture":"#0"}}},{"from":[9.0,8.0,22.0],"to":[10.0,9.0,30.0],"rotation":{"origin":[9.0,8.0,22.0],"axis":"y","angle":0.0},"faces":{"north":{"uv":[2.0,13.0,2.5,13.5],"texture":"#0"},"east":{"uv":[7.5,8.5,11.5,9.0],"texture":"#0"},"south":{"uv":[13.0,2.0,13.5,2.5],"texture":"#0"},"west":{"uv":[9.0,2.0,13.0,2.5],"texture":"#0"},"up":{"uv":[4.5,11.5,4.0,7.5],"texture":"#0"},"down":{"uv":[5.0,7.5,4.5,11.5],"texture":"#0"}}},{"from":[10.0,7.0,22.0],"to":[11.0,8.0,30.0],"rotation":{"origin":[10.0,7.0,22.0],"axis":"y","angle":0.0},"faces":{"north":{"uv":[2.5,13.0,3.0,13.5],"texture":"#0"},"east":{"uv":[9.0,2.5,13.0,3.0],"texture":"#0"},"south":{"uv":[13.0,2.5,13.5,3.0],"texture":"#0"},"west":{"uv":[9.0,3.0,13.0,3.5],"texture":"#0"},"up":{"uv":[5.5,11.5,5.0,7.5],"texture":"#0"},"down":{"uv":[6.0,7.5,5.5,11.5],"texture":"#0"}}},{"from":[8.0,7.0,22.0],"to":[9.0,8.0,30.0],"rotation":{"origin":[8.0,7.0,22.0],"axis":"y","angle":0.0},"faces":{"north":{"uv":[13.0,3.0,13.5,3.5],"texture":"#0"},"east":{"uv":[9.0,3.5,13.0,4.0],"texture":"#0"},"south":{"uv":[13.0,3.5,13.5,4.0],"texture":"#0"},"west":{"uv":[9.0,4.0,13.0,4.5],"texture":"#0"},"up":{"uv":[8.0,13.0,7.5,9.0],"texture":"#0"},"down":{"uv":[8.5,9.0,8.0,13.0],"texture":"#0"}}},{"from":[9.0,6.0,22.0],"to":[10.0,7.0,30.0],"rotation":{"origin":[9.0,6.0,22.0],"axis":"y","angle":0.0},"faces":{"north":{"uv":[4.0,13.0,4.5,13.5],"texture":"#0"},"east":{"uv":[8.5,9.0,12.5,9.5],"texture":"#0"},"south":{"uv":[13.0,4.0,13.5,4.5],"texture":"#0"},"west":{"uv":[8.5,9.5,12.5,10.0],"texture":"#0"},"up":{"uv":[6.5,13.5,6.0,9.5],"texture":"#0"},"down":{"uv":[7.0,9.5,6.5,13.5],"texture":"#0"}}}],"textures":{"0":"infinitecrops:0ea78b76-5557-4fa2-aba5-29462aca42ef"}}