{"display":{"gui":{"rotation":[39.38,3.35,4.08]},"fixed":{"rotation":[-90.0,0.0,0.0],"translation":[0.0,0.0,-19.0],"scale":[2.5,2.5,2.5]},"thirdperson_righthand":{"rotation":[0.0,-180.0,0.0],"translation":[0.0,2.75,0.75],"scale":[0.4,0.4,0.4]},"thirdperson_lefthand":{"translation":[0.0,2.75,0.75],"scale":[0.4,0.4,0.4]},"firstperson_righthand":{"rotation":[0.0,140.0,0.0],"translation":[3.5,2.5,0.0],"scale":[0.4,0.4,0.4]},"firstperson_lefthand":{"rotation":[0.0,-44.0,0.0],"translation":[-1.0,4.25,2.75],"scale":[0.4,0.4,0.4]},"ground":{"translation":[0.0,2.0,0.0],"scale":[0.5,0.5,0.5]}},"elements":[{"from":[5.1,0.0,5.2],"to":[10.8,5.4,10.8],"rotation":{"origin":[7.9,2.5,8.0],"axis":"y","angle":0.0},"faces":{"north":{"uv":[0.0,0.0,16.0,16.0],"texture":"#1"},"east":{"uv":[0.0,0.0,16.0,16.0],"texture":"#1"},"south":{"uv":[0.0,0.0,16.0,16.0],"texture":"#1"},"west":{"uv":[0.0,0.0,16.0,16.0],"texture":"#1"},"up":{"uv":[2.66667,2.66667,13.33333,13.33333],"texture":"#1"},"down":{"uv":[0.0,0.0,16.0,16.0],"texture":"#1"}}},{"from":[2.89795,0.04081,3.3],"to":[2.89795,6.84081,12.6],"rotation":{"origin":[4.09795,3.14081,7.95],"axis":"z","angle":45.0},"faces":{"north":{"uv":[0.0,0.0,16.0,16.0],"texture":"#0"},"east":{"uv":[0.0,0.0,16.0,16.0],"texture":"#0"},"south":{"uv":[0.0,0.0,16.0,16.0],"texture":"#0"},"west":{"uv":[0.0,0.0,16.0,16.0],"texture":"#0"},"up":{"uv":[0.0,0.0,16.0,16.0],"texture":"#0"},"down":{"uv":[0.0,0.0,16.0,16.0],"texture":"#0"}}},{"from":[13.00205,-0.05919,3.3],"to":[13.00205,6.74081,12.6],"rotation":{"origin":[11.90205,3.14081,7.95],"axis":"z","angle":-45.0},"faces":{"north":{"uv":[16.0,0.0,0.0,16.0],"texture":"#0"},"east":{"uv":[16.0,0.0,0.0,16.0],"texture":"#0"},"south":{"uv":[16.0,0.0,0.0,16.0],"texture":"#0"},"west":{"uv":[16.0,0.0,0.0,16.0],"texture":"#0"},"up":{"uv":[16.0,0.0,0.0,16.0],"texture":"#0"},"down":{"uv":[16.0,0.0,0.0,16.0],"texture":"#0"}}},{"from":[3.3,1.30573,9.54868],"to":[12.4,8.10573,9.54868],"rotation":{"origin":[6.05,-0.49427,8.44868],"axis":"x","angle":45.0},"faces":{"north":{"uv":[16.0,0.0,0.0,16.0],"texture":"#0"},"east":{"uv":[16.0,0.0,0.0,16.0],"texture":"#0"},"south":{"uv":[16.0,0.0,0.0,16.0],"texture":"#0"},"west":{"uv":[16.0,0.0,0.0,16.0],"texture":"#0"},"up":{"uv":[16.0,0.0,0.0,16.0],"texture":"#0","rotation":90},"down":{"uv":[16.0,0.0,0.0,16.0],"texture":"#0","rotation":270}}},{"from":[3.3,1.30573,6.45132],"to":[12.4,8.10573,6.45132],"rotation":{"origin":[6.05,-0.49427,7.55132],"axis":"x","angle":-45.0},"faces":{"north":{"uv":[0.0,0.0,16.0,16.0],"texture":"#0"},"east":{"uv":[0.0,0.0,16.0,16.0],"texture":"#0"},"south":{"uv":[0.0,0.0,16.0,16.0],"texture":"#0"},"west":{"uv":[0.0,0.0,16.0,16.0],"texture":"#0"},"up":{"uv":[0.0,0.0,16.0,16.0],"texture":"#0","rotation":90},"down":{"uv":[0.0,0.0,16.0,16.0],"texture":"#0","rotation":270}}},{"from":[8.0,0.0,-1.3744],"to":[8.0,18.7488,17.3744],"rotation":{"origin":[8.0,9.3744,8.0],"axis":"y","angle":-45.0},"faces":{"north":{"uv":[0.0,0.0,0.0,16.0],"texture":"#3"},"east":{"uv":[0.0,0.0,16.0,16.0],"texture":"#3"},"south":{"uv":[0.0,0.0,0.0,16.0],"texture":"#3"},"west":{"uv":[0.0,0.0,16.0,16.0],"texture":"#3"},"up":{"uv":[0.0,0.0,16.0,0.0],"texture":"#3","rotation":270},"down":{"uv":[0.0,0.0,16.0,0.0],"texture":"#3","rotation":90}}},{"from":[-1.3744,0.0,8.0],"to":[17.3744,18.7488,8.0],"rotation":{"origin":[8.0,9.3744,8.0],"axis":"y","angle":-45.0},"faces":{"north":{"uv":[0.0,0.0,16.0,16.0],"texture":"#3"},"east":{"uv":[0.0,0.0,0.0,16.0],"texture":"#3"},"south":{"uv":[0.0,0.0,16.0,16.0],"texture":"#3"},"west":{"uv":[0.0,0.0,0.0,16.0],"texture":"#3"},"up":{"uv":[0.0,0.0,16.0,0.0],"texture":"#3"},"down":{"uv":[0.0,0.0,16.0,0.0],"texture":"#3"}}}],"textures":{"particle":"infinitecrops:24ede612-275b-471b-8aa9-76b48cae731a","0":"infinitecrops:24ede612-275b-471b-8aa9-76b48cae731a","1":"infinitecrops:885a776d-d211-4d85-bf90-e594bdc25dc2","3":"infinitecrops:43af59c0-3e54-4b94-818a-17e5cfc506f9"},"gui_light":"front"}