{"parent":"infinitecrops:7a789eb5-1224-42c5-91fb-18a165e0d0af","display":{"thirdperson_righthand":{"rotation":[0.0,-180.0,0.0],"translation":[0.0,2.75,0.75],"scale":[0.4,0.4,0.4]},"thirdperson_lefthand":{"translation":[0.0,2.75,0.75],"scale":[0.4,0.4,0.4]},"firstperson_righthand":{"rotation":[0.0,140.0,0.0],"translation":[3.5,2.5,0.0],"scale":[0.4,0.4,0.4]},"firstperson_lefthand":{"rotation":[0.0,-44.0,0.0],"translation":[-1.0,4.25,2.75],"scale":[0.4,0.4,0.4]},"ground":{"translation":[0.0,2.0,0.0],"scale":[0.5,0.5,0.5]}},"textures":{"particle":"infinitecrops:ea25637a-5168-4dd7-87ed-fda22fae4ee3","1":"infinitecrops:9d45695e-e35a-4884-8640-b3b6c382d9cb","2":"infinitecrops:ea25637a-5168-4dd7-87ed-fda22fae4ee3","3":"infinitecrops:01b3205d-215d-49c7-9faf-30edcbb85bf3","4":"infinitecrops:8584d116-c531-488a-b4ec-e96c440552b1"}}