{"parent":"infinitecrops:7a789eb5-1224-42c5-91fb-18a165e0d0af","display":{"thirdperson_righthand":{"rotation":[0.0,-180.0,0.0],"translation":[0.0,2.75,0.75],"scale":[0.4,0.4,0.4]},"thirdperson_lefthand":{"translation":[0.0,2.75,0.75],"scale":[0.4,0.4,0.4]},"firstperson_righthand":{"rotation":[0.0,140.0,0.0],"translation":[3.5,2.5,0.0],"scale":[0.4,0.4,0.4]},"firstperson_lefthand":{"rotation":[0.0,-44.0,0.0],"translation":[-1.0,4.25,2.75],"scale":[0.4,0.4,0.4]},"ground":{"translation":[0.0,2.0,0.0],"scale":[0.5,0.5,0.5]}},"textures":{"particle":"infinitecrops:cdea9b89-7576-4243-a985-373ae465c877","1":"infinitecrops:9d45695e-e35a-4884-8640-b3b6c382d9cb","2":"infinitecrops:cdea9b89-7576-4243-a985-373ae465c877","3":"infinitecrops:b86c3212-3285-4320-b3b8-a20702b2fd9d"}}