{"parent":"infinitecrops:e0f498b4-a1eb-4f4c-b310-e227804be03a","display":{"thirdperson_righthand":{"rotation":[0.0,90.0,65.0],"translation":[0.75,5.25,0.5],"scale":[0.8,0.8,0.8]},"thirdperson_lefthand":{"rotation":[81.0,-87.0,13.0],"translation":[-0.75,-2.75,-2.25],"scale":[0.8,0.8,0.8]},"firstperson_righthand":{"rotation":[-176.0,80.0,-177.0],"translation":[-1.0,5.5,4.5],"scale":[0.45,0.6,0.4]},"firstperson_lefthand":{"rotation":[180.0,-114.0,-180.0],"translation":[-1.0,4.75,4.5],"scale":[0.45,0.6,0.4]},"ground":{"translation":[0.0,3.0,0.0],"scale":[0.45,0.6,0.4]}},"textures":{"0":"infinitecrops:fbdc754b-bab4-4fd9-b9db-abd16ecbf558"}}