{"parent":"infinitecrops:f20bd2f8-3506-43fa-8b24-48e8911d38b8","display":{"thirdperson_righthand":{"translation":[0.0,1.75,-0.5],"scale":[0.7,0.7,0.7]},"thirdperson_lefthand":{"translation":[0.0,1.75,-0.5],"scale":[0.7,0.7,0.7]},"firstperson_righthand":{"translation":[4.0,3.5,0.0],"scale":[0.6,0.6,0.6]},"firstperson_lefthand":{"translation":[4.0,3.5,0.0],"scale":[0.6,0.6,0.6]},"ground":{"translation":[0.0,3.0,0.0],"scale":[0.7,0.7,0.7]}},"textures":{"0":"infinitecrops:573d8dc1-f978-4b9c-aa61-a5eac69e729c"}}