{"display":{"thirdperson_righthand":{"rotation":[0.0,-180.0,0.0],"translation":[0.0,2.75,0.75],"scale":[0.4,0.4,0.4]},"thirdperson_lefthand":{"translation":[0.0,2.75,0.75],"scale":[0.4,0.4,0.4]},"ground":{"translation":[0.0,2.0,0.0],"scale":[0.5,0.5,0.5]},"gui":{"rotation":[4.28,24.53,11.84]},"fixed":{"rotation":[-90.0,0.0,0.0],"translation":[0.0,0.0,-16.0],"scale":[2.0,2.0,2.0]},"firstperson_righthand":{"rotation":[0.0,140.0,0.0],"translation":[3.5,2.5,0.0],"scale":[0.4,0.4,0.4]},"firstperson_lefthand":{"rotation":[0.0,-44.0,0.0],"translation":[-1.0,4.25,2.75],"scale":[0.4,0.4,0.4]}},"elements":[{"from":[7.025,0.0,7.22],"to":[8.975,11.7,9.17],"rotation":{"origin":[-7.6,0.0,-7.6],"axis":"y","angle":0.0},"faces":{"north":{"uv":[16.0,3.275,15.5,5.725],"texture":"#1"},"east":{"uv":[15.5,3.275,16.0,5.725],"texture":"#1"},"south":{"uv":[16.0,3.275,15.5,5.725],"texture":"#1"},"west":{"uv":[15.5,3.275,16.0,5.725],"texture":"#1"},"up":{"uv":[15.5,3.275,16.0,5.725],"texture":"#1"},"down":{"uv":[15.5,3.275,16.0,5.725],"texture":"#1"}}},{"from":[7.61,0.0,8.0],"to":[9.56,1.17,11.9],"rotation":{"origin":[8.975,0.585,9.95],"axis":"x","angle":22.5},"faces":{"north":{"uv":[15.5,5.475,16.0,6.225],"texture":"#1"},"east":{"uv":[15.75,5.475,15.5,6.225],"texture":"#1"},"south":{"uv":[16.0,5.475,15.5,6.225],"texture":"#1"},"west":{"uv":[16.0,5.475,15.75,6.225],"texture":"#1"},"up":{"uv":[16.0,5.475,15.5,6.225],"texture":"#1"},"down":{"uv":[16.0,5.475,15.5,6.225],"texture":"#1"}}},{"from":[4.1,-0.39,8.195],"to":[8.0,0.78,10.145],"rotation":{"origin":[4.685,0.585,9.95],"axis":"z","angle":22.5},"faces":{"north":{"uv":[16.0,5.475,15.75,6.225],"texture":"#1","rotation":90},"east":{"uv":[15.5,5.475,16.0,6.225],"texture":"#1"},"south":{"uv":[15.75,5.475,15.5,6.225],"texture":"#1","rotation":90},"west":{"uv":[16.0,5.475,15.5,6.225],"texture":"#1"},"up":{"uv":[16.0,5.475,15.5,6.225],"texture":"#1","rotation":90},"down":{"uv":[15.5,5.475,16.0,6.225],"texture":"#1","rotation":90}}},{"from":[6.05,0.0,4.1],"to":[8.0,1.17,8.0],"rotation":{"origin":[8.975,0.585,6.05],"axis":"x","angle":-22.5},"faces":{"north":{"uv":[15.5,5.475,16.0,6.225],"texture":"#1"},"east":{"uv":[15.5,5.475,15.75,6.225],"texture":"#1"},"south":{"uv":[16.0,5.475,15.5,6.225],"texture":"#1"},"west":{"uv":[15.75,5.475,16.0,6.225],"texture":"#1"},"up":{"uv":[16.0,6.225,15.5,5.475],"texture":"#1"},"down":{"uv":[16.0,6.225,15.5,5.475],"texture":"#1"}}},{"from":[8.57504,-0.32925,6.245],"to":[12.47504,0.84075,8.195],"rotation":{"origin":[11.50004,2.98575,6.83],"axis":"z","angle":-22.5},"faces":{"north":{"uv":[15.75,6.225,15.5,5.475],"texture":"#1","rotation":90},"east":{"uv":[16.0,5.475,15.5,6.225],"texture":"#1"},"south":{"uv":[16.0,6.225,15.75,5.475],"texture":"#1","rotation":90},"west":{"uv":[15.5,5.475,16.0,6.225],"texture":"#1"},"up":{"uv":[15.5,5.475,16.0,6.225],"texture":"#1","rotation":90},"down":{"uv":[16.0,5.475,15.5,6.225],"texture":"#1","rotation":90}}},{"from":[4.0,8.3,0.35],"to":[12.0,17.3,9.35],"rotation":{"origin":[-4.0,0.0,-4.0],"axis":"y","angle":0.0},"faces":{"north":{"uv":[0.0,0.0,2.0,2.0],"texture":"#1"},"east":{"uv":[0.0,0.0,2.0,2.0],"texture":"#1"},"south":{"uv":[0.0,0.0,2.0,2.0],"texture":"#1"},"west":{"uv":[0.0,0.0,2.0,2.0],"texture":"#1"},"up":{"uv":[0.0,0.0,2.0,2.0],"texture":"#1"},"down":{"uv":[0.0,0.0,2.0,2.0],"texture":"#1"}}},{"from":[7.4,5.9,7.3],"to":[14.9,13.4,14.8],"rotation":{"origin":[-4.0,0.0,-4.0],"axis":"y","angle":0.0},"faces":{"north":{"uv":[0.5,0.0,2.0,1.5],"texture":"#1"},"east":{"uv":[0.5,0.0,2.0,1.5],"texture":"#1"},"south":{"uv":[0.5,0.0,2.0,1.5],"texture":"#1"},"west":{"uv":[0.5,0.0,2.0,1.5],"texture":"#1"},"up":{"uv":[0.5,0.0,2.0,1.5],"texture":"#1"},"down":{"uv":[0.5,0.0,2.0,1.5],"texture":"#1"}}},{"from":[1.5,9.9,6.4],"to":[8.0,16.4,12.9],"rotation":{"origin":[5.65,13.15,11.55],"axis":"y","angle":-45.0},"faces":{"north":{"uv":[0.25,1.75,1.75,3.25],"texture":"#1"},"east":{"uv":[0.25,1.75,1.75,3.25],"texture":"#1"},"south":{"uv":[2.0,0.5,3.5,2.0],"texture":"#1"},"west":{"uv":[0.25,1.75,1.75,3.25],"texture":"#1"},"up":{"uv":[0.25,1.75,1.75,3.25],"texture":"#1"},"down":{"uv":[0.25,1.75,1.75,3.25],"texture":"#1"}}},{"from":[9.0,5.0,-2.4],"to":[9.0,21.0,16.6],"rotation":{"origin":[9.0,13.0,7.1],"axis":"y","angle":-22.5},"faces":{"north":{"uv":[1.25,5.5,4.5,9.0],"texture":"#1"},"east":{"uv":[1.25,5.5,4.5,9.0],"texture":"#1"},"south":{"uv":[1.25,5.5,4.5,9.0],"texture":"#1"},"west":{"uv":[1.25,5.5,4.5,9.0],"texture":"#1"},"up":{"uv":[1.25,5.5,4.5,9.0],"texture":"#1"},"down":{"uv":[1.25,5.5,4.5,9.0],"texture":"#1"}}},{"from":[-0.5,5.0,7.1],"to":[18.5,21.0,7.1],"rotation":{"origin":[9.0,13.0,7.1],"axis":"y","angle":-45.0},"faces":{"north":{"uv":[1.25,5.5,4.5,9.0],"texture":"#1"},"east":{"uv":[1.25,5.5,4.5,9.0],"texture":"#1"},"south":{"uv":[1.25,5.5,4.5,9.0],"texture":"#1"},"west":{"uv":[1.25,5.5,4.5,9.0],"texture":"#1"},"up":{"uv":[1.25,5.5,4.5,9.0],"texture":"#1","rotation":270},"down":{"uv":[1.25,5.5,4.5,9.0],"texture":"#1","rotation":90}}}],"textures":{"1":"infinitecrops:89346523-2562-4c81-adaa-9c4b28db6411"},"gui_light":"front"}