{"display":{"thirdperson_righthand":{"rotation":[0.0,-180.0,0.0],"translation":[0.0,2.75,0.75],"scale":[0.4,0.4,0.4]},"gui":{"rotation":[14.14,7.77,-1.94],"translation":[0.0,-1.5,0.0],"scale":[1.0,0.8,1.0]},"fixed":{"rotation":[-90.0,0.0,0.0],"translation":[0.0,0.0,-19.0],"scale":[2.5,2.5,2.5]},"thirdperson_lefthand":{"translation":[0.0,2.75,0.75],"scale":[0.4,0.4,0.4]},"firstperson_righthand":{"rotation":[0.0,140.0,0.0],"translation":[3.5,2.5,0.0],"scale":[0.4,0.4,0.4]},"firstperson_lefthand":{"rotation":[0.0,-44.0,0.0],"translation":[-1.0,4.25,2.75],"scale":[0.4,0.4,0.4]},"ground":{"translation":[0.0,2.0,0.0],"scale":[0.5,0.5,0.5]}},"elements":[{"from":[5.0,17.3,8.1],"to":[11.0,23.3,8.1],"faces":{"north":{"uv":[0.0,0.0,16.0,16.0],"texture":"#2"},"east":{"uv":[0.0,0.0,16.0,16.0],"texture":"#2"},"south":{"uv":[0.0,0.0,16.0,16.0],"texture":"#2"},"west":{"uv":[0.0,0.0,16.0,16.0],"texture":"#2"},"up":{"uv":[0.0,0.0,16.0,16.0],"texture":"#2"},"down":{"uv":[0.0,0.0,16.0,16.0],"texture":"#2"}}},{"from":[8.0,17.3,5.1],"to":[8.0,23.3,11.1],"rotation":{"origin":[8.0,21.7,8.1],"axis":"y","angle":0.0},"faces":{"north":{"uv":[0.0,0.0,16.0,16.0],"texture":"#2"},"east":{"uv":[0.0,0.0,16.0,16.0],"texture":"#2"},"south":{"uv":[0.0,0.0,16.0,16.0],"texture":"#2"},"west":{"uv":[0.0,0.0,16.0,16.0],"texture":"#2"},"up":{"uv":[0.0,0.0,16.0,16.0],"texture":"#2","rotation":270},"down":{"uv":[0.0,0.0,16.0,16.0],"texture":"#2","rotation":90}}},{"from":[8.111,0.0,-0.88],"to":[8.111,21.09,16.88],"rotation":{"origin":[8.0,10.545,8.0],"axis":"y","angle":0.0},"faces":{"north":{"uv":[3.0,5.5,13.0,16.0],"texture":"#1"},"east":{"uv":[3.0,5.5,13.0,16.0],"texture":"#1"},"south":{"uv":[3.0,5.5,13.0,16.0],"texture":"#1"},"west":{"uv":[3.0,5.5,13.0,16.0],"texture":"#1"},"up":{"uv":[3.0,5.5,13.0,16.0],"texture":"#1"},"down":{"uv":[3.0,5.5,13.0,16.0],"texture":"#1"}}},{"from":[-0.769,0.0,8.0],"to":[16.991,21.09,8.0],"rotation":{"origin":[8.111,10.545,8.0],"axis":"y","angle":0.0},"faces":{"north":{"uv":[3.0,5.5,13.0,16.0],"texture":"#1"},"east":{"uv":[3.0,5.5,13.0,16.0],"texture":"#1"},"south":{"uv":[3.0,5.5,13.0,16.0],"texture":"#1"},"west":{"uv":[3.0,5.5,13.0,16.0],"texture":"#1"},"up":{"uv":[3.0,5.5,13.0,16.0],"texture":"#1"},"down":{"uv":[3.0,5.5,13.0,16.0],"texture":"#1"}}},{"from":[-0.769,0.0,8.0],"to":[16.991,21.09,8.0],"rotation":{"origin":[8.111,10.545,8.0],"axis":"y","angle":-45.0},"faces":{"north":{"uv":[3.0,5.5,13.0,16.0],"texture":"#1"},"east":{"uv":[3.0,5.5,13.0,16.0],"texture":"#1"},"south":{"uv":[3.0,5.5,13.0,16.0],"texture":"#1"},"west":{"uv":[3.0,5.5,13.0,16.0],"texture":"#1"},"up":{"uv":[3.0,5.5,13.0,16.0],"texture":"#1"},"down":{"uv":[3.0,5.5,13.0,16.0],"texture":"#1"}}},{"from":[8.111,0.0,-0.88],"to":[8.111,21.09,16.88],"rotation":{"origin":[8.111,10.545,8.0],"axis":"y","angle":-45.0},"faces":{"north":{"uv":[3.0,5.5,13.0,16.0],"texture":"#1"},"east":{"uv":[3.0,5.5,13.0,16.0],"texture":"#1"},"south":{"uv":[3.0,5.5,13.0,16.0],"texture":"#1"},"west":{"uv":[3.0,5.5,13.0,16.0],"texture":"#1"},"up":{"uv":[3.0,5.5,13.0,16.0],"texture":"#1"},"down":{"uv":[3.0,5.5,13.0,16.0],"texture":"#1"}}},{"from":[4.249,6.655,6.427],"to":[6.669,9.075,8.847],"rotation":{"origin":[14.05,8.47,8.0],"axis":"y","angle":45.0},"faces":{"north":{"uv":[0.0,0.0,16.0,16.0],"texture":"#3"},"east":{"uv":[0.0,0.0,16.0,16.0],"texture":"#3"},"south":{"uv":[0.0,0.0,16.0,16.0],"texture":"#3"},"west":{"uv":[0.0,0.0,16.0,16.0],"texture":"#3"},"up":{"uv":[0.0,0.0,16.0,16.0],"texture":"#3"},"down":{"uv":[0.0,0.0,16.0,16.0],"texture":"#3"}}},{"from":[11.388,10.89,-0.349],"to":[13.808,13.31,2.071],"rotation":{"origin":[14.05,8.47,8.0],"axis":"y","angle":45.0},"faces":{"north":{"uv":[0.0,0.0,16.0,16.0],"texture":"#3"},"east":{"uv":[0.0,0.0,16.0,16.0],"texture":"#3"},"south":{"uv":[0.0,0.0,16.0,16.0],"texture":"#3"},"west":{"uv":[0.0,0.0,16.0,16.0],"texture":"#3"},"up":{"uv":[0.0,0.0,16.0,16.0],"texture":"#3"},"down":{"uv":[0.0,0.0,16.0,16.0],"texture":"#3"}}},{"from":[7.758,4.84,-0.349],"to":[10.178,7.26,2.071],"rotation":{"origin":[14.05,8.47,8.0],"axis":"y","angle":45.0},"faces":{"north":{"uv":[0.0,0.0,16.0,16.0],"texture":"#3"},"east":{"uv":[0.0,0.0,16.0,16.0],"texture":"#3"},"south":{"uv":[0.0,0.0,16.0,16.0],"texture":"#3"},"west":{"uv":[0.0,0.0,16.0,16.0],"texture":"#3"},"up":{"uv":[0.0,0.0,16.0,16.0],"texture":"#3"},"down":{"uv":[0.0,0.0,16.0,16.0],"texture":"#3"}}},{"from":[7.227,10.895,4.396],"to":[9.647,13.315,6.816],"rotation":{"origin":[14.05,8.47,8.0],"axis":"y","angle":45.0},"faces":{"north":{"uv":[0.0,0.0,16.0,16.0],"texture":"#3"},"east":{"uv":[0.0,0.0,16.0,16.0],"texture":"#3"},"south":{"uv":[0.0,0.0,16.0,16.0],"texture":"#3"},"west":{"uv":[0.0,0.0,16.0,16.0],"texture":"#3"},"up":{"uv":[0.0,0.0,16.0,16.0],"texture":"#3"},"down":{"uv":[0.0,0.0,16.0,16.0],"texture":"#3"}}},{"from":[6.927,14.395,0.196],"to":[9.347,16.815,2.616],"rotation":{"origin":[14.05,8.47,8.0],"axis":"y","angle":45.0},"faces":{"north":{"uv":[0.0,0.0,16.0,16.0],"texture":"#3"},"east":{"uv":[0.0,0.0,16.0,16.0],"texture":"#3"},"south":{"uv":[0.0,0.0,16.0,16.0],"texture":"#3"},"west":{"uv":[0.0,0.0,16.0,16.0],"texture":"#3"},"up":{"uv":[0.0,0.0,16.0,16.0],"texture":"#3"},"down":{"uv":[0.0,0.0,16.0,16.0],"texture":"#3"}}},{"from":[12.477,7.26,6.185],"to":[14.897,9.68,8.605],"rotation":{"origin":[14.05,8.47,8.0],"axis":"y","angle":45.0},"faces":{"north":{"uv":[0.0,0.0,16.0,16.0],"texture":"#3"},"east":{"uv":[0.0,0.0,16.0,16.0],"texture":"#3"},"south":{"uv":[0.0,0.0,16.0,16.0],"texture":"#3"},"west":{"uv":[0.0,0.0,16.0,16.0],"texture":"#3"},"up":{"uv":[0.0,0.0,16.0,16.0],"texture":"#3"},"down":{"uv":[0.0,0.0,16.0,16.0],"texture":"#3"}}},{"from":[8.477,2.76,2.985],"to":[10.897,5.18,5.405],"rotation":{"origin":[14.05,8.47,8.0],"axis":"y","angle":45.0},"faces":{"north":{"uv":[0.0,0.0,16.0,16.0],"texture":"#3"},"east":{"uv":[0.0,0.0,16.0,16.0],"texture":"#3"},"south":{"uv":[0.0,0.0,16.0,16.0],"texture":"#3"},"west":{"uv":[0.0,0.0,16.0,16.0],"texture":"#3"},"up":{"uv":[0.0,0.0,16.0,16.0],"texture":"#3"},"down":{"uv":[0.0,0.0,16.0,16.0],"texture":"#3"}}}],"textures":{"particle":"infinitecrops:17bd2d3f-f207-4fd9-b8ff-a45b14ab4ea1","1":"infinitecrops:9d45695e-e35a-4884-8640-b3b6c382d9cb","2":"infinitecrops:17bd2d3f-f207-4fd9-b8ff-a45b14ab4ea1","3":"infinitecrops:87385e4e-2044-4eb8-a90c-80034871b5ee"},"gui_light":"front"}