{"display":{"gui":{"rotation":[22.56,12.25,-5.02],"translation":[-0.5,0.75,0.0]},"fixed":{"rotation":[-90.0,0.0,0.0],"translation":[-0.25,-0.75,-19.0],"scale":[2.5,2.5,2.5]},"thirdperson_righthand":{"rotation":[0.0,-180.0,0.0],"translation":[0.0,2.75,0.75],"scale":[0.4,0.4,0.4]},"thirdperson_lefthand":{"translation":[0.0,2.75,0.75],"scale":[0.4,0.4,0.4]},"firstperson_righthand":{"rotation":[0.0,140.0,0.0],"translation":[3.5,2.5,0.0],"scale":[0.4,0.4,0.4]},"firstperson_lefthand":{"rotation":[0.0,-44.0,0.0],"translation":[-1.0,4.25,2.75],"scale":[0.4,0.4,0.4]},"ground":{"translation":[0.0,2.0,0.0],"scale":[0.5,0.5,0.5]}},"elements":[{"from":[0.0,0.8,8.0],"to":[18.0,18.8,8.0],"rotation":{"origin":[8.0,9.0,8.0],"axis":"y","angle":-45.0},"faces":{"north":{"uv":[0.0,0.0,16.0,16.0],"texture":"#0"},"east":{"uv":[0.0,0.0,0.0,16.0],"texture":"#0"},"south":{"uv":[16.0,0.0,0.0,16.0],"texture":"#0"},"west":{"uv":[0.0,0.0,0.0,16.0],"texture":"#0"},"up":{"uv":[0.0,0.0,16.0,0.0],"texture":"#0"},"down":{"uv":[0.0,0.0,16.0,0.0],"texture":"#0"}}},{"from":[8.0,0.8,-1.0],"to":[8.0,18.8,17.0],"rotation":{"origin":[8.0,9.0,8.0],"axis":"y","angle":-45.0},"faces":{"north":{"uv":[0.0,0.0,0.0,16.0],"texture":"#0"},"east":{"uv":[16.0,0.0,0.0,16.0],"texture":"#0"},"south":{"uv":[0.0,0.0,0.0,16.0],"texture":"#0"},"west":{"uv":[0.0,0.0,16.0,16.0],"texture":"#0"},"up":{"uv":[0.0,0.0,16.0,0.0],"texture":"#0","rotation":270},"down":{"uv":[0.0,0.0,16.0,0.0],"texture":"#0","rotation":90}}},{"from":[3.2,0.0,4.7],"to":[4.4,0.9,5.8],"rotation":{"origin":[9.0,1.0,1.0],"axis":"y","angle":45.0},"faces":{"north":{"uv":[0.0,9.94667,10.03333,15.96],"texture":"#1"},"east":{"uv":[0.0,9.94667,10.03333,15.96],"texture":"#1"},"south":{"uv":[0.0,9.94667,10.03333,15.96],"texture":"#1"},"west":{"uv":[0.0,9.94667,10.03333,15.96],"texture":"#1"},"up":{"uv":[0.0,9.94667,10.03333,15.96],"texture":"#1"},"down":{"uv":[0.0,9.94667,10.03333,15.96],"texture":"#1"}}},{"from":[6.8,0.0,4.7],"to":[8.0,0.9,5.8],"rotation":{"origin":[9.0,1.0,1.0],"axis":"y","angle":45.0},"faces":{"north":{"uv":[0.0,9.94667,10.03333,15.96],"texture":"#1"},"east":{"uv":[0.0,9.94667,10.03333,15.96],"texture":"#1"},"south":{"uv":[0.0,9.94667,10.03333,15.96],"texture":"#1"},"west":{"uv":[0.0,9.94667,10.03333,15.96],"texture":"#1"},"up":{"uv":[0.0,9.94667,10.03333,15.96],"texture":"#1"},"down":{"uv":[0.0,9.94667,10.03333,15.96],"texture":"#1"}}},{"from":[5.0,0.0,4.7],"to":[6.2,0.9,5.8],"rotation":{"origin":[9.0,1.0,1.0],"axis":"y","angle":45.0},"faces":{"north":{"uv":[0.0,9.94667,10.03333,15.96],"texture":"#1"},"east":{"uv":[0.0,9.94667,10.03333,15.96],"texture":"#1"},"south":{"uv":[0.0,9.94667,10.03333,15.96],"texture":"#1"},"west":{"uv":[0.0,9.94667,10.03333,15.96],"texture":"#1"},"up":{"uv":[0.0,9.94667,10.03333,15.96],"texture":"#1"},"down":{"uv":[0.0,9.94667,10.03333,15.96],"texture":"#1"}}},{"from":[-1.3,0.0,4.7],"to":[-0.1,0.9,5.8],"rotation":{"origin":[9.0,1.0,1.0],"axis":"y","angle":45.0},"faces":{"north":{"uv":[0.0,9.94667,10.03333,15.96],"texture":"#1"},"east":{"uv":[0.0,9.94667,10.03333,15.96],"texture":"#1"},"south":{"uv":[0.0,9.94667,10.03333,15.96],"texture":"#1"},"west":{"uv":[0.0,9.94667,10.03333,15.96],"texture":"#1"},"up":{"uv":[0.0,9.94667,10.03333,15.96],"texture":"#1"},"down":{"uv":[0.0,9.94667,10.03333,15.96],"texture":"#1"}}},{"from":[0.5,0.0,4.7],"to":[1.7,0.9,5.8],"rotation":{"origin":[9.0,1.0,1.0],"axis":"y","angle":45.0},"faces":{"north":{"uv":[0.0,9.94667,10.03333,15.96],"texture":"#1"},"east":{"uv":[0.0,9.94667,10.03333,15.96],"texture":"#1"},"south":{"uv":[0.0,9.94667,10.03333,15.96],"texture":"#1"},"west":{"uv":[0.0,9.94667,10.03333,15.96],"texture":"#1"},"up":{"uv":[0.0,9.94667,10.03333,15.96],"texture":"#1"},"down":{"uv":[0.0,9.94667,10.03333,15.96],"texture":"#1"}}},{"from":[2.9,0.0,1.6],"to":[3.9,0.9,2.8],"rotation":{"origin":[9.0,1.0,1.0],"axis":"y","angle":45.0},"faces":{"north":{"uv":[0.0,9.94667,10.03333,15.96],"texture":"#1"},"east":{"uv":[0.0,9.94667,10.03333,15.96],"texture":"#1"},"south":{"uv":[0.0,9.94667,10.03333,15.96],"texture":"#1"},"west":{"uv":[0.0,9.94667,10.03333,15.96],"texture":"#1"},"up":{"uv":[0.0,9.94667,10.03333,15.96],"texture":"#1"},"down":{"uv":[0.0,9.94667,10.03333,15.96],"texture":"#1"}}},{"from":[2.9,0.0,3.4],"to":[3.9,0.9,4.6],"rotation":{"origin":[9.0,1.0,1.0],"axis":"y","angle":45.0},"faces":{"north":{"uv":[0.0,9.94667,10.03333,15.96],"texture":"#1"},"east":{"uv":[0.0,9.94667,10.03333,15.96],"texture":"#1"},"south":{"uv":[0.0,9.94667,10.03333,15.96],"texture":"#1"},"west":{"uv":[0.0,9.94667,10.03333,15.96],"texture":"#1"},"up":{"uv":[0.0,9.94667,10.03333,15.96],"texture":"#1"},"down":{"uv":[0.0,9.94667,10.03333,15.96],"texture":"#1"}}},{"from":[2.9,0.0,6.1],"to":[3.9,0.9,7.3],"rotation":{"origin":[9.0,1.0,1.0],"axis":"y","angle":45.0},"faces":{"north":{"uv":[0.0,9.94667,10.03333,15.96],"texture":"#1"},"east":{"uv":[0.0,9.94667,10.03333,15.96],"texture":"#1"},"south":{"uv":[0.0,9.94667,10.03333,15.96],"texture":"#1"},"west":{"uv":[0.0,9.94667,10.03333,15.96],"texture":"#1"},"up":{"uv":[0.0,9.94667,10.03333,15.96],"texture":"#1"},"down":{"uv":[0.0,9.94667,10.03333,15.96],"texture":"#1"}}},{"from":[2.9,0.0,7.9],"to":[3.9,0.9,9.1],"rotation":{"origin":[9.0,1.0,1.0],"axis":"y","angle":45.0},"faces":{"north":{"uv":[0.0,9.94667,10.03333,15.96],"texture":"#1"},"east":{"uv":[0.0,9.94667,10.03333,15.96],"texture":"#1"},"south":{"uv":[0.0,9.94667,10.03333,15.96],"texture":"#1"},"west":{"uv":[0.0,9.94667,10.03333,15.96],"texture":"#1"},"up":{"uv":[0.0,9.94667,10.03333,15.96],"texture":"#1"},"down":{"uv":[0.0,9.94667,10.03333,15.96],"texture":"#1"}}},{"from":[2.9,0.0,9.7],"to":[3.9,0.9,10.9],"rotation":{"origin":[9.0,1.0,1.0],"axis":"y","angle":45.0},"faces":{"north":{"uv":[0.0,9.94667,10.03333,15.96],"texture":"#1"},"east":{"uv":[0.0,9.94667,10.03333,15.96],"texture":"#1"},"south":{"uv":[0.0,9.94667,10.03333,15.96],"texture":"#1"},"west":{"uv":[0.0,9.94667,10.03333,15.96],"texture":"#1"},"up":{"uv":[0.0,9.94667,10.03333,15.96],"texture":"#1"},"down":{"uv":[0.0,9.94667,10.03333,15.96],"texture":"#1"}}},{"from":[8.25251,0.0,5.82211],"to":[9.25251,0.9,7.02211],"rotation":{"origin":[8.75251,5.125,8.67211],"axis":"y","angle":0.0},"faces":{"north":{"uv":[0.0,9.94667,10.03333,15.96],"texture":"#1"},"east":{"uv":[0.0,9.94667,10.03333,15.96],"texture":"#1"},"south":{"uv":[0.0,9.94667,10.03333,15.96],"texture":"#1"},"west":{"uv":[0.0,9.94667,10.03333,15.96],"texture":"#1"},"up":{"uv":[0.0,9.94667,10.03333,15.96],"texture":"#1"},"down":{"uv":[0.0,9.94667,10.03333,15.96],"texture":"#1"}}},{"from":[8.25251,0.0,8.52211],"to":[9.25251,0.9,9.72211],"rotation":{"origin":[8.75251,5.125,8.67211],"axis":"y","angle":0.0},"faces":{"north":{"uv":[0.0,9.94667,10.03333,15.96],"texture":"#1"},"east":{"uv":[0.0,9.94667,10.03333,15.96],"texture":"#1"},"south":{"uv":[0.0,9.94667,10.03333,15.96],"texture":"#1"},"west":{"uv":[0.0,9.94667,10.03333,15.96],"texture":"#1"},"up":{"uv":[0.0,9.94667,10.03333,15.96],"texture":"#1"},"down":{"uv":[0.0,9.94667,10.03333,15.96],"texture":"#1"}}},{"from":[8.25251,0.0,10.32211],"to":[9.25251,0.9,11.52211],"rotation":{"origin":[8.75251,5.125,8.67211],"axis":"y","angle":0.0},"faces":{"north":{"uv":[0.0,9.94667,10.03333,15.96],"texture":"#1"},"east":{"uv":[0.0,9.94667,10.03333,15.96],"texture":"#1"},"south":{"uv":[0.0,9.94667,10.03333,15.96],"texture":"#1"},"west":{"uv":[0.0,9.94667,10.03333,15.96],"texture":"#1"},"up":{"uv":[0.0,9.94667,10.03333,15.96],"texture":"#1"},"down":{"uv":[0.0,9.94667,10.03333,15.96],"texture":"#1"}}},{"from":[8.25251,0.0,12.12211],"to":[9.25251,0.9,13.32211],"rotation":{"origin":[8.75251,5.125,8.67211],"axis":"y","angle":0.0},"faces":{"north":{"uv":[0.0,9.94667,10.03333,15.96],"texture":"#1"},"east":{"uv":[0.0,9.94667,10.03333,15.96],"texture":"#1"},"south":{"uv":[0.0,9.94667,10.03333,15.96],"texture":"#1"},"west":{"uv":[0.0,9.94667,10.03333,15.96],"texture":"#1"},"up":{"uv":[0.0,9.94667,10.03333,15.96],"texture":"#1"},"down":{"uv":[0.0,9.94667,10.03333,15.96],"texture":"#1"}}},{"from":[8.25251,0.0,4.02211],"to":[9.25251,0.9,5.22211],"rotation":{"origin":[8.75251,5.125,8.67211],"axis":"y","angle":0.0},"faces":{"north":{"uv":[0.0,9.94667,10.03333,15.96],"texture":"#1"},"east":{"uv":[0.0,9.94667,10.03333,15.96],"texture":"#1"},"south":{"uv":[0.0,9.94667,10.03333,15.96],"texture":"#1"},"west":{"uv":[0.0,9.94667,10.03333,15.96],"texture":"#1"},"up":{"uv":[0.0,9.94667,10.03333,15.96],"texture":"#1"},"down":{"uv":[0.0,9.94667,10.03333,15.96],"texture":"#1"}}},{"from":[8.69566,0.8,-0.33525],"to":[8.69566,18.8,17.66475],"rotation":{"origin":[8.75251,5.125,8.67211],"axis":"y","angle":0.0},"faces":{"north":{"uv":[0.0,0.0,0.0,16.0],"texture":"#0"},"east":{"uv":[0.0,0.0,16.0,16.0],"texture":"#0"},"south":{"uv":[0.0,0.0,0.0,16.0],"texture":"#0"},"west":{"uv":[16.0,0.0,0.0,16.0],"texture":"#0"},"up":{"uv":[0.0,0.0,16.0,0.0],"texture":"#0","rotation":90},"down":{"uv":[0.0,0.0,16.0,0.0],"texture":"#0","rotation":270}}}],"textures":{"particle":"infinitecrops:cd5842ce-a754-48ec-9321-1b634fc1a1ac","0":"infinitecrops:cd5842ce-a754-48ec-9321-1b634fc1a1ac","1":"infinitecrops:1312d8cb-b5bb-4d99-a965-2a9bd7b41fad"},"gui_light":"front"}