{"display":{"gui":{"rotation":[27.58,-40.86,7.41],"scale":[0.4,0.4,0.4]},"fixed":{"rotation":[-90.0,0.0,0.0],"translation":[0.75,0.0,-43.5],"scale":[2.0,2.0,2.0]},"thirdperson_righthand":{"rotation":[0.0,-180.0,0.0],"translation":[0.0,2.75,0.75],"scale":[0.4,0.4,0.4]},"thirdperson_lefthand":{"translation":[0.0,2.75,0.75],"scale":[0.4,0.4,0.4]},"firstperson_righthand":{"rotation":[0.0,140.0,0.0],"translation":[3.5,2.5,0.0],"scale":[0.4,0.4,0.4]},"firstperson_lefthand":{"rotation":[0.0,-44.0,0.0],"translation":[-1.0,4.25,2.75],"scale":[0.4,0.4,0.4]},"ground":{"translation":[0.0,2.0,0.0],"scale":[0.5,0.5,0.5]}},"elements":[{"from":[6.3425,-14.0,6.674],"to":[9.6575,5.89,9.989],"rotation":{"origin":[-18.52,-14.0,-18.52],"axis":"y","angle":0.0},"faces":{"north":{"uv":[16.0,3.275,15.5,5.725],"texture":"#1"},"east":{"uv":[15.5,3.275,16.0,5.725],"texture":"#1"},"south":{"uv":[16.0,3.275,15.5,5.725],"texture":"#1"},"west":{"uv":[15.5,3.275,16.0,5.725],"texture":"#1"},"up":{"uv":[15.5,3.275,16.0,5.725],"texture":"#1"},"down":{"uv":[15.5,3.275,16.0,5.725],"texture":"#1"}}},{"from":[7.337,-14.0,8.0],"to":[10.652,-12.011,14.63],"rotation":{"origin":[9.6575,-13.0055,11.315],"axis":"x","angle":22.5},"faces":{"north":{"uv":[15.5,5.475,16.0,6.225],"texture":"#1"},"east":{"uv":[15.75,5.475,15.5,6.225],"texture":"#1"},"south":{"uv":[16.0,5.475,15.5,6.225],"texture":"#1"},"west":{"uv":[16.0,5.475,15.75,6.225],"texture":"#1"},"up":{"uv":[16.0,5.475,15.5,6.225],"texture":"#1"},"down":{"uv":[16.0,5.475,15.5,6.225],"texture":"#1"}}},{"from":[1.37,-14.663,8.3315],"to":[8.0,-12.674,11.6465],"rotation":{"origin":[2.3645,-13.0055,11.315],"axis":"z","angle":22.5},"faces":{"north":{"uv":[16.0,5.475,15.75,6.225],"texture":"#1","rotation":90},"east":{"uv":[15.5,5.475,16.0,6.225],"texture":"#1"},"south":{"uv":[15.75,5.475,15.5,6.225],"texture":"#1","rotation":90},"west":{"uv":[16.0,5.475,15.5,6.225],"texture":"#1"},"up":{"uv":[16.0,5.475,15.5,6.225],"texture":"#1","rotation":90},"down":{"uv":[15.5,5.475,16.0,6.225],"texture":"#1","rotation":90}}},{"from":[4.685,-14.0,1.37],"to":[8.0,-12.011,8.0],"rotation":{"origin":[9.6575,-13.0055,4.685],"axis":"x","angle":-22.5},"faces":{"north":{"uv":[15.5,5.475,16.0,6.225],"texture":"#1"},"east":{"uv":[15.5,5.475,15.75,6.225],"texture":"#1"},"south":{"uv":[16.0,5.475,15.5,6.225],"texture":"#1"},"west":{"uv":[15.75,5.475,16.0,6.225],"texture":"#1"},"up":{"uv":[16.0,6.225,15.5,5.475],"texture":"#1"},"down":{"uv":[16.0,6.225,15.5,5.475],"texture":"#1"}}},{"from":[8.97757,-14.55972,5.0165],"to":[15.60757,-12.57072,8.3315],"rotation":{"origin":[13.95007,-8.92422,6.011],"axis":"z","angle":-22.5},"faces":{"north":{"uv":[15.75,6.225,15.5,5.475],"texture":"#1","rotation":90},"east":{"uv":[16.0,5.475,15.5,6.225],"texture":"#1"},"south":{"uv":[16.0,6.225,15.75,5.475],"texture":"#1","rotation":90},"west":{"uv":[15.5,5.475,16.0,6.225],"texture":"#1"},"up":{"uv":[15.5,5.475,16.0,6.225],"texture":"#1","rotation":90},"down":{"uv":[16.0,5.475,15.5,6.225],"texture":"#1","rotation":90}}},{"from":[-0.8,12.43,-7.015],"to":[15.7,27.5,8.385],"rotation":{"origin":[-5.2,3.3,-5.2],"axis":"y","angle":0.0},"faces":{"north":{"uv":[0.0,0.0,2.0,2.0],"texture":"#1"},"east":{"uv":[1.25,0.5,3.25,2.5],"texture":"#1"},"south":{"uv":[0.0,0.0,2.0,2.0],"texture":"#1"},"west":{"uv":[0.0,0.0,2.0,2.0],"texture":"#1"},"up":{"uv":[0.0,0.0,2.0,2.0],"texture":"#1"},"down":{"uv":[0.0,0.0,2.0,2.0],"texture":"#1"}}},{"from":[-8.5,4.51,2.445],"to":[8.0,19.58,17.845],"rotation":{"origin":[-5.2,3.3,-5.2],"axis":"y","angle":0.0},"faces":{"north":{"uv":[0.0,0.0,2.0,2.0],"texture":"#1"},"east":{"uv":[0.0,0.0,2.0,2.0],"texture":"#1"},"south":{"uv":[0.0,0.0,2.0,2.0],"texture":"#1"},"west":{"uv":[1.25,1.25,3.25,3.25],"texture":"#1"},"up":{"uv":[0.0,0.0,2.0,2.0],"texture":"#1"},"down":{"uv":[0.0,0.0,2.0,2.0],"texture":"#1"}}},{"from":[5.5,0.71,-1.855],"to":[22.0,15.78,13.545],"rotation":{"origin":[-5.2,3.3,-5.2],"axis":"y","angle":0.0},"faces":{"north":{"uv":[0.0,0.0,2.0,2.0],"texture":"#1"},"east":{"uv":[0.0,0.0,2.0,2.0],"texture":"#1"},"south":{"uv":[0.0,0.0,2.0,2.0],"texture":"#1"},"west":{"uv":[1.25,1.25,3.25,3.25],"texture":"#1"},"up":{"uv":[0.0,0.0,2.0,2.0],"texture":"#1"},"down":{"uv":[0.0,0.0,2.0,2.0],"texture":"#1"}}},{"from":[3.6,8.25,8.165],"to":[21.2,25.63,24.665],"rotation":{"origin":[-5.2,3.3,-5.2],"axis":"y","angle":0.0},"faces":{"north":{"uv":[0.0,0.0,2.25,2.0],"texture":"#1"},"east":{"uv":[0.75,2.0,3.0,4.0],"texture":"#1"},"south":{"uv":[1.25,1.25,3.5,3.25],"texture":"#1"},"west":{"uv":[0.0,0.0,2.25,2.0],"texture":"#1"},"up":{"uv":[1.5,6.25,3.75,8.25],"texture":"#1"},"down":{"uv":[0.0,0.0,2.25,2.0],"texture":"#1"}}},{"from":[-14.0,2.2,10.2],"to":[27.8,32.0,10.2],"rotation":{"origin":[6.9,18.7,10.2],"axis":"y","angle":-45.0},"faces":{"north":{"uv":[7.75,0.75,12.25,4.75],"texture":"#1"},"east":{"uv":[7.75,0.75,12.25,4.75],"texture":"#1"},"south":{"uv":[7.75,0.75,12.25,4.75],"texture":"#1"},"west":{"uv":[7.75,0.75,12.25,4.75],"texture":"#1"},"up":{"uv":[7.75,0.75,12.25,4.75],"texture":"#1"},"down":{"uv":[7.75,0.75,12.25,4.75],"texture":"#1"}}},{"from":[6.9,2.2,-10.7],"to":[6.9,32.0,31.1],"rotation":{"origin":[6.9,18.7,10.2],"axis":"y","angle":-22.5},"faces":{"north":{"uv":[7.75,0.75,12.25,4.75],"texture":"#1"},"east":{"uv":[7.75,0.75,12.25,4.75],"texture":"#1"},"south":{"uv":[7.75,0.75,12.25,4.75],"texture":"#1"},"west":{"uv":[7.75,0.75,12.25,4.75],"texture":"#1"},"up":{"uv":[7.75,0.75,12.25,4.75],"texture":"#1","rotation":270},"down":{"uv":[7.75,0.75,12.25,4.75],"texture":"#1","rotation":90}}},{"from":[-14.0,2.2,10.2],"to":[27.8,32.0,10.2],"rotation":{"origin":[6.9,18.7,10.2],"axis":"y","angle":0.0},"faces":{"north":{"uv":[7.75,0.75,12.25,4.75],"texture":"#1"},"east":{"uv":[7.75,0.75,12.25,4.75],"texture":"#1"},"south":{"uv":[7.75,0.75,12.25,4.75],"texture":"#1"},"west":{"uv":[7.75,0.75,12.25,4.75],"texture":"#1"},"up":{"uv":[7.75,0.75,12.25,4.75],"texture":"#1"},"down":{"uv":[7.75,0.75,12.25,4.75],"texture":"#1"}}},{"from":[-7.5012,11.755,4.19118],"to":[-2.04,15.3958,6.01158],"rotation":{"origin":[-10.4706,17.5754,0.09228],"axis":"y","angle":45.0},"faces":{"north":{"uv":[13.75,14.25,15.25,15.25],"texture":"#1"},"east":{"uv":[13.75,14.25,15.25,15.25],"texture":"#1"},"south":{"uv":[13.75,14.25,15.25,15.25],"texture":"#1"},"west":{"uv":[14.75,14.25,15.25,15.25],"texture":"#1"},"up":{"uv":[13.75,14.75,15.25,15.25],"texture":"#1"},"down":{"uv":[13.75,14.75,15.25,15.25],"texture":"#1"}}},{"from":[-6.591,10.8448,4.17297],"to":[-2.9502,16.306,5.99337],"rotation":{"origin":[-10.4706,17.5754,0.09228],"axis":"y","angle":45.0},"faces":{"north":{"uv":[14.0,13.75,15.0,15.5],"texture":"#1"},"east":{"uv":[14.0,13.75,15.0,15.5],"texture":"#1"},"south":{"uv":[14.0,13.75,15.0,15.5],"texture":"#1"},"west":{"uv":[14.5,13.75,15.0,15.5],"texture":"#1"},"up":{"uv":[14.0,13.75,15.0,14.25],"texture":"#1"},"down":{"uv":[14.0,15.0,15.0,15.5],"texture":"#1"}}},{"from":[14.91079,16.655,3.85808],"to":[20.37199,20.2958,5.67848],"rotation":{"origin":[15.64139,20.5754,4.75918],"axis":"y","angle":-45.0},"faces":{"north":{"uv":[13.75,14.25,15.25,15.25],"texture":"#1"},"east":{"uv":[13.75,14.25,15.25,15.25],"texture":"#1"},"south":{"uv":[13.75,14.25,15.25,15.25],"texture":"#1"},"west":{"uv":[14.75,14.25,15.25,15.25],"texture":"#1"},"up":{"uv":[13.75,14.75,15.25,15.25],"texture":"#1"},"down":{"uv":[13.75,14.75,15.25,15.25],"texture":"#1"}}},{"from":[15.82099,15.7448,3.83988],"to":[19.46179,21.206,5.66028],"rotation":{"origin":[15.64139,20.5754,4.75918],"axis":"y","angle":-45.0},"faces":{"north":{"uv":[14.0,13.75,15.0,15.5],"texture":"#1"},"east":{"uv":[14.0,13.75,15.0,15.5],"texture":"#1"},"south":{"uv":[14.0,13.75,15.0,15.5],"texture":"#1"},"west":{"uv":[14.5,13.75,15.0,15.5],"texture":"#1"},"up":{"uv":[14.0,13.75,15.0,14.25],"texture":"#1"},"down":{"uv":[14.0,15.0,15.0,15.5],"texture":"#1"}}},{"from":[16.91447,3.655,24.12097],"to":[18.73487,7.2958,29.58217],"rotation":{"origin":[24.83378,18.4754,13.95157],"axis":"y","angle":-45.0},"faces":{"north":{"uv":[14.75,14.25,15.25,15.25],"texture":"#1"},"east":{"uv":[13.75,14.25,15.25,15.25],"texture":"#1"},"south":{"uv":[13.75,14.25,15.25,15.25],"texture":"#1"},"west":{"uv":[13.75,14.25,15.25,15.25],"texture":"#1"},"up":{"uv":[13.75,14.75,15.25,15.25],"texture":"#1","rotation":90},"down":{"uv":[13.75,14.75,15.25,15.25],"texture":"#1","rotation":270}}},{"from":[16.93268,2.7448,25.03117],"to":[18.75308,8.206,28.67197],"rotation":{"origin":[24.83378,18.4754,13.95157],"axis":"y","angle":-45.0},"faces":{"north":{"uv":[14.5,13.75,15.0,15.5],"texture":"#1"},"east":{"uv":[14.0,13.75,15.0,15.5],"texture":"#1"},"south":{"uv":[14.0,13.75,15.0,15.5],"texture":"#1"},"west":{"uv":[14.0,13.75,15.0,15.5],"texture":"#1"},"up":{"uv":[14.0,13.75,15.0,14.25],"texture":"#1","rotation":90},"down":{"uv":[14.0,15.0,15.0,15.5],"texture":"#1","rotation":270}}},{"from":[0.47198,20.555,8.52183],"to":[2.29238,24.1958,13.98303],"rotation":{"origin":[3.69128,28.4754,11.05243],"axis":"y","angle":45.0},"faces":{"north":{"uv":[14.75,14.25,15.25,15.25],"texture":"#1"},"east":{"uv":[13.75,14.25,15.25,15.25],"texture":"#1"},"south":{"uv":[13.75,14.25,15.25,15.25],"texture":"#1"},"west":{"uv":[13.75,14.25,15.25,15.25],"texture":"#1"},"up":{"uv":[13.75,14.75,15.25,15.25],"texture":"#1","rotation":90},"down":{"uv":[13.75,14.75,15.25,15.25],"texture":"#1","rotation":270}}},{"from":[0.49019,19.6448,9.43203],"to":[2.31059,25.106,13.07283],"rotation":{"origin":[3.69128,28.4754,11.05243],"axis":"y","angle":45.0},"faces":{"north":{"uv":[14.5,13.75,15.0,15.5],"texture":"#1"},"east":{"uv":[14.0,13.75,15.0,15.5],"texture":"#1"},"south":{"uv":[14.0,13.75,15.0,15.5],"texture":"#1"},"west":{"uv":[14.0,13.75,15.0,15.5],"texture":"#1"},"up":{"uv":[14.0,13.75,15.0,14.25],"texture":"#1","rotation":90},"down":{"uv":[14.0,15.0,15.0,15.5],"texture":"#1","rotation":270}}},{"from":[10.98186,2.655,-3.28406],"to":[16.44306,6.2958,-1.46366],"rotation":{"origin":[22.71246,6.4754,-9.38296],"axis":"y","angle":0.0},"faces":{"north":{"uv":[13.75,14.25,15.25,15.25],"texture":"#1"},"east":{"uv":[13.75,14.25,15.25,15.25],"texture":"#1"},"south":{"uv":[13.75,14.25,15.25,15.25],"texture":"#1"},"west":{"uv":[14.75,14.25,15.25,15.25],"texture":"#1"},"up":{"uv":[13.75,14.75,15.25,15.25],"texture":"#1"},"down":{"uv":[13.75,14.75,15.25,15.25],"texture":"#1"}}},{"from":[11.89206,1.7448,-3.30226],"to":[15.53286,7.206,-1.48186],"rotation":{"origin":[22.71246,6.4754,-9.38296],"axis":"y","angle":0.0},"faces":{"north":{"uv":[14.0,13.75,15.0,15.5],"texture":"#1"},"east":{"uv":[14.0,13.75,15.0,15.5],"texture":"#1"},"south":{"uv":[14.0,13.75,15.0,15.5],"texture":"#1"},"west":{"uv":[14.5,13.75,15.0,15.5],"texture":"#1"},"up":{"uv":[14.0,13.75,15.0,14.25],"texture":"#1"},"down":{"uv":[14.0,15.0,15.0,15.5],"texture":"#1"}}},{"from":[8.98186,-14.045,2.71594],"to":[14.44306,-10.4042,4.53634],"rotation":{"origin":[11.71246,-12.5246,2.61704],"axis":"x","angle":22.5},"faces":{"north":{"uv":[13.75,14.25,15.25,15.25],"texture":"#1"},"east":{"uv":[13.75,14.25,15.25,15.25],"texture":"#1"},"south":{"uv":[13.75,14.25,15.25,15.25],"texture":"#1"},"west":{"uv":[14.75,14.25,15.25,15.25],"texture":"#1"},"up":{"uv":[13.75,14.75,15.25,15.25],"texture":"#1"},"down":{"uv":[13.75,14.75,15.25,15.25],"texture":"#1"}}},{"from":[9.89206,-14.9552,2.69774],"to":[13.53286,-9.494,4.51814],"rotation":{"origin":[11.71246,-12.5246,2.61704],"axis":"x","angle":22.5},"faces":{"north":{"uv":[14.0,13.75,15.0,15.5],"texture":"#1"},"east":{"uv":[14.0,13.75,15.0,15.5],"texture":"#1"},"south":{"uv":[14.0,13.75,15.0,15.5],"texture":"#1"},"west":{"uv":[14.5,13.75,15.0,15.5],"texture":"#1"},"up":{"uv":[14.0,13.75,15.0,14.25],"texture":"#1"},"down":{"uv":[14.0,15.0,15.0,15.5],"texture":"#1"}}},{"from":[-5.01814,-13.68074,13.60486],"to":[0.44306,-11.86034,17.24566],"rotation":{"origin":[-2.28754,-12.76144,15.42526],"axis":"y","angle":45.0},"faces":{"north":{"uv":[13.75,14.75,15.25,15.25],"texture":"#1","rotation":180},"east":{"uv":[13.75,14.25,15.25,15.25],"texture":"#1","rotation":270},"south":{"uv":[13.75,14.75,15.25,15.25],"texture":"#1"},"west":{"uv":[14.75,14.25,15.25,15.25],"texture":"#1","rotation":90},"up":{"uv":[13.75,14.25,15.25,15.25],"texture":"#1","rotation":180},"down":{"uv":[13.75,14.25,15.25,15.25],"texture":"#1"}}},{"from":[-4.10794,-13.66254,12.69466],"to":[-0.46714,-11.84214,18.15586],"rotation":{"origin":[-2.28754,-12.76144,15.42526],"axis":"y","angle":45.0},"faces":{"north":{"uv":[14.0,15.0,15.0,15.5],"texture":"#1","rotation":180},"east":{"uv":[14.0,13.75,15.0,15.5],"texture":"#1","rotation":270},"south":{"uv":[14.0,13.75,15.0,14.25],"texture":"#1"},"west":{"uv":[14.5,13.75,15.0,15.5],"texture":"#1","rotation":90},"up":{"uv":[14.0,13.75,15.0,15.5],"texture":"#1","rotation":180},"down":{"uv":[14.0,13.75,15.0,15.5],"texture":"#1"}}}],"textures":{"1":"infinitecrops:2a479db6-37f1-4bb9-8c02-6e37ea899f57"},"gui_light":"front"}