{"display":{"gui":{"rotation":[9.08,9.64,8.38],"scale":[0.4,0.4,0.4]},"fixed":{"rotation":[-90.0,0.0,0.0],"translation":[0.75,0.0,-43.5],"scale":[2.0,2.0,2.0]},"thirdperson_righthand":{"rotation":[0.0,-180.0,0.0],"translation":[0.0,2.75,0.75],"scale":[0.4,0.4,0.4]},"thirdperson_lefthand":{"translation":[0.0,2.75,0.75],"scale":[0.4,0.4,0.4]},"firstperson_righthand":{"rotation":[0.0,140.0,0.0],"translation":[3.5,2.5,0.0],"scale":[0.4,0.4,0.4]},"firstperson_lefthand":{"rotation":[0.0,-44.0,0.0],"translation":[-1.0,4.25,2.75],"scale":[0.4,0.4,0.4]},"ground":{"translation":[0.0,2.0,0.0],"scale":[0.5,0.5,0.5]}},"elements":[{"from":[6.3425,-14.0,6.674],"to":[9.6575,5.89,9.989],"rotation":{"origin":[-18.52,-14.0,-18.52],"axis":"y","angle":0.0},"faces":{"north":{"uv":[16.0,3.275,15.5,5.725],"texture":"#1"},"east":{"uv":[15.5,3.275,16.0,5.725],"texture":"#1"},"south":{"uv":[16.0,3.275,15.5,5.725],"texture":"#1"},"west":{"uv":[15.5,3.275,16.0,5.725],"texture":"#1"},"up":{"uv":[15.5,3.275,16.0,5.725],"texture":"#1"},"down":{"uv":[15.5,3.275,16.0,5.725],"texture":"#1"}}},{"from":[7.337,-14.0,8.0],"to":[10.652,-12.011,14.63],"rotation":{"origin":[9.6575,-13.0055,11.315],"axis":"x","angle":22.5},"faces":{"north":{"uv":[15.5,5.475,16.0,6.225],"texture":"#1"},"east":{"uv":[15.75,5.475,15.5,6.225],"texture":"#1"},"south":{"uv":[16.0,5.475,15.5,6.225],"texture":"#1"},"west":{"uv":[16.0,5.475,15.75,6.225],"texture":"#1"},"up":{"uv":[16.0,5.475,15.5,6.225],"texture":"#1"},"down":{"uv":[16.0,5.475,15.5,6.225],"texture":"#1"}}},{"from":[1.37,-14.663,8.3315],"to":[8.0,-12.674,11.6465],"rotation":{"origin":[2.3645,-13.0055,11.315],"axis":"z","angle":22.5},"faces":{"north":{"uv":[16.0,5.475,15.75,6.225],"texture":"#1","rotation":90},"east":{"uv":[15.5,5.475,16.0,6.225],"texture":"#1"},"south":{"uv":[15.75,5.475,15.5,6.225],"texture":"#1","rotation":90},"west":{"uv":[16.0,5.475,15.5,6.225],"texture":"#1"},"up":{"uv":[16.0,5.475,15.5,6.225],"texture":"#1","rotation":90},"down":{"uv":[15.5,5.475,16.0,6.225],"texture":"#1","rotation":90}}},{"from":[4.685,-14.0,1.37],"to":[8.0,-12.011,8.0],"rotation":{"origin":[9.6575,-13.0055,4.685],"axis":"x","angle":-22.5},"faces":{"north":{"uv":[15.5,5.475,16.0,6.225],"texture":"#1"},"east":{"uv":[15.5,5.475,15.75,6.225],"texture":"#1"},"south":{"uv":[16.0,5.475,15.5,6.225],"texture":"#1"},"west":{"uv":[15.75,5.475,16.0,6.225],"texture":"#1"},"up":{"uv":[16.0,6.225,15.5,5.475],"texture":"#1"},"down":{"uv":[16.0,6.225,15.5,5.475],"texture":"#1"}}},{"from":[8.97757,-14.55972,5.0165],"to":[15.60757,-12.57072,8.3315],"rotation":{"origin":[13.95007,-8.92422,6.011],"axis":"z","angle":-22.5},"faces":{"north":{"uv":[15.75,6.225,15.5,5.475],"texture":"#1","rotation":90},"east":{"uv":[16.0,5.475,15.5,6.225],"texture":"#1"},"south":{"uv":[16.0,6.225,15.75,5.475],"texture":"#1","rotation":90},"west":{"uv":[15.5,5.475,16.0,6.225],"texture":"#1"},"up":{"uv":[15.5,5.475,16.0,6.225],"texture":"#1","rotation":90},"down":{"uv":[16.0,5.475,15.5,6.225],"texture":"#1","rotation":90}}},{"from":[-0.8,12.43,-7.015],"to":[15.7,27.5,8.385],"rotation":{"origin":[-5.2,3.3,-5.2],"axis":"y","angle":0.0},"faces":{"north":{"uv":[0.0,0.0,2.0,2.0],"texture":"#1"},"east":{"uv":[1.25,0.5,3.25,2.5],"texture":"#1"},"south":{"uv":[0.0,0.0,2.0,2.0],"texture":"#1"},"west":{"uv":[0.0,0.0,2.0,2.0],"texture":"#1"},"up":{"uv":[0.0,0.0,2.0,2.0],"texture":"#1"},"down":{"uv":[0.0,0.0,2.0,2.0],"texture":"#1"}}},{"from":[-8.5,4.51,2.445],"to":[8.0,19.58,17.845],"rotation":{"origin":[-5.2,3.3,-5.2],"axis":"y","angle":0.0},"faces":{"north":{"uv":[0.0,0.0,2.0,2.0],"texture":"#1"},"east":{"uv":[0.0,0.0,2.0,2.0],"texture":"#1"},"south":{"uv":[0.0,0.0,2.0,2.0],"texture":"#1"},"west":{"uv":[1.25,1.25,3.25,3.25],"texture":"#1"},"up":{"uv":[0.0,0.0,2.0,2.0],"texture":"#1"},"down":{"uv":[0.0,0.0,2.0,2.0],"texture":"#1"}}},{"from":[5.5,0.71,-1.855],"to":[22.0,15.78,13.545],"rotation":{"origin":[-5.2,3.3,-5.2],"axis":"y","angle":0.0},"faces":{"north":{"uv":[0.0,0.0,2.0,2.0],"texture":"#1"},"east":{"uv":[0.0,0.0,2.0,2.0],"texture":"#1"},"south":{"uv":[0.0,0.0,2.0,2.0],"texture":"#1"},"west":{"uv":[1.25,1.25,3.25,3.25],"texture":"#1"},"up":{"uv":[0.0,0.0,2.0,2.0],"texture":"#1"},"down":{"uv":[0.0,0.0,2.0,2.0],"texture":"#1"}}},{"from":[3.6,8.25,8.165],"to":[21.2,25.63,24.665],"rotation":{"origin":[-5.2,3.3,-5.2],"axis":"y","angle":0.0},"faces":{"north":{"uv":[0.0,0.0,2.25,2.0],"texture":"#1"},"east":{"uv":[0.75,2.0,3.0,4.0],"texture":"#1"},"south":{"uv":[1.25,1.25,3.5,3.25],"texture":"#1"},"west":{"uv":[0.0,0.0,2.25,2.0],"texture":"#1"},"up":{"uv":[1.5,6.25,3.75,8.25],"texture":"#1"},"down":{"uv":[0.0,0.0,2.25,2.0],"texture":"#1"}}},{"from":[-14.0,2.2,10.2],"to":[27.8,32.0,10.2],"rotation":{"origin":[6.9,18.7,10.2],"axis":"y","angle":-45.0},"faces":{"north":{"uv":[7.75,0.75,12.25,4.75],"texture":"#1"},"east":{"uv":[7.75,0.75,12.25,4.75],"texture":"#1"},"south":{"uv":[7.75,0.75,12.25,4.75],"texture":"#1"},"west":{"uv":[7.75,0.75,12.25,4.75],"texture":"#1"},"up":{"uv":[7.75,0.75,12.25,4.75],"texture":"#1"},"down":{"uv":[7.75,0.75,12.25,4.75],"texture":"#1"}}},{"from":[6.9,2.2,-10.7],"to":[6.9,32.0,31.1],"rotation":{"origin":[6.9,18.7,10.2],"axis":"y","angle":-22.5},"faces":{"north":{"uv":[7.75,0.75,12.25,4.75],"texture":"#1"},"east":{"uv":[7.75,0.75,12.25,4.75],"texture":"#1"},"south":{"uv":[7.75,0.75,12.25,4.75],"texture":"#1"},"west":{"uv":[7.75,0.75,12.25,4.75],"texture":"#1"},"up":{"uv":[7.75,0.75,12.25,4.75],"texture":"#1","rotation":270},"down":{"uv":[7.75,0.75,12.25,4.75],"texture":"#1","rotation":90}}},{"from":[-14.0,2.2,10.2],"to":[27.8,32.0,10.2],"rotation":{"origin":[6.9,18.7,10.2],"axis":"y","angle":0.0},"faces":{"north":{"uv":[7.75,0.75,12.25,4.75],"texture":"#1"},"east":{"uv":[7.75,0.75,12.25,4.75],"texture":"#1"},"south":{"uv":[7.75,0.75,12.25,4.75],"texture":"#1"},"west":{"uv":[7.75,0.75,12.25,4.75],"texture":"#1"},"up":{"uv":[7.75,0.75,12.25,4.75],"texture":"#1"},"down":{"uv":[7.75,0.75,12.25,4.75],"texture":"#1"}}},{"from":[-4.0,-0.7,3.0],"to":[1.0,1.9,8.0],"rotation":{"origin":[-1.575,-2.175,-11.5],"axis":"y","angle":0.0},"faces":{"north":{"uv":[0.0,4.0,12.0,12.0],"texture":"#2"},"east":{"uv":[0.0,4.0,12.0,12.0],"texture":"#2"},"south":{"uv":[0.0,4.0,12.0,12.0],"texture":"#2"},"west":{"uv":[0.0,4.0,12.0,12.0],"texture":"#2"},"up":{"uv":[0.0,4.0,12.0,12.0],"texture":"#2"},"down":{"uv":[0.0,4.0,12.0,12.0],"texture":"#2"}}},{"from":[-3.5,-2.4,3.5],"to":[0.5,-0.7,7.5],"rotation":{"origin":[-1.575,-2.175,-11.5],"axis":"y","angle":0.0},"faces":{"north":{"uv":[4.0,8.0,16.0,12.0],"texture":"#2"},"east":{"uv":[4.0,8.0,16.0,12.0],"texture":"#2"},"south":{"uv":[4.0,8.0,16.0,12.0],"texture":"#2"},"west":{"uv":[4.0,8.0,16.0,12.0],"texture":"#2"},"up":{"uv":[4.0,8.0,16.0,12.0],"texture":"#2"},"down":{"uv":[4.0,8.0,16.0,12.0],"texture":"#2"}}},{"from":[-3.5,1.8,3.5],"to":[0.5,3.5,7.5],"rotation":{"origin":[-1.575,-2.175,-11.5],"axis":"y","angle":0.0},"faces":{"north":{"uv":[0.0,8.0,12.0,12.0],"texture":"#2"},"east":{"uv":[0.0,8.0,12.0,12.0],"texture":"#2"},"south":{"uv":[0.0,8.0,12.0,12.0],"texture":"#2"},"west":{"uv":[0.0,8.0,12.0,12.0],"texture":"#2"},"up":{"uv":[0.0,8.0,12.0,12.0],"texture":"#2"},"down":{"uv":[0.0,8.0,12.0,12.0],"texture":"#2"}}},{"from":[-2.1,3.5,5.0],"to":[-1.2,4.8,6.0],"rotation":{"origin":[-1.575,-2.175,-11.5],"axis":"y","angle":0.0},"faces":{"north":{"uv":[15.75,0.0,16.0,0.3],"texture":"#1"},"east":{"uv":[15.75,0.0,16.0,0.3],"texture":"#1"},"south":{"uv":[15.75,0.0,16.0,0.3],"texture":"#1"},"west":{"uv":[15.75,0.0,16.0,0.3],"texture":"#1"},"up":{"uv":[15.75,0.0,16.0,0.3],"texture":"#1"},"down":{"uv":[15.75,0.0,16.0,0.3],"texture":"#1"}}},{"from":[9.1,7.3,-8.4],"to":[14.1,9.9,-3.4],"rotation":{"origin":[11.525,9.3,-5.9],"axis":"y","angle":22.5},"faces":{"north":{"uv":[0.0,4.0,12.0,12.0],"texture":"#2"},"east":{"uv":[0.0,4.0,12.0,12.0],"texture":"#2"},"south":{"uv":[0.0,4.0,12.0,12.0],"texture":"#2"},"west":{"uv":[0.0,4.0,12.0,12.0],"texture":"#2"},"up":{"uv":[0.0,4.0,12.0,12.0],"texture":"#2"},"down":{"uv":[0.0,4.0,12.0,12.0],"texture":"#2"}}},{"from":[9.6,5.6,-7.9],"to":[13.6,7.3,-3.9],"rotation":{"origin":[11.525,9.3,-5.9],"axis":"y","angle":22.5},"faces":{"north":{"uv":[4.0,8.0,16.0,12.0],"texture":"#2"},"east":{"uv":[4.0,8.0,16.0,12.0],"texture":"#2"},"south":{"uv":[4.0,8.0,16.0,12.0],"texture":"#2"},"west":{"uv":[4.0,8.0,16.0,12.0],"texture":"#2"},"up":{"uv":[4.0,8.0,16.0,12.0],"texture":"#2"},"down":{"uv":[4.0,8.0,16.0,12.0],"texture":"#2"}}},{"from":[9.6,9.8,-7.9],"to":[13.6,11.5,-3.9],"rotation":{"origin":[11.525,9.3,-5.9],"axis":"y","angle":22.5},"faces":{"north":{"uv":[0.0,8.0,12.0,12.0],"texture":"#2"},"east":{"uv":[0.0,8.0,12.0,12.0],"texture":"#2"},"south":{"uv":[0.0,8.0,12.0,12.0],"texture":"#2"},"west":{"uv":[0.0,8.0,12.0,12.0],"texture":"#2"},"up":{"uv":[0.0,8.0,12.0,12.0],"texture":"#2"},"down":{"uv":[0.0,8.0,12.0,12.0],"texture":"#2"}}},{"from":[11.0,11.5,-6.4],"to":[11.9,12.8,-5.4],"rotation":{"origin":[11.525,9.3,-5.9],"axis":"y","angle":22.5},"faces":{"north":{"uv":[15.75,0.0,16.0,0.3],"texture":"#1"},"east":{"uv":[15.75,0.0,16.0,0.3],"texture":"#1"},"south":{"uv":[15.75,0.0,16.0,0.3],"texture":"#1"},"west":{"uv":[15.75,0.0,16.0,0.3],"texture":"#1"},"up":{"uv":[15.75,0.0,16.0,0.3],"texture":"#1"},"down":{"uv":[15.75,0.0,16.0,0.3],"texture":"#1"}}},{"from":[10.3,15.9,14.6],"to":[15.3,18.5,19.6],"rotation":{"origin":[11.525,9.3,-5.9],"axis":"y","angle":22.5},"faces":{"north":{"uv":[0.0,4.0,12.0,12.0],"texture":"#2"},"east":{"uv":[0.0,4.0,12.0,12.0],"texture":"#2"},"south":{"uv":[0.0,4.0,12.0,12.0],"texture":"#2"},"west":{"uv":[0.0,4.0,12.0,12.0],"texture":"#2"},"up":{"uv":[0.0,4.0,12.0,12.0],"texture":"#2"},"down":{"uv":[0.0,4.0,12.0,12.0],"texture":"#2"}}},{"from":[10.8,14.2,15.1],"to":[14.8,15.9,19.1],"rotation":{"origin":[11.525,9.3,-5.9],"axis":"y","angle":22.5},"faces":{"north":{"uv":[4.0,8.0,16.0,12.0],"texture":"#2"},"east":{"uv":[4.0,8.0,16.0,12.0],"texture":"#2"},"south":{"uv":[4.0,8.0,16.0,12.0],"texture":"#2"},"west":{"uv":[4.0,8.0,16.0,12.0],"texture":"#2"},"up":{"uv":[4.0,8.0,16.0,12.0],"texture":"#2"},"down":{"uv":[4.0,8.0,16.0,12.0],"texture":"#2"}}},{"from":[10.8,18.4,15.1],"to":[14.8,20.1,19.1],"rotation":{"origin":[11.525,9.3,-5.9],"axis":"y","angle":22.5},"faces":{"north":{"uv":[0.0,8.0,12.0,12.0],"texture":"#2"},"east":{"uv":[0.0,8.0,12.0,12.0],"texture":"#2"},"south":{"uv":[0.0,8.0,12.0,12.0],"texture":"#2"},"west":{"uv":[0.0,8.0,12.0,12.0],"texture":"#2"},"up":{"uv":[0.0,8.0,12.0,12.0],"texture":"#2"},"down":{"uv":[0.0,8.0,12.0,12.0],"texture":"#2"}}},{"from":[12.2,20.1,16.6],"to":[13.1,21.4,17.6],"rotation":{"origin":[11.525,9.3,-5.9],"axis":"y","angle":22.5},"faces":{"north":{"uv":[15.75,0.0,16.0,0.3],"texture":"#1"},"east":{"uv":[15.75,0.0,16.0,0.3],"texture":"#1"},"south":{"uv":[15.75,0.0,16.0,0.3],"texture":"#1"},"west":{"uv":[15.75,0.0,16.0,0.3],"texture":"#1"},"up":{"uv":[15.75,0.0,16.0,0.3],"texture":"#1"},"down":{"uv":[15.75,0.0,16.0,0.3],"texture":"#1"}}},{"from":[0.35484,14.2,22.81473],"to":[5.35484,16.8,27.81473],"rotation":{"origin":[11.17984,17.9,26.71473],"axis":"x","angle":-22.5},"faces":{"north":{"uv":[0.0,4.0,12.0,12.0],"texture":"#2"},"east":{"uv":[0.0,4.0,12.0,12.0],"texture":"#2"},"south":{"uv":[0.0,4.0,12.0,12.0],"texture":"#2"},"west":{"uv":[0.0,4.0,12.0,12.0],"texture":"#2"},"up":{"uv":[0.0,4.0,12.0,12.0],"texture":"#2"},"down":{"uv":[0.0,4.0,12.0,12.0],"texture":"#2"}}},{"from":[0.85484,12.5,23.31473],"to":[4.85484,14.2,27.31473],"rotation":{"origin":[11.17984,17.9,26.71473],"axis":"x","angle":-22.5},"faces":{"north":{"uv":[4.0,8.0,16.0,12.0],"texture":"#2"},"east":{"uv":[4.0,8.0,16.0,12.0],"texture":"#2"},"south":{"uv":[4.0,8.0,16.0,12.0],"texture":"#2"},"west":{"uv":[4.0,8.0,16.0,12.0],"texture":"#2"},"up":{"uv":[4.0,8.0,16.0,12.0],"texture":"#2"},"down":{"uv":[4.0,8.0,16.0,12.0],"texture":"#2"}}},{"from":[0.85484,16.7,23.31473],"to":[4.85484,18.4,27.31473],"rotation":{"origin":[11.17984,17.9,26.71473],"axis":"x","angle":-22.5},"faces":{"north":{"uv":[0.0,8.0,12.0,12.0],"texture":"#2"},"east":{"uv":[0.0,8.0,12.0,12.0],"texture":"#2"},"south":{"uv":[0.0,8.0,12.0,12.0],"texture":"#2"},"west":{"uv":[0.0,8.0,12.0,12.0],"texture":"#2"},"up":{"uv":[0.0,8.0,12.0,12.0],"texture":"#2"},"down":{"uv":[0.0,8.0,12.0,12.0],"texture":"#2"}}},{"from":[2.25484,18.4,24.81473],"to":[3.15484,19.7,25.81473],"rotation":{"origin":[11.17984,17.9,26.71473],"axis":"x","angle":-22.5},"faces":{"north":{"uv":[15.75,0.0,16.0,0.3],"texture":"#1"},"east":{"uv":[15.75,0.0,16.0,0.3],"texture":"#1"},"south":{"uv":[15.75,0.0,16.0,0.3],"texture":"#1"},"west":{"uv":[15.75,0.0,16.0,0.3],"texture":"#1"},"up":{"uv":[15.75,0.0,16.0,0.3],"texture":"#1"},"down":{"uv":[15.75,0.0,16.0,0.3],"texture":"#1"}}}],"textures":{"particle":"infinitecrops:79c32a21-3de9-455f-b587-154d0e67b676","1":"infinitecrops:ba63f9fb-094f-474f-89b7-39f4f3bda42e","2":"infinitecrops:79c32a21-3de9-455f-b587-154d0e67b676"},"gui_light":"front"}