{"display":{"gui":{"rotation":[13.14,19.17,10.86],"translation":[-0.5,-2.0,0.0],"scale":[0.8,0.8,0.8]},"fixed":{"rotation":[-90.0,0.0,0.0],"translation":[0.0,0.0,-20.25],"scale":[3.0,3.0,3.0]},"thirdperson_righthand":{"rotation":[0.0,-180.0,0.0],"translation":[0.0,2.75,0.75],"scale":[0.4,0.4,0.4]},"thirdperson_lefthand":{"translation":[0.0,2.75,0.75],"scale":[0.4,0.4,0.4]},"firstperson_righthand":{"rotation":[0.0,140.0,0.0],"translation":[3.5,2.5,0.0],"scale":[0.4,0.4,0.4]},"firstperson_lefthand":{"rotation":[0.0,-44.0,0.0],"translation":[-1.0,4.25,2.75],"scale":[0.4,0.4,0.4]},"ground":{"translation":[0.0,2.0,0.0],"scale":[0.5,0.5,0.5]}},"elements":[{"from":[4.38284,1.2,7.91716],"to":[11.58284,6.3,7.91716],"rotation":{"origin":[7.98284,3.75,7.91716],"axis":"y","angle":0.0},"faces":{"north":{"uv":[0.0,0.0,2.25,1.75],"texture":"#0"},"east":{"uv":[0.0,0.0,2.25,1.75],"texture":"#0"},"south":{"uv":[0.0,0.0,2.25,1.75],"texture":"#0"},"west":{"uv":[0.0,0.0,2.25,1.75],"texture":"#0"},"up":{"uv":[0.0,0.0,2.25,1.75],"texture":"#0"},"down":{"uv":[0.0,0.0,2.25,1.75],"texture":"#0"}}},{"from":[7.98284,1.2,4.31716],"to":[7.98284,6.3,11.51716],"rotation":{"origin":[7.98284,3.75,7.91716],"axis":"y","angle":0.0},"faces":{"north":{"uv":[0.0,0.0,2.25,1.75],"texture":"#0"},"east":{"uv":[0.0,0.0,2.25,1.75],"texture":"#0"},"south":{"uv":[0.0,0.0,2.25,1.75],"texture":"#0"},"west":{"uv":[0.0,0.0,2.25,1.75],"texture":"#0"},"up":{"uv":[0.0,0.0,2.25,1.75],"texture":"#0","rotation":270},"down":{"uv":[0.0,0.0,2.25,1.75],"texture":"#0","rotation":90}}},{"from":[7.0,0.0,7.0],"to":[9.0,4.1,9.0],"faces":{"north":{"uv":[15.5,4.5,16.0,6.25],"texture":"#0"},"east":{"uv":[15.5,4.5,16.0,6.25],"texture":"#0"},"south":{"uv":[15.5,4.5,16.0,6.25],"texture":"#0"},"west":{"uv":[15.5,4.5,16.0,6.25],"texture":"#0"},"up":{"uv":[15.5,4.5,16.0,6.25],"texture":"#0"},"down":{"uv":[15.5,4.5,16.0,6.25],"texture":"#0"}}}],"textures":{"particle":"infinitecrops:fb5b777b-b82d-4403-acca-a784c16309c9","0":"infinitecrops:fb5b777b-b82d-4403-acca-a784c16309c9"},"gui_light":"front"}