{"display":{"gui":{"rotation":[15.61,19.95,-3.38],"translation":[0.0,-2.75,0.0],"scale":[0.5,0.5,0.5]},"fixed":{"rotation":[-90.0,0.0,0.0],"translation":[0.0,0.0,-14.0],"scale":[2.0,2.0,2.0]},"thirdperson_righthand":{"rotation":[0.0,-180.0,0.0],"translation":[0.0,2.75,0.75],"scale":[0.4,0.4,0.4]},"thirdperson_lefthand":{"translation":[0.0,2.75,0.75],"scale":[0.4,0.4,0.4]},"firstperson_righthand":{"rotation":[0.0,140.0,0.0],"translation":[3.5,2.5,0.0],"scale":[0.4,0.4,0.4]},"firstperson_lefthand":{"rotation":[0.0,-44.0,0.0],"translation":[-1.0,4.25,2.75],"scale":[0.4,0.4,0.4]},"ground":{"translation":[0.0,2.0,0.0],"scale":[0.5,0.5,0.5]}},"elements":[{"from":[15.0,0.0,0.0],"to":[16.0,29.0,1.0],"faces":{"north":{"uv":[0.0,0.0,1.0,16.0],"texture":"#2"},"east":{"uv":[0.0,0.0,1.0,16.0],"texture":"#2"},"south":{"uv":[0.0,0.0,1.0,16.0],"texture":"#2"},"west":{"uv":[0.0,0.0,1.0,16.0],"texture":"#2"},"up":{"uv":[0.0,0.0,1.0,1.0],"texture":"#2"},"down":{"uv":[0.0,0.0,1.0,1.0],"texture":"#2"}}},{"from":[15.0,0.0,15.0],"to":[16.0,29.0,16.0],"faces":{"north":{"uv":[0.0,0.0,1.0,16.0],"texture":"#2"},"east":{"uv":[0.0,0.0,1.0,16.0],"texture":"#2"},"south":{"uv":[0.0,0.0,1.0,16.0],"texture":"#2"},"west":{"uv":[0.0,0.0,1.0,16.0],"texture":"#2"},"up":{"uv":[0.0,0.0,1.0,1.0],"texture":"#2"},"down":{"uv":[0.0,0.0,1.0,1.0],"texture":"#2"}}},{"from":[0.0,0.0,15.0],"to":[1.0,29.0,16.0],"faces":{"north":{"uv":[0.0,0.0,1.0,16.0],"texture":"#2"},"east":{"uv":[0.0,0.0,1.0,16.0],"texture":"#2"},"south":{"uv":[0.0,0.0,1.0,16.0],"texture":"#2"},"west":{"uv":[0.0,0.0,1.0,16.0],"texture":"#2"},"up":{"uv":[0.0,0.0,1.0,1.0],"texture":"#2"},"down":{"texture":"#2"}}},{"from":[0.0,0.0,0.0],"to":[1.0,29.0,1.0],"faces":{"north":{"uv":[0.0,0.0,1.0,16.0],"texture":"#2"},"east":{"uv":[0.0,0.0,1.0,16.0],"texture":"#2"},"south":{"uv":[0.0,0.0,1.0,16.0],"texture":"#2"},"west":{"uv":[0.0,0.0,1.0,16.0],"texture":"#2"},"up":{"texture":"#2"},"down":{"uv":[0.0,0.0,1.0,1.0],"texture":"#2"}}},{"from":[-2.1,25.0,0.0],"to":[17.9,26.0,1.0],"faces":{"north":{"uv":[8.0,0.0,8.8,5.6],"texture":"#2","rotation":90},"east":{"uv":[8.0,0.0,8.8,0.8],"texture":"#2","rotation":90},"south":{"uv":[8.0,5.6,8.8,0.0],"texture":"#2","rotation":90},"west":{"uv":[8.0,0.0,8.8,0.8],"texture":"#2","rotation":90},"up":{"uv":[8.8,5.6,8.0,0.0],"texture":"#2","rotation":90},"down":{"uv":[8.0,5.6,8.8,0.0],"texture":"#2","rotation":90}}},{"from":[-2.0,25.0,15.0],"to":[18.0,26.0,16.0],"faces":{"north":{"uv":[8.0,0.0,8.8,5.6],"texture":"#2","rotation":90},"east":{"uv":[8.0,0.0,8.8,0.8],"texture":"#2","rotation":90},"south":{"uv":[8.0,5.6,8.8,0.0],"texture":"#2","rotation":90},"west":{"uv":[8.0,0.0,8.8,0.8],"texture":"#2","rotation":90},"up":{"uv":[8.8,5.6,8.0,0.0],"texture":"#2","rotation":90},"down":{"uv":[8.0,5.6,8.8,0.0],"texture":"#2","rotation":90}}},{"from":[15.0,25.0,-2.5],"to":[16.0,26.0,17.5],"rotation":{"origin":[8.0,25.5,7.5],"axis":"y","angle":0.0},"faces":{"north":{"uv":[8.0,0.0,8.8,0.8],"texture":"#2","rotation":90},"east":{"uv":[8.0,0.0,8.8,5.6],"texture":"#2","rotation":90},"south":{"uv":[8.0,0.0,8.8,0.8],"texture":"#2","rotation":90},"west":{"uv":[8.0,5.6,8.8,0.0],"texture":"#2","rotation":90},"up":{"uv":[8.8,5.6,8.0,0.0],"texture":"#2","rotation":180},"down":{"uv":[8.0,5.6,8.8,0.0],"texture":"#2"}}},{"from":[0.0,25.0,-2.5],"to":[1.0,26.0,17.5],"rotation":{"origin":[8.0,25.5,7.5],"axis":"y","angle":0.0},"faces":{"north":{"uv":[8.0,0.0,8.8,0.8],"texture":"#2","rotation":90},"east":{"uv":[8.0,0.0,8.8,5.6],"texture":"#2","rotation":90},"south":{"uv":[8.0,0.0,8.8,0.8],"texture":"#2","rotation":90},"west":{"uv":[8.0,5.6,8.8,0.0],"texture":"#2","rotation":90},"up":{"uv":[8.8,5.6,8.0,0.0],"texture":"#2","rotation":180},"down":{"uv":[8.0,5.6,8.8,0.0],"texture":"#2"}}},{"from":[-7.5,0.0,8.0],"to":[23.5,32.0,8.0],"rotation":{"origin":[8.0,6.0,8.0],"axis":"y","angle":45.0},"faces":{"north":{"uv":[0.0,0.0,16.0,16.0],"texture":"#1"},"east":{"uv":[0.0,0.0,16.0,16.0],"texture":"#1"},"south":{"uv":[0.0,0.0,16.0,16.0],"texture":"#1"},"west":{"uv":[0.0,0.0,16.0,16.0],"texture":"#1"},"up":{"uv":[0.0,0.0,16.0,16.0],"texture":"#1"},"down":{"uv":[0.0,0.0,16.0,16.0],"texture":"#1"}}},{"from":[7.85355,0.0,-7.85355],"to":[7.85355,32.0,23.14645],"rotation":{"origin":[8.35355,10.5,7.64645],"axis":"y","angle":45.0},"faces":{"north":{"uv":[0.0,0.0,16.0,16.0],"texture":"#1"},"east":{"uv":[0.0,0.0,16.0,16.0],"texture":"#1"},"south":{"uv":[0.0,0.0,16.0,16.0],"texture":"#1"},"west":{"uv":[0.0,0.0,16.0,16.0],"texture":"#1"},"up":{"uv":[0.0,0.0,16.0,16.0],"texture":"#1","rotation":270},"down":{"uv":[0.0,0.0,16.0,16.0],"texture":"#1","rotation":90}}},{"from":[2.5,18.89,5.8],"to":[6.9,24.39,5.8],"rotation":{"origin":[4.7,21.64,5.8],"axis":"y","angle":45.0},"faces":{"north":{"uv":[0.0,0.0,16.0,16.0],"texture":"#3"},"east":{"uv":[0.0,0.0,16.0,16.0],"texture":"#3"},"south":{"uv":[0.0,0.0,16.0,16.0],"texture":"#3"},"west":{"uv":[0.0,0.0,16.0,16.0],"texture":"#3"},"up":{"uv":[0.0,0.0,16.0,16.0],"texture":"#3","rotation":270},"down":{"uv":[0.0,0.0,16.0,16.0],"texture":"#3","rotation":90}}},{"from":[2.5,18.89,5.8],"to":[6.9,24.39,5.8],"rotation":{"origin":[4.7,21.64,5.8],"axis":"y","angle":-45.0},"faces":{"north":{"uv":[0.0,0.0,16.0,16.0],"texture":"#3"},"east":{"uv":[0.0,0.0,16.0,16.0],"texture":"#3"},"south":{"uv":[0.0,0.0,16.0,16.0],"texture":"#3"},"west":{"uv":[0.0,0.0,16.0,16.0],"texture":"#3"},"up":{"uv":[0.0,0.0,16.0,16.0],"texture":"#3","rotation":270},"down":{"uv":[0.0,0.0,16.0,16.0],"texture":"#3","rotation":90}}},{"from":[2.06,7.36,11.35],"to":[6.46,12.86,11.35],"rotation":{"origin":[4.26,10.11,11.35],"axis":"y","angle":45.0},"faces":{"north":{"uv":[0.0,0.0,16.0,16.0],"texture":"#3"},"east":{"uv":[0.0,0.0,16.0,16.0],"texture":"#3"},"south":{"uv":[0.0,0.0,16.0,16.0],"texture":"#3"},"west":{"uv":[0.0,0.0,16.0,16.0],"texture":"#3"},"up":{"uv":[0.0,0.0,16.0,16.0],"texture":"#3","rotation":270},"down":{"uv":[0.0,0.0,16.0,16.0],"texture":"#3","rotation":90}}},{"from":[2.06,7.36,11.35],"to":[6.46,12.86,11.35],"rotation":{"origin":[4.26,10.11,11.35],"axis":"y","angle":-45.0},"faces":{"north":{"uv":[0.0,0.0,16.0,16.0],"texture":"#3"},"east":{"uv":[0.0,0.0,16.0,16.0],"texture":"#3"},"south":{"uv":[0.0,0.0,16.0,16.0],"texture":"#3"},"west":{"uv":[0.0,0.0,16.0,16.0],"texture":"#3"},"up":{"uv":[0.0,0.0,16.0,16.0],"texture":"#3","rotation":270},"down":{"uv":[0.0,0.0,16.0,16.0],"texture":"#3","rotation":90}}},{"from":[10.31,13.17,3.6],"to":[14.71,18.67,3.6],"rotation":{"origin":[12.51,15.92,3.6],"axis":"y","angle":45.0},"faces":{"north":{"uv":[0.0,0.0,16.0,16.0],"texture":"#3"},"east":{"uv":[0.0,0.0,16.0,16.0],"texture":"#3"},"south":{"uv":[0.0,0.0,16.0,16.0],"texture":"#3"},"west":{"uv":[0.0,0.0,16.0,16.0],"texture":"#3"},"up":{"uv":[0.0,0.0,16.0,16.0],"texture":"#3","rotation":270},"down":{"uv":[0.0,0.0,16.0,16.0],"texture":"#3","rotation":90}}},{"from":[10.31,13.17,3.6],"to":[14.71,18.67,3.6],"rotation":{"origin":[12.51,15.92,3.6],"axis":"y","angle":-45.0},"faces":{"north":{"uv":[0.0,0.0,16.0,16.0],"texture":"#3"},"east":{"uv":[0.0,0.0,16.0,16.0],"texture":"#3"},"south":{"uv":[0.0,0.0,16.0,16.0],"texture":"#3"},"west":{"uv":[0.0,0.0,16.0,16.0],"texture":"#3"},"up":{"uv":[0.0,0.0,16.0,16.0],"texture":"#3","rotation":270},"down":{"uv":[0.0,0.0,16.0,16.0],"texture":"#3","rotation":90}}},{"from":[0.96,6.35,3.05],"to":[5.36,11.85,3.05],"rotation":{"origin":[3.16,9.1,3.05],"axis":"y","angle":45.0},"faces":{"north":{"uv":[0.0,0.0,16.0,16.0],"texture":"#3"},"east":{"uv":[0.0,0.0,16.0,16.0],"texture":"#3"},"south":{"uv":[0.0,0.0,16.0,16.0],"texture":"#3"},"west":{"uv":[0.0,0.0,16.0,16.0],"texture":"#3"},"up":{"uv":[0.0,0.0,16.0,16.0],"texture":"#3","rotation":270},"down":{"uv":[0.0,0.0,16.0,16.0],"texture":"#3","rotation":90}}},{"from":[0.96,6.35,3.05],"to":[5.36,11.85,3.05],"rotation":{"origin":[3.16,9.1,3.05],"axis":"y","angle":-45.0},"faces":{"north":{"uv":[0.0,0.0,16.0,16.0],"texture":"#3"},"east":{"uv":[0.0,0.0,16.0,16.0],"texture":"#3"},"south":{"uv":[0.0,0.0,16.0,16.0],"texture":"#3"},"west":{"uv":[0.0,0.0,16.0,16.0],"texture":"#3"},"up":{"uv":[0.0,0.0,16.0,16.0],"texture":"#3","rotation":270},"down":{"uv":[0.0,0.0,16.0,16.0],"texture":"#3","rotation":90}}},{"from":[7.1,17.49,9.2],"to":[11.5,22.99,9.2],"rotation":{"origin":[9.3,20.24,9.2],"axis":"y","angle":45.0},"faces":{"north":{"uv":[16.0,0.0,0.0,16.0],"texture":"#3"},"east":{"uv":[16.0,0.0,0.0,16.0],"texture":"#3"},"south":{"uv":[16.0,0.0,0.0,16.0],"texture":"#3"},"west":{"uv":[16.0,0.0,0.0,16.0],"texture":"#3"},"up":{"uv":[0.0,16.0,16.0,0.0],"texture":"#3","rotation":270},"down":{"uv":[0.0,16.0,16.0,0.0],"texture":"#3","rotation":90}}},{"from":[7.1,17.49,9.2],"to":[11.5,22.99,9.2],"rotation":{"origin":[9.3,20.24,9.2],"axis":"y","angle":-45.0},"faces":{"north":{"uv":[16.0,0.0,0.0,16.0],"texture":"#3"},"east":{"uv":[16.0,0.0,0.0,16.0],"texture":"#3"},"south":{"uv":[16.0,0.0,0.0,16.0],"texture":"#3"},"west":{"uv":[16.0,0.0,0.0,16.0],"texture":"#3"},"up":{"uv":[0.0,16.0,16.0,0.0],"texture":"#3","rotation":270},"down":{"uv":[0.0,16.0,16.0,0.0],"texture":"#3","rotation":90}}},{"from":[9.2,5.49,11.8],"to":[13.6,10.99,11.8],"rotation":{"origin":[11.4,8.24,11.8],"axis":"y","angle":-45.0},"faces":{"north":{"uv":[16.0,0.0,0.0,16.0],"texture":"#3"},"east":{"uv":[16.0,0.0,0.0,16.0],"texture":"#3"},"south":{"uv":[16.0,0.0,0.0,16.0],"texture":"#3"},"west":{"uv":[16.0,0.0,0.0,16.0],"texture":"#3"},"up":{"uv":[0.0,16.0,16.0,0.0],"texture":"#3","rotation":270},"down":{"uv":[0.0,16.0,16.0,0.0],"texture":"#3","rotation":90}}},{"from":[9.2,5.49,11.8],"to":[13.6,10.99,11.8],"rotation":{"origin":[11.4,8.24,11.8],"axis":"y","angle":45.0},"faces":{"north":{"uv":[16.0,0.0,0.0,16.0],"texture":"#3"},"east":{"uv":[16.0,0.0,0.0,16.0],"texture":"#3"},"south":{"uv":[16.0,0.0,0.0,16.0],"texture":"#3"},"west":{"uv":[16.0,0.0,0.0,16.0],"texture":"#3"},"up":{"uv":[0.0,16.0,16.0,0.0],"texture":"#3","rotation":270},"down":{"uv":[0.0,16.0,16.0,0.0],"texture":"#3","rotation":90}}}],"textures":{"particle":"infinitecrops:5ef1ab0e-00ca-4dfb-b9fb-0ca2b8ed71ef","1":"infinitecrops:9d270737-6d95-4d34-8dc1-a020a0352e34","2":"infinitecrops:5ef1ab0e-00ca-4dfb-b9fb-0ca2b8ed71ef","3":"infinitecrops:f51172b0-3fff-4a61-bbf3-dc29bbf4d7a9"},"gui_light":"front"}