{"parent":"infinitecrops:de18598e-19e5-469b-9db1-971c08251c51","display":{"thirdperson_righthand":{"rotation":[0.0,-180.0,0.0],"translation":[0.0,2.75,0.75],"scale":[0.4,0.4,0.4]},"thirdperson_lefthand":{"translation":[0.0,2.75,0.75],"scale":[0.4,0.4,0.4]},"firstperson_righthand":{"rotation":[0.0,140.0,0.0],"translation":[3.5,2.5,0.0],"scale":[0.4,0.4,0.4]},"firstperson_lefthand":{"rotation":[0.0,-44.0,0.0],"translation":[-1.0,4.25,2.75],"scale":[0.4,0.4,0.4]},"ground":{"translation":[0.0,2.0,0.0],"scale":[0.5,0.5,0.5]}},"textures":{"particle":"infinitecrops:76d47ae4-cba5-4ab3-8c04-d2458552e690","1":"infinitecrops:a6f861c3-3694-421c-865d-3c4f89110976","2":"infinitecrops:76d47ae4-cba5-4ab3-8c04-d2458552e690"}}