{"display":{"thirdperson_righthand":{"rotation":[0.0,-180.0,0.0],"translation":[0.0,2.75,0.75],"scale":[0.4,0.4,0.4]},"gui":{"rotation":[6.32,8.48,-0.91]},"fixed":{"rotation":[-90.0,0.0,0.0],"translation":[0.0,0.0,-19.0],"scale":[2.5,2.5,2.5]},"thirdperson_lefthand":{"translation":[0.0,2.75,0.75],"scale":[0.4,0.4,0.4]},"firstperson_righthand":{"rotation":[0.0,140.0,0.0],"translation":[3.5,2.5,0.0],"scale":[0.4,0.4,0.4]},"firstperson_lefthand":{"rotation":[0.0,-44.0,0.0],"translation":[-1.0,4.25,2.75],"scale":[0.4,0.4,0.4]},"ground":{"translation":[0.0,2.0,0.0],"scale":[0.5,0.5,0.5]}},"elements":[{"from":[0.0,0.0,8.0],"to":[16.0,19.0,8.0],"rotation":{"origin":[8.0,9.0,8.0],"axis":"y","angle":-45.0},"faces":{"north":{"uv":[13.0,6.0,3.0,16.0],"texture":"#1"},"east":{"uv":[13.0,6.0,3.0,16.0],"texture":"#1"},"south":{"uv":[13.0,6.0,3.0,16.0],"texture":"#1"},"west":{"uv":[13.0,6.0,3.0,16.0],"texture":"#1"},"up":{"uv":[13.0,6.0,3.0,16.0],"texture":"#1"},"down":{"uv":[13.0,6.0,3.0,16.0],"texture":"#1"}}},{"from":[8.0,0.0,0.0],"to":[8.0,19.0,16.0],"rotation":{"origin":[8.0,9.0,8.0],"axis":"y","angle":-45.0},"faces":{"north":{"uv":[13.0,6.0,3.0,16.0],"texture":"#1"},"east":{"uv":[13.0,6.0,3.0,16.0],"texture":"#1"},"south":{"uv":[13.0,6.0,3.0,16.0],"texture":"#1"},"west":{"uv":[13.0,6.0,3.0,16.0],"texture":"#1"},"up":{"uv":[13.0,6.0,3.0,16.0],"texture":"#1"},"down":{"uv":[13.0,6.0,3.0,16.0],"texture":"#1"}}},{"from":[-0.565,7.42,2.0],"to":[0.795,9.8,3.445],"rotation":{"origin":[0.88,3.0,1.0225],"axis":"z","angle":-22.5},"faces":{"north":{"uv":[1.45455,0.0,5.62727,12.83636],"texture":"#particle"},"east":{"uv":[0.0,0.0,4.17273,12.83636],"texture":"#particle"},"south":{"uv":[5.62727,0.0,1.45455,12.83636],"texture":"#particle"},"west":{"uv":[1.45455,0.0,5.62727,12.83636],"texture":"#particle"},"up":{"uv":[2.32727,0.0,6.5,2.8],"texture":"#particle"},"down":{"uv":[1.45455,0.0,5.62727,12.83636],"texture":"#particle"}}},{"from":[0.37826,6.05836,1.915],"to":[2.07826,7.84336,3.53],"rotation":{"origin":[1.65326,6.86586,2.7225],"axis":"z","angle":-45.0},"faces":{"north":{"uv":[0.0,6.4,5.81818,16.0],"texture":"#particle"},"east":{"uv":[11.63636,6.4,16.0,16.0],"texture":"#particle"},"south":{"uv":[5.81818,6.4,0.0,16.0],"texture":"#particle"},"west":{"uv":[7.27273,0.0,11.49091,9.6],"texture":"#particle"},"up":{"uv":[7.41818,0.0,11.63636,6.25455],"texture":"#particle"},"down":{"uv":[11.78182,9.74545,16.0,16.0],"texture":"#particle"}}},{"from":[14.705,2.42,2.5],"to":[16.065,4.8,3.945],"rotation":{"origin":[14.62,-2.0,1.5225],"axis":"z","angle":22.5},"faces":{"north":{"uv":[5.62727,0.0,1.45455,12.83636],"texture":"#particle"},"east":{"uv":[5.62727,0.0,1.45455,12.83636],"texture":"#particle"},"south":{"uv":[1.45455,0.0,5.62727,12.83636],"texture":"#particle"},"west":{"uv":[4.17273,0.0,0.0,12.83636],"texture":"#particle"},"up":{"uv":[6.5,0.0,2.32727,2.8],"texture":"#particle"},"down":{"uv":[5.62727,0.0,1.45455,12.83636],"texture":"#particle"}}},{"from":[13.42174,1.05836,2.415],"to":[15.12174,2.84336,4.03],"rotation":{"origin":[13.84674,1.86586,3.2225],"axis":"z","angle":45.0},"faces":{"north":{"uv":[5.81818,6.4,0.0,16.0],"texture":"#particle"},"east":{"uv":[11.49091,0.0,7.27273,9.6],"texture":"#particle"},"south":{"uv":[0.0,6.4,5.81818,16.0],"texture":"#particle"},"west":{"uv":[16.0,6.4,11.63636,16.0],"texture":"#particle"},"up":{"uv":[11.63636,0.0,7.41818,6.25455],"texture":"#particle"},"down":{"uv":[16.0,9.74545,11.78182,16.0],"texture":"#particle"}}},{"from":[7.4975,5.62,9.9075],"to":[8.9425,8.0,11.2675],"rotation":{"origin":[9.92,1.2,9.8225],"axis":"x","angle":-22.5},"faces":{"north":{"uv":[4.17273,0.0,0.0,12.83636],"texture":"#particle"},"east":{"uv":[5.62727,0.0,1.45455,12.83636],"texture":"#particle"},"south":{"uv":[5.62727,0.0,1.45455,12.83636],"texture":"#particle"},"west":{"uv":[1.45455,0.0,5.62727,12.83636],"texture":"#particle"},"up":{"uv":[6.5,0.0,2.32727,2.8],"texture":"#particle","rotation":90},"down":{"uv":[5.62727,0.0,1.45455,12.83636],"texture":"#particle","rotation":270}}},{"from":[7.4125,4.25836,8.62424],"to":[9.0275,6.04336,10.32424],"rotation":{"origin":[8.22,5.06586,9.04924],"axis":"x","angle":-45.0},"faces":{"north":{"uv":[16.0,6.4,11.63636,16.0],"texture":"#particle"},"east":{"uv":[5.81818,6.4,0.0,16.0],"texture":"#particle"},"south":{"uv":[11.49091,0.0,7.27273,9.6],"texture":"#particle"},"west":{"uv":[0.0,6.4,5.81818,16.0],"texture":"#particle"},"up":{"uv":[11.63636,0.0,7.41818,6.25455],"texture":"#particle","rotation":90},"down":{"uv":[16.0,9.74545,11.78182,16.0],"texture":"#particle","rotation":270}}},{"from":[4.805,7.82,12.3],"to":[6.165,10.2,13.745],"rotation":{"origin":[4.72,3.4,11.3225],"axis":"z","angle":22.5},"faces":{"north":{"uv":[5.62727,0.0,1.45455,12.83636],"texture":"#particle"},"east":{"uv":[5.62727,0.0,1.45455,12.83636],"texture":"#particle"},"south":{"uv":[1.45455,0.0,5.62727,12.83636],"texture":"#particle"},"west":{"uv":[4.17273,0.0,0.0,12.83636],"texture":"#particle"},"up":{"uv":[6.5,0.0,2.32727,2.8],"texture":"#particle"},"down":{"uv":[5.62727,0.0,1.45455,12.83636],"texture":"#particle"}}},{"from":[3.52174,6.45836,12.215],"to":[5.22174,8.24336,13.83],"rotation":{"origin":[3.94674,7.26586,13.0225],"axis":"z","angle":45.0},"faces":{"north":{"uv":[5.81818,6.4,0.0,16.0],"texture":"#particle"},"east":{"uv":[11.49091,0.0,7.27273,9.6],"texture":"#particle"},"south":{"uv":[0.0,6.4,5.81818,16.0],"texture":"#particle"},"west":{"uv":[16.0,6.4,11.63636,16.0],"texture":"#particle"},"up":{"uv":[11.63636,0.0,7.41818,6.25455],"texture":"#particle"},"down":{"uv":[16.0,9.74545,11.78182,16.0],"texture":"#particle"}}}],"textures":{"particle":"infinitecrops:2cdd9a7d-7562-4cc4-8090-da48e7363147","1":"infinitecrops:8dd33718-3fa9-4eba-86c6-cdd9a6e9425e"},"gui_light":"front"}