{"display":{"gui":{"rotation":[17.25,0.0,7.75],"scale":[0.5,0.5,0.5]},"fixed":{"rotation":[-90.0,0.0,0.0],"translation":[0.75,0.0,-28.25],"scale":[2.0,2.0,2.0]},"thirdperson_righthand":{"rotation":[0.0,-180.0,0.0],"translation":[0.0,2.75,0.75],"scale":[0.4,0.4,0.4]},"thirdperson_lefthand":{"translation":[0.0,2.75,0.75],"scale":[0.4,0.4,0.4]},"firstperson_righthand":{"rotation":[0.0,140.0,0.0],"translation":[3.5,2.5,0.0],"scale":[0.4,0.4,0.4]},"firstperson_lefthand":{"rotation":[0.0,-44.0,0.0],"translation":[-1.0,4.25,2.75],"scale":[0.4,0.4,0.4]},"ground":{"translation":[0.0,2.0,0.0],"scale":[0.5,0.5,0.5]}},"elements":[{"from":[6.3425,-7.0,6.674],"to":[9.6575,12.89,9.989],"rotation":{"origin":[-18.52,-7.0,-18.52],"axis":"y","angle":0.0},"faces":{"north":{"uv":[16.0,3.275,15.5,5.725],"texture":"#1"},"east":{"uv":[15.5,3.275,16.0,5.725],"texture":"#1"},"south":{"uv":[16.0,3.275,15.5,5.725],"texture":"#1"},"west":{"uv":[15.5,3.275,16.0,5.725],"texture":"#1"},"up":{"uv":[15.5,3.275,16.0,5.725],"texture":"#1"},"down":{"uv":[15.5,3.275,16.0,5.725],"texture":"#1"}}},{"from":[7.337,-7.0,8.0],"to":[10.652,-5.011,14.63],"rotation":{"origin":[9.6575,-6.0055,11.315],"axis":"x","angle":22.5},"faces":{"north":{"uv":[15.5,5.475,16.0,6.225],"texture":"#1"},"east":{"uv":[15.75,5.475,15.5,6.225],"texture":"#1"},"south":{"uv":[16.0,5.475,15.5,6.225],"texture":"#1"},"west":{"uv":[16.0,5.475,15.75,6.225],"texture":"#1"},"up":{"uv":[16.0,5.475,15.5,6.225],"texture":"#1"},"down":{"uv":[16.0,5.475,15.5,6.225],"texture":"#1"}}},{"from":[1.37,-7.663,8.3315],"to":[8.0,-5.674,11.6465],"rotation":{"origin":[2.3645,-6.0055,11.315],"axis":"z","angle":22.5},"faces":{"north":{"uv":[16.0,5.475,15.75,6.225],"texture":"#1","rotation":90},"east":{"uv":[15.5,5.475,16.0,6.225],"texture":"#1"},"south":{"uv":[15.75,5.475,15.5,6.225],"texture":"#1","rotation":90},"west":{"uv":[16.0,5.475,15.5,6.225],"texture":"#1"},"up":{"uv":[16.0,5.475,15.5,6.225],"texture":"#1","rotation":90},"down":{"uv":[15.5,5.475,16.0,6.225],"texture":"#1","rotation":90}}},{"from":[4.685,-7.0,1.37],"to":[8.0,-5.011,8.0],"rotation":{"origin":[9.6575,-6.0055,4.685],"axis":"x","angle":-22.5},"faces":{"north":{"uv":[15.5,5.475,16.0,6.225],"texture":"#1"},"east":{"uv":[15.5,5.475,15.75,6.225],"texture":"#1"},"south":{"uv":[16.0,5.475,15.5,6.225],"texture":"#1"},"west":{"uv":[15.75,5.475,16.0,6.225],"texture":"#1"},"up":{"uv":[16.0,6.225,15.5,5.475],"texture":"#1"},"down":{"uv":[16.0,6.225,15.5,5.475],"texture":"#1"}}},{"from":[8.97757,-7.55972,5.0165],"to":[15.60757,-5.57072,8.3315],"rotation":{"origin":[13.95007,-1.92422,6.011],"axis":"z","angle":-22.5},"faces":{"north":{"uv":[15.75,6.225,15.5,5.475],"texture":"#1","rotation":90},"east":{"uv":[16.0,5.475,15.5,6.225],"texture":"#1"},"south":{"uv":[16.0,6.225,15.75,5.475],"texture":"#1","rotation":90},"west":{"uv":[15.5,5.475,16.0,6.225],"texture":"#1"},"up":{"uv":[15.5,5.475,16.0,6.225],"texture":"#1","rotation":90},"down":{"uv":[16.0,5.475,15.5,6.225],"texture":"#1","rotation":90}}},{"from":[0.0,11.3,-5.65],"to":[15.0,25.0,8.35],"rotation":{"origin":[-4.0,3.0,-4.0],"axis":"y","angle":0.0},"faces":{"north":{"uv":[0.0,0.0,2.0,2.0],"texture":"#1"},"east":{"uv":[0.0,0.0,2.0,2.0],"texture":"#1"},"south":{"uv":[0.0,0.0,2.0,2.0],"texture":"#1"},"west":{"uv":[0.0,0.0,2.0,2.0],"texture":"#1"},"up":{"uv":[0.0,0.0,2.0,2.0],"texture":"#1"},"down":{"uv":[0.0,0.0,2.0,2.0],"texture":"#1"}}},{"from":[-7.0,4.1,2.95],"to":[8.0,17.8,16.95],"rotation":{"origin":[-4.0,3.0,-4.0],"axis":"y","angle":0.0},"faces":{"north":{"uv":[0.0,0.0,2.0,2.0],"texture":"#1"},"east":{"uv":[0.0,0.0,2.0,2.0],"texture":"#1"},"south":{"uv":[0.0,0.0,2.0,2.0],"texture":"#1"},"west":{"uv":[0.0,0.0,2.0,2.0],"texture":"#1"},"up":{"uv":[0.0,0.0,2.0,2.0],"texture":"#1"},"down":{"uv":[0.0,0.0,2.0,2.0],"texture":"#1"}}},{"from":[4.0,7.5,8.15],"to":[20.0,23.3,23.15],"rotation":{"origin":[-4.0,3.0,-4.0],"axis":"y","angle":0.0},"faces":{"north":{"uv":[0.0,0.0,2.25,2.0],"texture":"#1"},"east":{"uv":[0.0,0.0,2.25,2.0],"texture":"#1"},"south":{"uv":[0.0,0.0,2.25,2.0],"texture":"#1"},"west":{"uv":[0.0,0.0,2.25,2.0],"texture":"#1"},"up":{"uv":[0.0,0.0,2.25,2.0],"texture":"#1"},"down":{"uv":[0.0,0.0,2.25,2.0],"texture":"#1"}}},{"from":[-12.0,2.0,10.0],"to":[26.0,32.0,10.0],"rotation":{"origin":[7.0,17.0,10.0],"axis":"y","angle":-45.0},"faces":{"north":{"uv":[7.75,0.75,12.25,4.75],"texture":"#1"},"east":{"uv":[7.75,0.75,12.25,4.75],"texture":"#1"},"south":{"uv":[7.75,0.75,12.25,4.75],"texture":"#1"},"west":{"uv":[7.75,0.75,12.25,4.75],"texture":"#1"},"up":{"uv":[7.75,0.75,12.25,4.75],"texture":"#1"},"down":{"uv":[7.75,0.75,12.25,4.75],"texture":"#1"}}},{"from":[7.0,2.0,-9.0],"to":[7.0,32.0,29.0],"rotation":{"origin":[7.0,17.0,10.0],"axis":"y","angle":-22.5},"faces":{"north":{"uv":[7.75,0.75,12.25,4.75],"texture":"#1"},"east":{"uv":[7.75,0.75,12.25,4.75],"texture":"#1"},"south":{"uv":[7.75,0.75,12.25,4.75],"texture":"#1"},"west":{"uv":[7.75,0.75,12.25,4.75],"texture":"#1"},"up":{"uv":[7.75,0.75,12.25,4.75],"texture":"#1","rotation":270},"down":{"uv":[7.75,0.75,12.25,4.75],"texture":"#1","rotation":90}}},{"from":[-12.0,2.0,10.0],"to":[26.0,32.0,10.0],"rotation":{"origin":[7.0,17.0,10.0],"axis":"y","angle":0.0},"faces":{"north":{"uv":[7.75,0.75,12.25,4.75],"texture":"#1"},"east":{"uv":[7.75,0.75,12.25,4.75],"texture":"#1"},"south":{"uv":[7.75,0.75,12.25,4.75],"texture":"#1"},"west":{"uv":[7.75,0.75,12.25,4.75],"texture":"#1"},"up":{"uv":[7.75,0.75,12.25,4.75],"texture":"#1"},"down":{"uv":[7.75,0.75,12.25,4.75],"texture":"#1"}}}],"textures":{"1":"infinitecrops:ba63f9fb-094f-474f-89b7-39f4f3bda42e"},"gui_light":"front"}