{"display":{"gui":{"rotation":[19.98,19.84,-7.02]},"fixed":{"rotation":[-90.0,0.0,0.0],"translation":[0.0,0.0,-15.0],"scale":[2.0,2.0,2.0]},"thirdperson_righthand":{"rotation":[0.0,-180.0,0.0],"translation":[0.0,2.75,0.75],"scale":[0.4,0.4,0.4]},"thirdperson_lefthand":{"translation":[0.0,2.75,0.75],"scale":[0.4,0.4,0.4]},"firstperson_righthand":{"rotation":[0.0,140.0,0.0],"translation":[3.5,2.5,0.0],"scale":[0.4,0.4,0.4]},"firstperson_lefthand":{"rotation":[0.0,-44.0,0.0],"translation":[-1.0,4.25,2.75],"scale":[0.4,0.4,0.4]},"ground":{"translation":[0.0,2.0,0.0],"scale":[0.5,0.5,0.5]}},"elements":[{"from":[-2.7019,0.0,7.90071],"to":[17.6381,18.08,7.90071],"rotation":{"origin":[7.9201,9.04,8.23971],"axis":"y","angle":0.0},"faces":{"north":{"uv":[3.0,6.0,13.5,16.0],"texture":"#1"},"east":{"uv":[3.0,6.0,13.5,16.0],"texture":"#1"},"south":{"uv":[3.0,6.0,13.5,16.0],"texture":"#1"},"west":{"uv":[3.0,6.0,13.5,16.0],"texture":"#1"},"up":{"uv":[3.0,6.0,13.5,16.0],"texture":"#1"},"down":{"uv":[3.0,6.0,13.5,16.0],"texture":"#1"}}},{"from":[7.9201,0.0,-2.14329],"to":[7.9201,18.08,18.19671],"rotation":{"origin":[7.9201,9.04,8.23971],"axis":"y","angle":0.0},"faces":{"north":{"uv":[3.0,6.0,13.5,16.0],"texture":"#1"},"east":{"uv":[3.0,6.0,13.5,16.0],"texture":"#1"},"south":{"uv":[3.0,6.0,13.5,16.0],"texture":"#1"},"west":{"uv":[3.0,6.0,13.5,16.0],"texture":"#1"},"up":{"uv":[3.0,6.0,13.5,16.0],"texture":"#1"},"down":{"uv":[3.0,6.0,13.5,16.0],"texture":"#1"}}},{"from":[7.5,0.0,7.4],"to":[8.5,15.0,8.4],"faces":{"north":{"uv":[0.0,0.0,1.0,15.0],"texture":"#3"},"east":{"uv":[0.0,0.0,1.0,15.0],"texture":"#3"},"south":{"uv":[0.0,0.0,1.0,15.0],"texture":"#3"},"west":{"uv":[0.0,0.0,1.0,15.0],"texture":"#3"},"up":{"uv":[0.0,0.0,1.0,1.0],"texture":"#3"},"down":{"uv":[0.0,0.0,1.0,1.0],"texture":"#3"}}}],"textures":{"particle":"infinitecrops:c88ef137-221a-4cee-93f9-94df00d74aed","1":"infinitecrops:c88ef137-221a-4cee-93f9-94df00d74aed","3":"infinitecrops:c752a493-7c4d-4021-9884-f9fb30566a3b"},"gui_light":"front"}