{"parent":"infinitecrops:680a6983-1e8d-44cb-95a6-45857c56c27a","display":{"thirdperson_righthand":{"rotation":[0.0,-180.0,0.0],"translation":[0.0,2.75,0.75],"scale":[0.4,0.4,0.4]},"thirdperson_lefthand":{"translation":[0.0,2.75,0.75],"scale":[0.4,0.4,0.4]},"firstperson_righthand":{"rotation":[0.0,140.0,0.0],"translation":[3.5,2.5,0.0],"scale":[0.4,0.4,0.4]},"firstperson_lefthand":{"rotation":[0.0,-44.0,0.0],"translation":[-1.0,4.25,2.75],"scale":[0.4,0.4,0.4]},"ground":{"translation":[0.0,2.0,0.0],"scale":[0.5,0.5,0.5]}},"textures":{"particle":"infinitecrops:67e7709e-a3f0-4b58-ab35-bff50e3c1046","1":"infinitecrops:0388efe9-0317-4879-a484-ef2c3656bd2d","2":"infinitecrops:67e7709e-a3f0-4b58-ab35-bff50e3c1046"}}