{"parent":"infinitecrops:83264869-0705-46ae-b110-2e404fda4fac","display":{"thirdperson_righthand":{"rotation":[0.0,-180.0,0.0],"translation":[0.0,2.75,0.75],"scale":[0.4,0.4,0.4]},"thirdperson_lefthand":{"translation":[0.0,2.75,0.75],"scale":[0.4,0.4,0.4]},"firstperson_righthand":{"rotation":[0.0,140.0,0.0],"translation":[3.5,2.5,0.0],"scale":[0.4,0.4,0.4]},"firstperson_lefthand":{"rotation":[0.0,-44.0,0.0],"translation":[-1.0,4.25,2.75],"scale":[0.4,0.4,0.4]},"ground":{"translation":[0.0,2.0,0.0],"scale":[0.5,0.5,0.5]}},"textures":{"particle":"infinitecrops:99663930-0815-4567-b9b9-bc9a7b8adf59","1":"infinitecrops:ba63f9fb-094f-474f-89b7-39f4f3bda42e","2":"infinitecrops:99663930-0815-4567-b9b9-bc9a7b8adf59"}}