{"parent":"infinitecrops:78d0dd23-4046-4915-8214-4057784c4a92","display":{"thirdperson_righthand":{"translation":[0.0,1.75,-0.5],"scale":[0.7,0.7,0.7]},"thirdperson_lefthand":{"translation":[0.0,1.75,-0.5],"scale":[0.7,0.7,0.7]},"firstperson_righthand":{"translation":[4.0,3.5,0.0],"scale":[0.6,0.6,0.6]},"firstperson_lefthand":{"translation":[4.0,3.5,0.0],"scale":[0.6,0.6,0.6]},"ground":{"translation":[0.0,3.0,0.0],"scale":[0.7,0.7,0.7]}},"textures":{"0":"infinitecrops:18608228-0dae-4bd5-9903-dd7bac2ea7c8"}}