{"display":{"gui":{"rotation":[30.0,0.0,0.0],"translation":[0.0,0.5,0.0],"scale":[0.4,0.4,0.4]},"fixed":{"rotation":[-90.0,0.0,0.0],"translation":[0.75,0.0,-43.0],"scale":[2.0,2.0,2.0]},"thirdperson_righthand":{"rotation":[0.0,-180.0,0.0],"translation":[0.0,2.75,0.75],"scale":[0.4,0.4,0.4]},"thirdperson_lefthand":{"translation":[0.0,2.75,0.75],"scale":[0.4,0.4,0.4]},"firstperson_righthand":{"rotation":[0.0,140.0,0.0],"translation":[3.5,2.5,0.0],"scale":[0.4,0.4,0.4]},"firstperson_lefthand":{"rotation":[0.0,-44.0,0.0],"translation":[-1.0,4.25,2.75],"scale":[0.4,0.4,0.4]},"ground":{"translation":[0.0,2.0,0.0],"scale":[0.5,0.5,0.5]}},"elements":[{"from":[6.3425,-14.5,6.674],"to":[9.6575,5.39,9.989],"rotation":{"origin":[-18.52,-14.5,-18.52],"axis":"y","angle":0.0},"faces":{"north":{"uv":[16.0,3.275,15.5,5.725],"texture":"#1"},"east":{"uv":[15.5,3.275,16.0,5.725],"texture":"#1"},"south":{"uv":[16.0,3.275,15.5,5.725],"texture":"#1"},"west":{"uv":[15.5,3.275,16.0,5.725],"texture":"#1"},"up":{"uv":[15.5,3.275,16.0,5.725],"texture":"#1"},"down":{"uv":[15.5,3.275,16.0,5.725],"texture":"#1"}}},{"from":[7.337,-14.5,8.0],"to":[10.652,-12.511,14.63],"rotation":{"origin":[9.6575,-13.5055,11.315],"axis":"x","angle":22.5},"faces":{"north":{"uv":[15.5,5.475,16.0,6.225],"texture":"#1"},"east":{"uv":[15.75,5.475,15.5,6.225],"texture":"#1"},"south":{"uv":[16.0,5.475,15.5,6.225],"texture":"#1"},"west":{"uv":[16.0,5.475,15.75,6.225],"texture":"#1"},"up":{"uv":[16.0,5.475,15.5,6.225],"texture":"#1"},"down":{"uv":[16.0,5.475,15.5,6.225],"texture":"#1"}}},{"from":[1.37,-15.163,8.3315],"to":[8.0,-13.174,11.6465],"rotation":{"origin":[2.3645,-13.5055,11.315],"axis":"z","angle":22.5},"faces":{"north":{"uv":[16.0,5.475,15.75,6.225],"texture":"#1","rotation":90},"east":{"uv":[15.5,5.475,16.0,6.225],"texture":"#1"},"south":{"uv":[15.75,5.475,15.5,6.225],"texture":"#1","rotation":90},"west":{"uv":[16.0,5.475,15.5,6.225],"texture":"#1"},"up":{"uv":[16.0,5.475,15.5,6.225],"texture":"#1","rotation":90},"down":{"uv":[15.5,5.475,16.0,6.225],"texture":"#1","rotation":90}}},{"from":[4.685,-14.5,1.37],"to":[8.0,-12.511,8.0],"rotation":{"origin":[9.6575,-13.5055,4.685],"axis":"x","angle":-22.5},"faces":{"north":{"uv":[15.5,5.475,16.0,6.225],"texture":"#1"},"east":{"uv":[15.5,5.475,15.75,6.225],"texture":"#1"},"south":{"uv":[16.0,5.475,15.5,6.225],"texture":"#1"},"west":{"uv":[15.75,5.475,16.0,6.225],"texture":"#1"},"up":{"uv":[16.0,6.225,15.5,5.475],"texture":"#1"},"down":{"uv":[16.0,6.225,15.5,5.475],"texture":"#1"}}},{"from":[8.97757,-15.05972,5.0165],"to":[15.60757,-13.07072,8.3315],"rotation":{"origin":[13.95007,-9.42422,6.011],"axis":"z","angle":-22.5},"faces":{"north":{"uv":[15.75,6.225,15.5,5.475],"texture":"#1","rotation":90},"east":{"uv":[16.0,5.475,15.5,6.225],"texture":"#1"},"south":{"uv":[16.0,6.225,15.75,5.475],"texture":"#1","rotation":90},"west":{"uv":[15.5,5.475,16.0,6.225],"texture":"#1"},"up":{"uv":[15.5,5.475,16.0,6.225],"texture":"#1","rotation":90},"down":{"uv":[16.0,5.475,15.5,6.225],"texture":"#1","rotation":90}}},{"from":[-0.8,12.43,-7.015],"to":[15.7,27.5,8.385],"rotation":{"origin":[-5.2,3.3,-5.2],"axis":"y","angle":0.0},"faces":{"north":{"uv":[0.75,11.25,2.75,13.25],"texture":"#1"},"east":{"uv":[0.75,11.5,2.75,13.5],"texture":"#1"},"south":{"uv":[0.0,0.0,2.0,2.0],"texture":"#1"},"west":{"uv":[0.0,0.0,2.0,2.0],"texture":"#1"},"up":{"uv":[0.0,0.0,2.0,2.0],"texture":"#1"},"down":{"uv":[0.0,0.0,2.0,2.0],"texture":"#1"}}},{"from":[-8.5,4.51,2.445],"to":[8.0,19.58,17.845],"rotation":{"origin":[-5.2,3.3,-5.2],"axis":"y","angle":0.0},"faces":{"north":{"uv":[0.0,0.0,2.0,2.0],"texture":"#1"},"east":{"uv":[0.0,0.0,2.0,2.0],"texture":"#1"},"south":{"uv":[0.0,0.0,2.0,2.0],"texture":"#1"},"west":{"uv":[0.75,11.25,2.75,13.25],"texture":"#1"},"up":{"uv":[0.0,0.0,2.0,2.0],"texture":"#1"},"down":{"uv":[0.0,0.0,2.0,2.0],"texture":"#1"}}},{"from":[3.6,8.25,8.165],"to":[21.2,25.63,24.665],"rotation":{"origin":[-5.2,3.3,-5.2],"axis":"y","angle":0.0},"faces":{"north":{"uv":[0.0,0.0,2.25,2.0],"texture":"#1"},"east":{"uv":[4.5,11.75,6.75,13.75],"texture":"#1"},"south":{"uv":[0.5,11.25,2.75,13.25],"texture":"#1"},"west":{"uv":[0.0,0.0,2.25,2.0],"texture":"#1"},"up":{"uv":[0.5,11.25,2.75,13.25],"texture":"#1"},"down":{"uv":[0.0,0.0,2.25,2.0],"texture":"#1"}}},{"from":[-14.0,2.2,10.2],"to":[27.8,32.0,10.2],"rotation":{"origin":[6.9,18.7,10.2],"axis":"y","angle":-45.0},"faces":{"north":{"uv":[7.75,0.75,12.25,4.75],"texture":"#1"},"east":{"uv":[7.75,0.75,12.25,4.75],"texture":"#1"},"south":{"uv":[7.75,0.75,12.25,4.75],"texture":"#1"},"west":{"uv":[7.75,0.75,12.25,4.75],"texture":"#1"},"up":{"uv":[7.75,0.75,12.25,4.75],"texture":"#1"},"down":{"uv":[7.75,0.75,12.25,4.75],"texture":"#1"}}},{"from":[6.9,2.2,-10.7],"to":[6.9,32.0,31.1],"rotation":{"origin":[6.9,18.7,10.2],"axis":"y","angle":-22.5},"faces":{"north":{"uv":[7.75,0.75,12.25,4.75],"texture":"#1"},"east":{"uv":[7.75,0.75,12.25,4.75],"texture":"#1"},"south":{"uv":[7.75,0.75,12.25,4.75],"texture":"#1"},"west":{"uv":[7.75,0.75,12.25,4.75],"texture":"#1"},"up":{"uv":[7.75,0.75,12.25,4.75],"texture":"#1","rotation":270},"down":{"uv":[7.75,0.75,12.25,4.75],"texture":"#1","rotation":90}}},{"from":[-14.0,2.2,10.2],"to":[27.8,32.0,10.2],"rotation":{"origin":[6.9,18.7,10.2],"axis":"y","angle":0.0},"faces":{"north":{"uv":[7.75,0.75,12.25,4.75],"texture":"#1"},"east":{"uv":[7.75,0.75,12.25,4.75],"texture":"#1"},"south":{"uv":[7.75,0.75,12.25,4.75],"texture":"#1"},"west":{"uv":[7.75,0.75,12.25,4.75],"texture":"#1"},"up":{"uv":[7.75,0.75,12.25,4.75],"texture":"#1"},"down":{"uv":[7.75,0.75,12.25,4.75],"texture":"#1"}}},{"from":[4.1,20.0,11.1],"to":[4.1,25.0,16.1],"rotation":{"origin":[0.0,27.0,17.0],"axis":"y","angle":22.5},"faces":{"north":{"uv":[5.75,11.75,6.5,12.5],"texture":"#1"},"east":{"uv":[5.75,11.75,6.5,12.5],"texture":"#1"},"south":{"uv":[5.75,11.75,6.5,12.5],"texture":"#1"},"west":{"uv":[5.75,11.75,6.5,12.5],"texture":"#1"},"up":{"uv":[5.75,11.75,6.5,12.5],"texture":"#1"},"down":{"uv":[5.75,11.75,6.5,12.5],"texture":"#1"}}}],"textures":{"1":"infinitecrops:ba63f9fb-094f-474f-89b7-39f4f3bda42e"},"gui_light":"front"}