{"parent":"infinitecrops:510c523a-2663-4013-b851-b056d47343f4","display":{"thirdperson_righthand":{"rotation":[0.0,-180.0,0.0],"translation":[0.0,2.75,0.75],"scale":[0.4,0.4,0.4]},"thirdperson_lefthand":{"translation":[0.0,2.75,0.75],"scale":[0.4,0.4,0.4]},"firstperson_righthand":{"rotation":[0.0,140.0,0.0],"translation":[3.5,2.5,0.0],"scale":[0.4,0.4,0.4]},"firstperson_lefthand":{"rotation":[0.0,-44.0,0.0],"translation":[-1.0,4.25,2.75],"scale":[0.4,0.4,0.4]},"ground":{"translation":[0.0,2.0,0.0],"scale":[0.5,0.5,0.5]}},"textures":{"particle":"infinitecrops:c22cdd3f-f409-4203-a550-4acfbce6f3bb","1":"infinitecrops:f71d7b29-fbde-40e3-bc11-62e39456b9cb","2":"infinitecrops:c22cdd3f-f409-4203-a550-4acfbce6f3bb","3":"infinitecrops:3856b01f-de28-461a-98f4-8f1745e9d7d8"}}