{"parent":"item/generated","display":{"thirdperson_righthand":{"scale":[0.3,0.3,0.5]},"thirdperson_lefthand":{"scale":[0.3,0.3,0.5]},"firstperson_righthand":{"translation":[4.0,1.25,0.0],"scale":[0.3,0.3,0.5]},"firstperson_lefthand":{"rotation":[0.0,141.0,0.0],"translation":[4.0,1.25,0.0],"scale":[0.3,0.3,0.5]},"ground":{"translation":[0.0,1.0,0.0],"scale":[0.3,0.3,0.5]},"gui":{"translation":[0.25,-0.25,0.0]},"fixed":{}},"textures":{"layer0":"infinitecrops:584b8faa-f968-457c-af8a-9524bcb171fa"}}