{"display":{"gui":{"rotation":[8.36,4.44,8.29],"scale":[0.4,0.4,0.4]},"fixed":{"rotation":[-90.0,0.0,0.0],"translation":[0.75,0.0,-43.5],"scale":[2.0,2.0,2.0]},"thirdperson_righthand":{"rotation":[0.0,-180.0,0.0],"translation":[0.0,2.75,0.75],"scale":[0.4,0.4,0.4]},"thirdperson_lefthand":{"translation":[0.0,2.75,0.75],"scale":[0.4,0.4,0.4]},"firstperson_righthand":{"rotation":[0.0,140.0,0.0],"translation":[3.5,2.5,0.0],"scale":[0.4,0.4,0.4]},"firstperson_lefthand":{"rotation":[0.0,-44.0,0.0],"translation":[-1.0,4.25,2.75],"scale":[0.4,0.4,0.4]},"ground":{"translation":[0.0,2.0,0.0],"scale":[0.5,0.5,0.5]}},"elements":[{"from":[6.3425,-14.0,6.674],"to":[9.6575,5.89,9.989],"rotation":{"origin":[-18.52,-14.0,-18.52],"axis":"y","angle":0.0},"faces":{"north":{"uv":[16.0,3.275,15.5,5.725],"texture":"#1"},"east":{"uv":[15.5,3.275,16.0,5.725],"texture":"#1"},"south":{"uv":[16.0,3.275,15.5,5.725],"texture":"#1"},"west":{"uv":[15.5,3.275,16.0,5.725],"texture":"#1"},"up":{"uv":[15.5,3.275,16.0,5.725],"texture":"#1"},"down":{"uv":[15.5,3.275,16.0,5.725],"texture":"#1"}}},{"from":[7.337,-14.0,8.0],"to":[10.652,-12.011,14.63],"rotation":{"origin":[9.6575,-13.0055,11.315],"axis":"x","angle":22.5},"faces":{"north":{"uv":[15.5,5.475,16.0,6.225],"texture":"#1"},"east":{"uv":[15.75,5.475,15.5,6.225],"texture":"#1"},"south":{"uv":[16.0,5.475,15.5,6.225],"texture":"#1"},"west":{"uv":[16.0,5.475,15.75,6.225],"texture":"#1"},"up":{"uv":[16.0,5.475,15.5,6.225],"texture":"#1"},"down":{"uv":[16.0,5.475,15.5,6.225],"texture":"#1"}}},{"from":[1.37,-14.663,8.3315],"to":[8.0,-12.674,11.6465],"rotation":{"origin":[2.3645,-13.0055,11.315],"axis":"z","angle":22.5},"faces":{"north":{"uv":[16.0,5.475,15.75,6.225],"texture":"#1","rotation":90},"east":{"uv":[15.5,5.475,16.0,6.225],"texture":"#1"},"south":{"uv":[15.75,5.475,15.5,6.225],"texture":"#1","rotation":90},"west":{"uv":[16.0,5.475,15.5,6.225],"texture":"#1"},"up":{"uv":[16.0,5.475,15.5,6.225],"texture":"#1","rotation":90},"down":{"uv":[15.5,5.475,16.0,6.225],"texture":"#1","rotation":90}}},{"from":[4.685,-14.0,1.37],"to":[8.0,-12.011,8.0],"rotation":{"origin":[9.6575,-13.0055,4.685],"axis":"x","angle":-22.5},"faces":{"north":{"uv":[15.5,5.475,16.0,6.225],"texture":"#1"},"east":{"uv":[15.5,5.475,15.75,6.225],"texture":"#1"},"south":{"uv":[16.0,5.475,15.5,6.225],"texture":"#1"},"west":{"uv":[15.75,5.475,16.0,6.225],"texture":"#1"},"up":{"uv":[16.0,6.225,15.5,5.475],"texture":"#1"},"down":{"uv":[16.0,6.225,15.5,5.475],"texture":"#1"}}},{"from":[8.97757,-14.55972,5.0165],"to":[15.60757,-12.57072,8.3315],"rotation":{"origin":[13.95007,-8.92422,6.011],"axis":"z","angle":-22.5},"faces":{"north":{"uv":[15.75,6.225,15.5,5.475],"texture":"#1","rotation":90},"east":{"uv":[16.0,5.475,15.5,6.225],"texture":"#1"},"south":{"uv":[16.0,6.225,15.75,5.475],"texture":"#1","rotation":90},"west":{"uv":[15.5,5.475,16.0,6.225],"texture":"#1"},"up":{"uv":[15.5,5.475,16.0,6.225],"texture":"#1","rotation":90},"down":{"uv":[16.0,5.475,15.5,6.225],"texture":"#1","rotation":90}}},{"from":[-0.8,12.43,-7.015],"to":[15.7,27.5,8.385],"rotation":{"origin":[-5.2,3.3,-5.2],"axis":"y","angle":0.0},"faces":{"north":{"uv":[0.0,0.0,2.0,2.0],"texture":"#1"},"east":{"uv":[1.25,0.5,3.25,2.5],"texture":"#1"},"south":{"uv":[0.0,0.0,2.0,2.0],"texture":"#1"},"west":{"uv":[0.0,0.0,2.0,2.0],"texture":"#1"},"up":{"uv":[0.0,0.0,2.0,2.0],"texture":"#1"},"down":{"uv":[0.0,0.0,2.0,2.0],"texture":"#1"}}},{"from":[-8.5,4.51,2.445],"to":[8.0,19.58,17.845],"rotation":{"origin":[-5.2,3.3,-5.2],"axis":"y","angle":0.0},"faces":{"north":{"uv":[0.0,0.0,2.0,2.0],"texture":"#1"},"east":{"uv":[0.0,0.0,2.0,2.0],"texture":"#1"},"south":{"uv":[0.0,0.0,2.0,2.0],"texture":"#1"},"west":{"uv":[1.25,1.25,3.25,3.25],"texture":"#1"},"up":{"uv":[0.0,0.0,2.0,2.0],"texture":"#1"},"down":{"uv":[0.0,0.0,2.0,2.0],"texture":"#1"}}},{"from":[5.5,0.71,-1.855],"to":[22.0,15.78,13.545],"rotation":{"origin":[-5.2,3.3,-5.2],"axis":"y","angle":0.0},"faces":{"north":{"uv":[0.0,0.0,2.0,2.0],"texture":"#1"},"east":{"uv":[0.0,0.0,2.0,2.0],"texture":"#1"},"south":{"uv":[0.0,0.0,2.0,2.0],"texture":"#1"},"west":{"uv":[1.25,1.25,3.25,3.25],"texture":"#1"},"up":{"uv":[0.0,0.0,2.0,2.0],"texture":"#1"},"down":{"uv":[0.0,0.0,2.0,2.0],"texture":"#1"}}},{"from":[3.6,8.25,8.165],"to":[21.2,25.63,24.665],"rotation":{"origin":[-5.2,3.3,-5.2],"axis":"y","angle":0.0},"faces":{"north":{"uv":[0.0,0.0,2.25,2.0],"texture":"#1"},"east":{"uv":[0.75,2.0,3.0,4.0],"texture":"#1"},"south":{"uv":[1.25,1.25,3.5,3.25],"texture":"#1"},"west":{"uv":[0.0,0.0,2.25,2.0],"texture":"#1"},"up":{"uv":[1.5,6.25,3.75,8.25],"texture":"#1"},"down":{"uv":[0.0,0.0,2.25,2.0],"texture":"#1"}}},{"from":[-14.0,2.2,10.2],"to":[27.8,32.0,10.2],"rotation":{"origin":[6.9,18.7,10.2],"axis":"y","angle":-45.0},"faces":{"north":{"uv":[7.75,0.75,12.25,4.75],"texture":"#1"},"east":{"uv":[7.75,0.75,12.25,4.75],"texture":"#1"},"south":{"uv":[7.75,0.75,12.25,4.75],"texture":"#1"},"west":{"uv":[7.75,0.75,12.25,4.75],"texture":"#1"},"up":{"uv":[7.75,0.75,12.25,4.75],"texture":"#1"},"down":{"uv":[7.75,0.75,12.25,4.75],"texture":"#1"}}},{"from":[6.9,2.2,-10.7],"to":[6.9,32.0,31.1],"rotation":{"origin":[6.9,18.7,10.2],"axis":"y","angle":-22.5},"faces":{"north":{"uv":[7.75,0.75,12.25,4.75],"texture":"#1"},"east":{"uv":[7.75,0.75,12.25,4.75],"texture":"#1"},"south":{"uv":[7.75,0.75,12.25,4.75],"texture":"#1"},"west":{"uv":[7.75,0.75,12.25,4.75],"texture":"#1"},"up":{"uv":[7.75,0.75,12.25,4.75],"texture":"#1","rotation":270},"down":{"uv":[7.75,0.75,12.25,4.75],"texture":"#1","rotation":90}}},{"from":[-14.0,2.2,10.2],"to":[27.8,32.0,10.2],"rotation":{"origin":[6.9,18.7,10.2],"axis":"y","angle":0.0},"faces":{"north":{"uv":[7.75,0.75,12.25,4.75],"texture":"#1"},"east":{"uv":[7.75,0.75,12.25,4.75],"texture":"#1"},"south":{"uv":[7.75,0.75,12.25,4.75],"texture":"#1"},"west":{"uv":[7.75,0.75,12.25,4.75],"texture":"#1"},"up":{"uv":[7.75,0.75,12.25,4.75],"texture":"#1"},"down":{"uv":[7.75,0.75,12.25,4.75],"texture":"#1"}}},{"from":[-4.0,1.0,1.0],"to":[1.0,4.0,6.0],"rotation":{"origin":[-1.575,-2.175,-11.5],"axis":"y","angle":0.0},"faces":{"north":{"uv":[0.0,0.0,16.0,12.0],"texture":"#2"},"east":{"uv":[0.0,0.0,16.0,12.0],"texture":"#2"},"south":{"uv":[0.0,0.0,16.0,12.0],"texture":"#2"},"west":{"uv":[0.0,0.0,16.0,12.0],"texture":"#2"},"up":{"uv":[0.0,8.0,16.0,16.0],"texture":"#2","rotation":90},"down":{"uv":[0.0,0.0,16.0,12.0],"texture":"#2"}}},{"from":[-3.5,-1.0,1.5],"to":[0.5,1.0,5.5],"rotation":{"origin":[-1.575,-2.175,-11.5],"axis":"y","angle":0.0},"faces":{"north":{"uv":[0.0,8.0,16.0,12.0],"texture":"#2"},"east":{"uv":[0.0,8.0,16.0,12.0],"texture":"#2"},"south":{"uv":[0.0,8.0,16.0,12.0],"texture":"#2"},"west":{"uv":[0.0,8.0,16.0,12.0],"texture":"#2"},"up":{"uv":[0.0,8.0,16.0,12.0],"texture":"#2"},"down":{"uv":[0.0,8.0,16.0,12.0],"texture":"#2"}}},{"from":[-2.1,4.0,3.0],"to":[-1.2,5.3,4.0],"rotation":{"origin":[-1.575,-2.175,-11.5],"axis":"y","angle":0.0},"faces":{"north":{"uv":[15.75,0.0,16.0,0.3],"texture":"#1"},"east":{"uv":[15.75,0.0,16.0,0.3],"texture":"#1"},"south":{"uv":[15.75,0.0,16.0,0.3],"texture":"#1"},"west":{"uv":[15.75,0.0,16.0,0.3],"texture":"#1"},"up":{"uv":[15.75,0.0,16.0,0.3],"texture":"#1"},"down":{"uv":[15.75,0.0,16.0,0.3],"texture":"#1"}}},{"from":[-2.0,10.0,17.0],"to":[3.0,13.0,22.0],"rotation":{"origin":[-1.575,2.325,19.5],"axis":"y","angle":22.5},"faces":{"north":{"uv":[0.0,0.0,16.0,12.0],"texture":"#2"},"east":{"uv":[0.0,0.0,16.0,12.0],"texture":"#2"},"south":{"uv":[0.0,0.0,16.0,12.0],"texture":"#2"},"west":{"uv":[0.0,0.0,16.0,12.0],"texture":"#2"},"up":{"uv":[0.0,8.0,16.0,16.0],"texture":"#2","rotation":90},"down":{"uv":[0.0,0.0,16.0,12.0],"texture":"#2"}}},{"from":[-1.5,8.0,17.5],"to":[2.5,10.0,21.5],"rotation":{"origin":[-1.575,2.325,19.5],"axis":"y","angle":22.5},"faces":{"north":{"uv":[0.0,8.0,16.0,12.0],"texture":"#2"},"east":{"uv":[0.0,8.0,16.0,12.0],"texture":"#2"},"south":{"uv":[0.0,8.0,16.0,12.0],"texture":"#2"},"west":{"uv":[0.0,8.0,16.0,12.0],"texture":"#2"},"up":{"uv":[0.0,8.0,16.0,12.0],"texture":"#2"},"down":{"uv":[0.0,8.0,16.0,12.0],"texture":"#2"}}},{"from":[-0.1,13.0,19.0],"to":[0.8,14.3,20.0],"rotation":{"origin":[-1.575,2.325,19.5],"axis":"y","angle":22.5},"faces":{"north":{"uv":[15.75,0.0,16.0,0.3],"texture":"#1"},"east":{"uv":[15.75,0.0,16.0,0.3],"texture":"#1"},"south":{"uv":[15.75,0.0,16.0,0.3],"texture":"#1"},"west":{"uv":[15.75,0.0,16.0,0.3],"texture":"#1"},"up":{"uv":[15.75,0.0,16.0,0.3],"texture":"#1"},"down":{"uv":[15.75,0.0,16.0,0.3],"texture":"#1"}}},{"from":[8.2,8.6,-8.1],"to":[13.2,11.6,-3.1],"rotation":{"origin":[-1.575,-2.175,-11.5],"axis":"y","angle":0.0},"faces":{"north":{"uv":[0.0,0.0,16.0,12.0],"texture":"#2"},"east":{"uv":[0.0,0.0,16.0,12.0],"texture":"#2"},"south":{"uv":[0.0,0.0,16.0,12.0],"texture":"#2"},"west":{"uv":[0.0,0.0,16.0,12.0],"texture":"#2"},"up":{"uv":[0.0,8.0,16.0,16.0],"texture":"#2","rotation":90},"down":{"uv":[0.0,0.0,16.0,12.0],"texture":"#2"}}},{"from":[8.7,6.6,-7.6],"to":[12.7,8.6,-3.6],"rotation":{"origin":[-1.575,-2.175,-11.5],"axis":"y","angle":0.0},"faces":{"north":{"uv":[0.0,8.0,16.0,12.0],"texture":"#2"},"east":{"uv":[0.0,8.0,16.0,12.0],"texture":"#2"},"south":{"uv":[0.0,8.0,16.0,12.0],"texture":"#2"},"west":{"uv":[0.0,8.0,16.0,12.0],"texture":"#2"},"up":{"uv":[0.0,8.0,16.0,12.0],"texture":"#2"},"down":{"uv":[0.0,8.0,16.0,12.0],"texture":"#2"}}},{"from":[10.1,11.6,-6.1],"to":[11.0,12.9,-5.1],"rotation":{"origin":[-1.575,-2.175,-11.5],"axis":"y","angle":0.0},"faces":{"north":{"uv":[15.75,0.0,16.0,0.3],"texture":"#1"},"east":{"uv":[15.75,0.0,16.0,0.3],"texture":"#1"},"south":{"uv":[15.75,0.0,16.0,0.3],"texture":"#1"},"west":{"uv":[15.75,0.0,16.0,0.3],"texture":"#1"},"up":{"uv":[15.75,0.0,16.0,0.3],"texture":"#1"},"down":{"uv":[15.75,0.0,16.0,0.3],"texture":"#1"}}},{"from":[13.4,4.3,19.0],"to":[18.4,7.3,24.0],"rotation":{"origin":[18.625,20.025,4.2],"axis":"z","angle":22.5},"faces":{"north":{"uv":[0.0,0.0,16.0,12.0],"texture":"#2"},"east":{"uv":[0.0,0.0,16.0,12.0],"texture":"#2"},"south":{"uv":[0.0,0.0,16.0,12.0],"texture":"#2"},"west":{"uv":[0.0,0.0,16.0,12.0],"texture":"#2"},"up":{"uv":[0.0,8.0,16.0,16.0],"texture":"#2","rotation":90},"down":{"uv":[0.0,0.0,16.0,12.0],"texture":"#2"}}},{"from":[13.9,2.3,19.5],"to":[17.9,4.3,23.5],"rotation":{"origin":[18.625,20.025,4.2],"axis":"z","angle":22.5},"faces":{"north":{"uv":[0.0,8.0,16.0,12.0],"texture":"#2"},"east":{"uv":[0.0,8.0,16.0,12.0],"texture":"#2"},"south":{"uv":[0.0,8.0,16.0,12.0],"texture":"#2"},"west":{"uv":[0.0,8.0,16.0,12.0],"texture":"#2"},"up":{"uv":[0.0,8.0,16.0,12.0],"texture":"#2"},"down":{"uv":[0.0,8.0,16.0,12.0],"texture":"#2"}}},{"from":[15.3,7.3,21.0],"to":[16.2,8.6,22.0],"rotation":{"origin":[18.625,20.025,4.2],"axis":"z","angle":22.5},"faces":{"north":{"uv":[15.75,0.0,16.0,0.3],"texture":"#1"},"east":{"uv":[15.75,0.0,16.0,0.3],"texture":"#1"},"south":{"uv":[15.75,0.0,16.0,0.3],"texture":"#1"},"west":{"uv":[15.75,0.0,16.0,0.3],"texture":"#1"},"up":{"uv":[15.75,0.0,16.0,0.3],"texture":"#1"},"down":{"uv":[15.75,0.0,16.0,0.3],"texture":"#1"}}},{"from":[12.8,21.0,3.0],"to":[17.8,24.0,8.0],"rotation":{"origin":[18.425,22.325,5.5],"axis":"y","angle":45.0},"faces":{"north":{"uv":[0.0,0.0,16.0,12.0],"texture":"#2"},"east":{"uv":[0.0,0.0,16.0,12.0],"texture":"#2"},"south":{"uv":[0.0,0.0,16.0,12.0],"texture":"#2"},"west":{"uv":[0.0,0.0,16.0,12.0],"texture":"#2"},"up":{"uv":[0.0,8.0,16.0,16.0],"texture":"#2","rotation":90},"down":{"uv":[0.0,0.0,16.0,12.0],"texture":"#2"}}},{"from":[13.3,19.0,3.5],"to":[17.3,21.0,7.5],"rotation":{"origin":[18.425,22.325,5.5],"axis":"y","angle":45.0},"faces":{"north":{"uv":[0.0,8.0,16.0,12.0],"texture":"#2"},"east":{"uv":[0.0,8.0,16.0,12.0],"texture":"#2"},"south":{"uv":[0.0,8.0,16.0,12.0],"texture":"#2"},"west":{"uv":[0.0,8.0,16.0,12.0],"texture":"#2"},"up":{"uv":[0.0,8.0,16.0,12.0],"texture":"#2"},"down":{"uv":[0.0,8.0,16.0,12.0],"texture":"#2"}}},{"from":[14.7,24.0,5.0],"to":[15.6,25.3,6.0],"rotation":{"origin":[18.425,22.325,5.5],"axis":"y","angle":45.0},"faces":{"north":{"uv":[15.75,0.0,16.0,0.3],"texture":"#1"},"east":{"uv":[15.75,0.0,16.0,0.3],"texture":"#1"},"south":{"uv":[15.75,0.0,16.0,0.3],"texture":"#1"},"west":{"uv":[15.75,0.0,16.0,0.3],"texture":"#1"},"up":{"uv":[15.75,0.0,16.0,0.3],"texture":"#1"},"down":{"uv":[15.75,0.0,16.0,0.3],"texture":"#1"}}},{"from":[-4.9,22.5,3.9],"to":[0.1,25.5,8.9],"rotation":{"origin":[-3.375,21.925,6.4],"axis":"z","angle":-22.5},"faces":{"north":{"uv":[0.0,0.0,16.0,12.0],"texture":"#2"},"east":{"uv":[0.0,0.0,16.0,12.0],"texture":"#2"},"south":{"uv":[0.0,0.0,16.0,12.0],"texture":"#2"},"west":{"uv":[0.0,0.0,16.0,12.0],"texture":"#2"},"up":{"uv":[0.0,8.0,16.0,16.0],"texture":"#2","rotation":90},"down":{"uv":[0.0,0.0,16.0,12.0],"texture":"#2"}}},{"from":[-4.4,20.5,4.4],"to":[-0.4,22.5,8.4],"rotation":{"origin":[-3.375,21.925,6.4],"axis":"z","angle":-22.5},"faces":{"north":{"uv":[0.0,8.0,16.0,12.0],"texture":"#2"},"east":{"uv":[0.0,8.0,16.0,12.0],"texture":"#2"},"south":{"uv":[0.0,8.0,16.0,12.0],"texture":"#2"},"west":{"uv":[0.0,8.0,16.0,12.0],"texture":"#2"},"up":{"uv":[0.0,8.0,16.0,12.0],"texture":"#2"},"down":{"uv":[0.0,8.0,16.0,12.0],"texture":"#2"}}},{"from":[-3.0,25.5,5.9],"to":[-2.1,26.8,6.9],"rotation":{"origin":[-3.375,21.925,6.4],"axis":"z","angle":-22.5},"faces":{"north":{"uv":[15.75,0.0,16.0,0.3],"texture":"#1"},"east":{"uv":[15.75,0.0,16.0,0.3],"texture":"#1"},"south":{"uv":[15.75,0.0,16.0,0.3],"texture":"#1"},"west":{"uv":[15.75,0.0,16.0,0.3],"texture":"#1"},"up":{"uv":[15.75,0.0,16.0,0.3],"texture":"#1"},"down":{"uv":[15.75,0.0,16.0,0.3],"texture":"#1"}}},{"from":[-0.32252,-11.75224,2.9],"to":[4.67748,-8.75224,7.9],"rotation":{"origin":[1.10248,-11.42724,5.4],"axis":"z","angle":-45.0},"faces":{"north":{"uv":[0.0,0.0,16.0,12.0],"texture":"#2"},"east":{"uv":[0.0,0.0,16.0,12.0],"texture":"#2"},"south":{"uv":[0.0,0.0,16.0,12.0],"texture":"#2"},"west":{"uv":[0.0,0.0,16.0,12.0],"texture":"#2"},"up":{"uv":[0.0,8.0,16.0,16.0],"texture":"#2","rotation":90},"down":{"uv":[0.0,0.0,16.0,12.0],"texture":"#2"}}},{"from":[0.17748,-13.75224,3.4],"to":[4.17748,-11.75224,7.4],"rotation":{"origin":[1.10248,-11.42724,5.4],"axis":"z","angle":-45.0},"faces":{"north":{"uv":[0.0,8.0,16.0,12.0],"texture":"#2"},"east":{"uv":[0.0,8.0,16.0,12.0],"texture":"#2"},"south":{"uv":[0.0,8.0,16.0,12.0],"texture":"#2"},"west":{"uv":[0.0,8.0,16.0,12.0],"texture":"#2"},"up":{"uv":[0.0,8.0,16.0,12.0],"texture":"#2"},"down":{"uv":[0.0,8.0,16.0,12.0],"texture":"#2"}}},{"from":[1.57748,-8.75224,4.9],"to":[2.47748,-7.45224,5.9],"rotation":{"origin":[1.10248,-11.42724,5.4],"axis":"z","angle":-45.0},"faces":{"north":{"uv":[15.75,0.0,16.0,0.3],"texture":"#1"},"east":{"uv":[15.75,0.0,16.0,0.3],"texture":"#1"},"south":{"uv":[15.75,0.0,16.0,0.3],"texture":"#1"},"west":{"uv":[15.75,0.0,16.0,0.3],"texture":"#1"},"up":{"uv":[15.75,0.0,16.0,0.3],"texture":"#1"},"down":{"uv":[15.75,0.0,16.0,0.3],"texture":"#1"}}}],"textures":{"particle":"infinitecrops:9de3d997-ccf3-4b9b-a90b-4d0daf1d8349","1":"infinitecrops:36028179-0df2-4b50-9162-8f62d480dda0","2":"infinitecrops:9de3d997-ccf3-4b9b-a90b-4d0daf1d8349"},"gui_light":"front"}