{"display":{"thirdperson_righthand":{"rotation":[0.0,-180.0,0.0],"translation":[0.0,2.75,0.75],"scale":[0.4,0.4,0.4]},"gui":{"rotation":[5.7,14.45,5.18],"translation":[0.0,-0.5,0.0]},"fixed":{"rotation":[-90.0,0.0,0.0],"translation":[0.0,0.0,-19.0],"scale":[2.5,2.5,2.5]},"thirdperson_lefthand":{"translation":[0.0,2.75,0.75],"scale":[0.4,0.4,0.4]},"firstperson_righthand":{"rotation":[0.0,140.0,0.0],"translation":[3.5,2.5,0.0],"scale":[0.4,0.4,0.4]},"firstperson_lefthand":{"rotation":[0.0,-44.0,0.0],"translation":[-1.0,4.25,2.75],"scale":[0.4,0.4,0.4]},"ground":{"translation":[0.0,2.0,0.0],"scale":[0.5,0.5,0.5]}},"elements":[{"from":[0.0,0.0,8.0],"to":[16.0,18.0,8.0],"rotation":{"origin":[8.0,9.0,8.0],"axis":"y","angle":-45.0},"faces":{"north":{"uv":[13.5,6.0,2.5,16.0],"texture":"#1"},"east":{"uv":[13.5,6.0,2.5,16.0],"texture":"#1"},"south":{"uv":[13.5,6.0,2.5,16.0],"texture":"#1"},"west":{"uv":[13.5,6.0,2.5,16.0],"texture":"#1"},"up":{"uv":[13.5,6.0,2.5,16.0],"texture":"#1"},"down":{"uv":[13.5,6.0,2.5,16.0],"texture":"#1"}}},{"from":[8.0,0.0,0.0],"to":[8.0,18.0,16.0],"rotation":{"origin":[8.0,9.0,8.0],"axis":"y","angle":-45.0},"faces":{"north":{"uv":[13.5,6.0,2.5,16.0],"texture":"#1"},"east":{"uv":[13.5,6.0,2.5,16.0],"texture":"#1"},"south":{"uv":[13.5,6.0,2.5,16.0],"texture":"#1"},"west":{"uv":[13.5,6.0,2.5,16.0],"texture":"#1"},"up":{"uv":[13.5,6.0,2.5,16.0],"texture":"#1"},"down":{"uv":[13.5,6.0,2.5,16.0],"texture":"#1"}}},{"from":[6.0,8.2,5.7],"to":[10.0,14.2,9.7],"faces":{"north":{"uv":[4.0,7.2,10.0,14.2],"texture":"#particle"},"east":{"uv":[4.0,7.2,10.0,14.2],"texture":"#particle"},"south":{"uv":[4.0,7.2,10.0,14.2],"texture":"#particle"},"west":{"uv":[4.0,7.2,10.0,14.2],"texture":"#particle"},"up":{"uv":[4.0,0.0,10.0,4.4],"texture":"#particle"},"down":{"uv":[4.0,7.2,10.0,14.2],"texture":"#particle"}}}],"textures":{"particle":"infinitecrops:42240ac0-3aae-45e9-9c9f-a92b77138db2","1":"infinitecrops:07303930-f67c-4356-8c72-a5afb95f4b2d"},"gui_light":"front"}