{"parent":"infinitecrops:ddac9768-b262-4e2c-bdec-26deb6e232d3","display":{"thirdperson_righthand":{"rotation":[0.0,-180.0,0.0],"translation":[0.0,2.75,0.75],"scale":[0.4,0.4,0.4]},"thirdperson_lefthand":{"translation":[0.0,2.75,0.75],"scale":[0.4,0.4,0.4]},"firstperson_righthand":{"rotation":[0.0,140.0,0.0],"translation":[3.5,2.5,0.0],"scale":[0.4,0.4,0.4]},"firstperson_lefthand":{"rotation":[0.0,-44.0,0.0],"translation":[-1.0,4.25,2.75],"scale":[0.4,0.4,0.4]},"ground":{"translation":[0.0,2.0,0.0],"scale":[0.5,0.5,0.5]}},"textures":{"particle":"infinitecrops:9de3d997-ccf3-4b9b-a90b-4d0daf1d8349","1":"infinitecrops:36028179-0df2-4b50-9162-8f62d480dda0","2":"infinitecrops:9de3d997-ccf3-4b9b-a90b-4d0daf1d8349"}}