{"display":{"ground":{"translation":[0.0,3.0,0.0],"scale":[0.7,0.7,0.7]},"gui":{"rotation":[30.0,45.0,0.0],"scale":[0.8,0.8,0.8]},"head":{"translation":[0.0,-31.0,0.0],"scale":[1.5,1.5,1.5]},"fixed":{"rotation":[-90.0,0.0,0.0],"translation":[0.0,0.0,-14.75],"scale":[2.0,2.0,2.0]},"thirdperson_righthand":{"translation":[0.0,1.75,-0.5],"scale":[0.7,0.7,0.7]},"thirdperson_lefthand":{"translation":[0.0,1.75,-0.5],"scale":[0.7,0.7,0.7]},"firstperson_righthand":{"translation":[4.0,3.5,0.0],"scale":[0.6,0.6,0.6]},"firstperson_lefthand":{"translation":[4.0,3.5,0.0],"scale":[0.6,0.6,0.6]}},"elements":[{"from":[6.8,8.4,0.26199],"to":[9.2,10.8,14.66199],"rotation":{"origin":[-1.6,0.0,-1.6],"axis":"y","angle":0.0},"faces":{"north":{"uv":[5.0,0.0,14.9,2.0],"texture":"#0"},"east":{"uv":[5.0,0.0,14.9,2.0],"texture":"#0"},"south":{"uv":[5.0,0.0,14.9,2.0],"texture":"#0"},"west":{"uv":[5.0,0.0,14.9,2.0],"texture":"#0"},"up":{"uv":[5.0,0.0,14.9,1.0],"texture":"#0","rotation":90},"down":{"uv":[5.0,1.0,14.9,2.0],"texture":"#0","rotation":90}}},{"from":[7.28,0.0,6.68],"to":[8.72,4.8,8.24],"rotation":{"origin":[-1.6,0.0,-1.6],"axis":"y","angle":0.0},"faces":{"north":{"uv":[10.0,13.5,11.0,16.0],"texture":"#0"},"east":{"uv":[10.0,13.5,11.0,16.0],"texture":"#0"},"south":{"uv":[10.0,13.5,11.0,16.0],"texture":"#0"},"west":{"uv":[10.0,13.5,11.0,16.0],"texture":"#0"},"up":{"uv":[10.0,13.5,11.0,16.0],"texture":"#0"},"down":{"uv":[10.0,13.5,11.0,16.0],"texture":"#0"}}},{"from":[6.68,3.6,6.08],"to":[9.32,8.4,8.96],"rotation":{"origin":[-1.6,0.0,-1.6],"axis":"y","angle":0.0},"faces":{"north":{"uv":[10.0,8.0,12.0,12.0],"texture":"#0"},"east":{"uv":[12.0,8.0,10.0,12.0],"texture":"#0"},"south":{"uv":[10.0,8.0,12.0,12.0],"texture":"#0"},"west":{"uv":[12.0,8.0,10.0,12.0],"texture":"#0"},"up":{"uv":[10.0,8.0,12.0,9.0],"texture":"#0"},"down":{"uv":[10.0,11.0,12.0,12.0],"texture":"#0"}}},{"from":[5.6,7.2,-0.4],"to":[10.4,12.0,0.8],"rotation":{"origin":[8.0,9.6,0.2],"axis":"z","angle":0.0},"faces":{"north":{"uv":[0.0,0.0,4.0,4.0],"texture":"#0"},"east":{"uv":[0.0,0.0,1.0,4.0],"texture":"#0"},"south":{"uv":[0.0,0.0,4.0,4.0],"texture":"#0"},"west":{"uv":[3.0,0.0,4.0,4.0],"texture":"#0"},"up":{"uv":[0.0,0.0,4.0,1.0],"texture":"#0"},"down":{"uv":[0.0,3.0,4.0,4.0],"texture":"#0"}}},{"from":[5.6,7.2,14.6],"to":[10.4,12.0,15.8],"rotation":{"origin":[-1.6,0.0,-1.6],"axis":"y","angle":0.0},"faces":{"north":{"uv":[0.0,0.0,4.0,4.0],"texture":"#0"},"east":{"uv":[0.0,0.0,1.0,4.0],"texture":"#0"},"south":{"uv":[0.0,0.0,4.0,4.0],"texture":"#0"},"west":{"uv":[3.0,0.0,4.0,4.0],"texture":"#0"},"up":{"uv":[0.0,0.0,4.0,1.0],"texture":"#0"},"down":{"uv":[0.0,3.0,4.0,4.0],"texture":"#0"}}},{"from":[15.02,7.2,5.18],"to":[16.22,12.0,9.98],"rotation":{"origin":[8.0,9.6,7.7],"axis":"y","angle":0.0},"faces":{"north":{"uv":[0.0,0.0,1.0,4.0],"texture":"#0"},"east":{"uv":[0.0,0.0,4.0,4.0],"texture":"#0"},"south":{"uv":[3.0,0.0,4.0,4.0],"texture":"#0"},"west":{"uv":[0.0,0.0,4.0,4.0],"texture":"#0"},"up":{"uv":[0.0,0.0,4.0,1.0],"texture":"#0","rotation":270},"down":{"uv":[0.0,3.0,4.0,4.0],"texture":"#0","rotation":90}}},{"from":[0.02,7.2,5.18],"to":[1.22,12.0,9.98],"rotation":{"origin":[8.0,9.6,7.7],"axis":"y","angle":0.0},"faces":{"north":{"uv":[0.0,0.0,1.0,4.0],"texture":"#0"},"east":{"uv":[0.0,0.0,4.0,4.0],"texture":"#0"},"south":{"uv":[3.0,0.0,4.0,4.0],"texture":"#0"},"west":{"uv":[0.0,0.0,4.0,4.0],"texture":"#0"},"up":{"uv":[0.0,0.0,4.0,1.0],"texture":"#0","rotation":270},"down":{"uv":[0.0,3.0,4.0,4.0],"texture":"#0","rotation":90}}},{"from":[0.68199,8.4,6.38],"to":[15.08199,10.8,8.78],"rotation":{"origin":[8.0,9.6,7.7],"axis":"y","angle":0.0},"faces":{"north":{"uv":[5.0,0.0,14.9,2.0],"texture":"#0"},"east":{"uv":[5.0,0.0,14.9,2.0],"texture":"#0"},"south":{"uv":[5.0,0.0,14.9,2.0],"texture":"#0"},"west":{"uv":[5.0,0.0,14.9,2.0],"texture":"#0"},"up":{"uv":[5.0,0.0,14.9,1.0],"texture":"#0"},"down":{"uv":[5.0,1.0,14.9,2.0],"texture":"#0","rotation":180}}},{"from":[6.8,8.4,0.26199],"to":[9.2,10.8,14.66199],"rotation":{"origin":[8.12,9.6,7.7],"axis":"y","angle":-45.0},"faces":{"north":{"uv":[5.0,2.0,14.9,4.0],"texture":"#0"},"east":{"uv":[5.0,2.0,14.9,4.0],"texture":"#0"},"south":{"uv":[5.0,2.0,14.9,4.0],"texture":"#0"},"west":{"uv":[5.0,2.0,14.9,4.0],"texture":"#0"},"up":{"uv":[5.0,2.0,14.9,3.0],"texture":"#0","rotation":90},"down":{"uv":[5.0,3.0,14.9,4.0],"texture":"#0","rotation":90}}},{"from":[0.68199,8.4,6.38],"to":[15.08199,10.8,8.78],"rotation":{"origin":[8.12,9.6,7.7],"axis":"y","angle":-45.0},"faces":{"north":{"uv":[5.0,2.0,14.9,4.0],"texture":"#0"},"east":{"uv":[5.0,2.0,14.9,4.0],"texture":"#0"},"south":{"uv":[5.0,2.0,14.9,4.0],"texture":"#0"},"west":{"uv":[5.0,2.0,14.9,4.0],"texture":"#0"},"up":{"uv":[5.0,2.0,14.9,3.0],"texture":"#0"},"down":{"uv":[5.0,3.0,14.9,4.0],"texture":"#0","rotation":180}}},{"from":[0.02,7.2,5.18],"to":[1.22,12.0,9.98],"rotation":{"origin":[8.12,9.6,7.7],"axis":"y","angle":-45.0},"faces":{"north":{"uv":[0.0,4.0,1.0,8.0],"texture":"#0"},"east":{"uv":[0.0,4.0,4.0,8.0],"texture":"#0"},"south":{"uv":[3.0,4.0,4.0,8.0],"texture":"#0"},"west":{"uv":[0.0,4.0,4.0,8.0],"texture":"#0"},"up":{"uv":[0.0,4.0,4.0,5.0],"texture":"#0","rotation":270},"down":{"uv":[0.0,7.0,4.0,8.0],"texture":"#0","rotation":90}}},{"from":[5.6,7.2,14.6],"to":[10.4,12.0,15.8],"rotation":{"origin":[8.12,9.6,7.7],"axis":"y","angle":-45.0},"faces":{"north":{"uv":[0.0,4.0,4.0,8.0],"texture":"#0"},"east":{"uv":[0.0,4.0,1.0,8.0],"texture":"#0"},"south":{"uv":[0.0,4.0,4.0,8.0],"texture":"#0"},"west":{"uv":[3.0,4.0,4.0,8.0],"texture":"#0"},"up":{"uv":[0.0,4.0,4.0,5.0],"texture":"#0"},"down":{"uv":[0.0,7.0,4.0,8.0],"texture":"#0"}}},{"from":[15.02,7.2,5.18],"to":[16.22,12.0,9.98],"rotation":{"origin":[8.12,9.6,7.7],"axis":"y","angle":-45.0},"faces":{"north":{"uv":[0.0,4.0,1.0,8.0],"texture":"#0"},"east":{"uv":[0.0,4.0,4.0,8.0],"texture":"#0"},"south":{"uv":[3.0,4.0,4.0,8.0],"texture":"#0"},"west":{"uv":[0.0,4.0,4.0,8.0],"texture":"#0"},"up":{"uv":[0.0,4.0,4.0,5.0],"texture":"#0","rotation":270},"down":{"uv":[0.0,7.0,4.0,8.0],"texture":"#0","rotation":90}}},{"from":[5.6,7.2,-0.4],"to":[10.4,12.0,0.8],"rotation":{"origin":[8.12,9.6,7.7],"axis":"y","angle":-45.0},"faces":{"north":{"uv":[0.0,4.0,4.0,8.0],"texture":"#0"},"east":{"uv":[0.0,4.0,1.0,8.0],"texture":"#0"},"south":{"uv":[0.0,4.0,4.0,8.0],"texture":"#0"},"west":{"uv":[3.0,4.0,4.0,8.0],"texture":"#0"},"up":{"uv":[0.0,4.0,4.0,5.0],"texture":"#0"},"down":{"uv":[0.0,7.0,4.0,8.0],"texture":"#0"}}},{"from":[6.8,10.32,0.26199],"to":[9.2,12.72,14.66199],"rotation":{"origin":[8.12,15.6,7.7],"axis":"y","angle":45.0},"faces":{"north":{"uv":[5.0,0.0,14.9,2.0],"texture":"#0"},"east":{"uv":[5.0,0.0,14.9,2.0],"texture":"#0"},"south":{"uv":[5.0,0.0,14.9,2.0],"texture":"#0"},"west":{"uv":[5.0,0.0,14.9,2.0],"texture":"#0"},"up":{"uv":[5.0,0.0,14.9,1.0],"texture":"#0","rotation":90},"down":{"uv":[5.0,1.0,14.9,2.0],"texture":"#0","rotation":90}}},{"from":[0.68199,10.32,6.38],"to":[15.08199,12.72,8.78],"rotation":{"origin":[8.12,15.6,7.7],"axis":"y","angle":45.0},"faces":{"north":{"uv":[5.0,0.0,14.9,2.0],"texture":"#0"},"east":{"uv":[5.0,0.0,14.9,2.0],"texture":"#0"},"south":{"uv":[5.0,0.0,14.9,2.0],"texture":"#0"},"west":{"uv":[5.0,0.0,14.9,2.0],"texture":"#0"},"up":{"uv":[5.0,0.0,14.9,1.0],"texture":"#0"},"down":{"uv":[5.0,1.0,14.9,2.0],"texture":"#0","rotation":180}}},{"from":[0.02,9.12,5.18],"to":[1.22,13.92,9.98],"rotation":{"origin":[8.12,15.6,7.7],"axis":"y","angle":45.0},"faces":{"north":{"uv":[0.0,0.0,1.0,4.0],"texture":"#0"},"east":{"uv":[0.0,0.0,4.0,4.0],"texture":"#0"},"south":{"uv":[3.0,0.0,4.0,4.0],"texture":"#0"},"west":{"uv":[0.0,0.0,4.0,4.0],"texture":"#0"},"up":{"uv":[0.0,0.0,4.0,1.0],"texture":"#0","rotation":270},"down":{"uv":[0.0,3.0,4.0,4.0],"texture":"#0","rotation":90}}},{"from":[5.6,9.12,14.6],"to":[10.4,13.92,15.8],"rotation":{"origin":[8.12,15.6,7.7],"axis":"y","angle":45.0},"faces":{"north":{"uv":[0.0,0.0,4.0,4.0],"texture":"#0"},"east":{"uv":[0.0,0.0,1.0,4.0],"texture":"#0"},"south":{"uv":[0.0,0.0,4.0,4.0],"texture":"#0"},"west":{"uv":[3.0,0.0,4.0,4.0],"texture":"#0"},"up":{"uv":[0.0,0.0,4.0,1.0],"texture":"#0"},"down":{"uv":[0.0,3.0,4.0,4.0],"texture":"#0"}}},{"from":[15.02,9.12,5.18],"to":[16.22,13.92,9.98],"rotation":{"origin":[8.12,15.6,7.7],"axis":"y","angle":45.0},"faces":{"north":{"uv":[0.0,0.0,1.0,4.0],"texture":"#0"},"east":{"uv":[0.0,0.0,4.0,4.0],"texture":"#0"},"south":{"uv":[3.0,0.0,4.0,4.0],"texture":"#0"},"west":{"uv":[0.0,0.0,4.0,4.0],"texture":"#0"},"up":{"uv":[0.0,0.0,4.0,1.0],"texture":"#0","rotation":270},"down":{"uv":[0.0,3.0,4.0,4.0],"texture":"#0","rotation":90}}},{"from":[5.6,9.12,-0.4],"to":[10.4,13.92,0.8],"rotation":{"origin":[8.12,15.6,7.7],"axis":"y","angle":45.0},"faces":{"north":{"uv":[0.0,0.0,4.0,4.0],"texture":"#0"},"east":{"uv":[0.0,0.0,1.0,4.0],"texture":"#0"},"south":{"uv":[0.0,0.0,4.0,4.0],"texture":"#0"},"west":{"uv":[3.0,0.0,4.0,4.0],"texture":"#0"},"up":{"uv":[0.0,0.0,4.0,1.0],"texture":"#0"},"down":{"uv":[0.0,3.0,4.0,4.0],"texture":"#0"}}},{"from":[5.78,9.12,-0.42485],"to":[10.58,13.92,0.77515],"rotation":{"origin":[8.12,11.52,7.61515],"axis":"y","angle":0.0},"faces":{"north":{"uv":[0.0,4.0,4.0,8.0],"texture":"#0"},"east":{"uv":[0.0,4.0,1.0,8.0],"texture":"#0"},"south":{"uv":[0.0,4.0,4.0,8.0],"texture":"#0"},"west":{"uv":[3.0,4.0,4.0,8.0],"texture":"#0"},"up":{"uv":[0.0,4.0,4.0,5.0],"texture":"#0"},"down":{"uv":[0.0,7.0,4.0,8.0],"texture":"#0"}}},{"from":[6.98,10.32,0.23714],"to":[9.38,12.72,14.63714],"rotation":{"origin":[8.12,11.52,7.61515],"axis":"y","angle":0.0},"faces":{"north":{"uv":[5.0,2.0,14.9,4.0],"texture":"#0"},"east":{"uv":[5.0,2.0,14.9,4.0],"texture":"#0"},"south":{"uv":[5.0,2.0,14.9,4.0],"texture":"#0"},"west":{"uv":[5.0,2.0,14.9,4.0],"texture":"#0"},"up":{"uv":[5.0,2.0,14.9,3.0],"texture":"#0","rotation":90},"down":{"uv":[5.0,3.0,14.9,4.0],"texture":"#0","rotation":90}}},{"from":[-0.04,9.12,5.15515],"to":[1.16,13.92,9.95515],"rotation":{"origin":[8.12,11.52,7.61515],"axis":"y","angle":0.0},"faces":{"north":{"uv":[3.0,4.0,4.0,8.0],"texture":"#0"},"east":{"uv":[0.0,4.0,4.0,8.0],"texture":"#0"},"south":{"uv":[0.0,4.0,1.0,8.0],"texture":"#0"},"west":{"uv":[0.0,4.0,4.0,8.0],"texture":"#0"},"up":{"uv":[0.0,4.0,4.0,5.0],"texture":"#0","rotation":90},"down":{"uv":[0.0,7.0,4.0,8.0],"texture":"#0","rotation":270}}},{"from":[5.78,9.12,14.57515],"to":[10.58,13.92,15.77515],"rotation":{"origin":[8.12,11.52,7.61515],"axis":"y","angle":0.0},"faces":{"north":{"uv":[0.0,4.0,4.0,8.0],"texture":"#0"},"east":{"uv":[0.0,4.0,1.0,8.0],"texture":"#0"},"south":{"uv":[0.0,4.0,4.0,8.0],"texture":"#0"},"west":{"uv":[3.0,4.0,4.0,8.0],"texture":"#0"},"up":{"uv":[0.0,4.0,4.0,5.0],"texture":"#0"},"down":{"uv":[0.0,7.0,4.0,8.0],"texture":"#0"}}},{"from":[14.96,9.12,5.15515],"to":[16.16,13.92,9.95515],"rotation":{"origin":[8.12,11.52,7.61515],"axis":"y","angle":0.0},"faces":{"north":{"uv":[3.0,4.0,4.0,8.0],"texture":"#0"},"east":{"uv":[0.0,4.0,4.0,8.0],"texture":"#0"},"south":{"uv":[0.0,4.0,1.0,8.0],"texture":"#0"},"west":{"uv":[0.0,4.0,4.0,8.0],"texture":"#0"},"up":{"uv":[0.0,4.0,4.0,5.0],"texture":"#0","rotation":90},"down":{"uv":[0.0,7.0,4.0,8.0],"texture":"#0","rotation":270}}},{"from":[1.09801,10.32,6.35515],"to":[15.49801,12.72,8.75515],"rotation":{"origin":[8.12,11.52,7.61515],"axis":"y","angle":0.0},"faces":{"north":{"uv":[5.0,2.0,14.9,4.0],"texture":"#0"},"east":{"uv":[5.0,2.0,14.9,4.0],"texture":"#0"},"south":{"uv":[5.0,2.0,14.9,4.0],"texture":"#0"},"west":{"uv":[5.0,2.0,14.9,4.0],"texture":"#0"},"up":{"uv":[5.0,2.0,14.9,3.0],"texture":"#0","rotation":180},"down":{"uv":[5.0,3.0,14.9,4.0],"texture":"#0"}}}],"textures":{"particle":"infinitecrops:9f2e45c0-4c0c-49fc-8ddb-99bd11ab103b","0":"infinitecrops:9f2e45c0-4c0c-49fc-8ddb-99bd11ab103b"},"gui_light":"front"}