{"parent":"infinitecrops:0e695b34-fde7-4443-bbef-17ec108ee8cf","display":{"thirdperson_righthand":{"rotation":[0.0,-180.0,0.0],"translation":[0.0,2.75,0.75],"scale":[0.4,0.4,0.4]},"thirdperson_lefthand":{"translation":[0.0,2.75,0.75],"scale":[0.4,0.4,0.4]},"firstperson_righthand":{"rotation":[0.0,140.0,0.0],"translation":[3.5,2.5,0.0],"scale":[0.4,0.4,0.4]},"firstperson_lefthand":{"rotation":[0.0,-44.0,0.0],"translation":[-1.0,4.25,2.75],"scale":[0.4,0.4,0.4]},"ground":{"translation":[0.0,2.0,0.0],"scale":[0.5,0.5,0.5]}},"textures":{"particle":"infinitecrops:4be93710-d0a4-4dd4-8a91-d971e6bcfa33","1":"infinitecrops:f71d7b29-fbde-40e3-bc11-62e39456b9cb","2":"infinitecrops:4be93710-d0a4-4dd4-8a91-d971e6bcfa33","3":"infinitecrops:74e55b2c-9e99-4293-80a5-7da01cebc818"}}