{"display":{"gui":{"rotation":[22.51,-26.93,10.89],"translation":[0.0,-1.0,0.0]},"fixed":{"rotation":[-90.0,0.0,0.0],"translation":[0.0,0.0,-15.0],"scale":[2.0,2.0,2.0]},"thirdperson_righthand":{"rotation":[0.0,-180.0,0.0],"translation":[0.0,2.75,0.75],"scale":[0.4,0.4,0.4]},"thirdperson_lefthand":{"translation":[0.0,2.75,0.75],"scale":[0.4,0.4,0.4]},"firstperson_righthand":{"rotation":[0.0,140.0,0.0],"translation":[3.5,2.5,0.0],"scale":[0.4,0.4,0.4]},"firstperson_lefthand":{"rotation":[0.0,-44.0,0.0],"translation":[-1.0,4.25,2.75],"scale":[0.4,0.4,0.4]},"ground":{"translation":[0.0,2.0,0.0],"scale":[0.5,0.5,0.5]}},"elements":[{"from":[7.5,0.0,7.4],"to":[8.5,15.0,8.4],"faces":{"north":{"uv":[0.0,0.0,1.0,15.0],"texture":"#3"},"east":{"uv":[0.0,0.0,1.0,15.0],"texture":"#3"},"south":{"uv":[0.0,0.0,1.0,15.0],"texture":"#3"},"west":{"uv":[0.0,0.0,1.0,15.0],"texture":"#3"},"up":{"uv":[0.0,0.0,1.0,1.0],"texture":"#3"},"down":{"uv":[0.0,0.0,1.0,1.0],"texture":"#3"}}},{"from":[7.0,8.9,0.5],"to":[9.0,10.9,2.5],"faces":{"north":{"uv":[4.0,4.0,16.0,16.0],"texture":"#2"},"east":{"uv":[4.0,4.0,16.0,16.0],"texture":"#2"},"south":{"uv":[4.0,4.0,16.0,16.0],"texture":"#2"},"west":{"uv":[4.0,4.0,16.0,16.0],"texture":"#2"},"up":{"uv":[4.0,4.0,16.0,16.0],"texture":"#2"},"down":{"uv":[4.0,4.0,16.0,16.0],"texture":"#2"}}},{"from":[0.8,6.0,7.0],"to":[2.8,8.0,9.0],"faces":{"north":{"uv":[4.0,4.0,16.0,16.0],"texture":"#2"},"east":{"uv":[4.0,4.0,16.0,16.0],"texture":"#2"},"south":{"uv":[4.0,4.0,16.0,16.0],"texture":"#2"},"west":{"uv":[4.0,4.0,16.0,16.0],"texture":"#2"},"up":{"uv":[4.0,4.0,16.0,16.0],"texture":"#2"},"down":{"uv":[4.0,4.0,16.0,16.0],"texture":"#2"}}},{"from":[7.1,13.2,14.3],"to":[9.1,15.2,16.3],"faces":{"north":{"uv":[4.0,4.0,16.0,16.0],"texture":"#2"},"east":{"uv":[4.0,4.0,16.0,16.0],"texture":"#2"},"south":{"uv":[4.0,4.0,16.0,16.0],"texture":"#2"},"west":{"uv":[4.0,4.0,16.0,16.0],"texture":"#2"},"up":{"uv":[4.0,4.0,16.0,16.0],"texture":"#2"},"down":{"uv":[4.0,4.0,16.0,16.0],"texture":"#2"}}},{"from":[7.1,3.8,11.2],"to":[9.1,5.8,13.2],"faces":{"north":{"uv":[4.0,4.0,16.0,16.0],"texture":"#2"},"east":{"uv":[4.0,4.0,16.0,16.0],"texture":"#2"},"south":{"uv":[4.0,4.0,16.0,16.0],"texture":"#2"},"west":{"uv":[4.0,4.0,16.0,16.0],"texture":"#2"},"up":{"uv":[4.0,4.0,16.0,16.0],"texture":"#2"},"down":{"uv":[4.0,4.0,16.0,16.0],"texture":"#2"}}},{"from":[13.6,9.0,7.4],"to":[15.6,11.0,9.4],"faces":{"north":{"uv":[4.0,4.0,16.0,16.0],"texture":"#2"},"east":{"uv":[4.0,4.0,16.0,16.0],"texture":"#2"},"south":{"uv":[4.0,4.0,16.0,16.0],"texture":"#2"},"west":{"uv":[4.0,4.0,16.0,16.0],"texture":"#2"},"up":{"uv":[4.0,4.0,16.0,16.0],"texture":"#2"},"down":{"uv":[4.0,4.0,16.0,16.0],"texture":"#2"}}},{"from":[7.92929,0.0,-2.48787],"to":[7.92929,19.0,18.31213],"rotation":{"origin":[7.92929,9.5,7.91213],"axis":"y","angle":0.0},"faces":{"north":{"uv":[2.5,3.5,13.5,16.0],"texture":"#1"},"east":{"uv":[2.5,3.5,13.5,16.0],"texture":"#1"},"south":{"uv":[2.5,3.5,13.5,16.0],"texture":"#1"},"west":{"uv":[2.5,3.5,13.5,16.0],"texture":"#1"},"up":{"uv":[2.5,3.5,13.5,16.0],"texture":"#1","rotation":180},"down":{"uv":[2.5,3.5,13.5,16.0],"texture":"#1","rotation":180}}},{"from":[-2.47071,0.0,7.91213],"to":[18.32929,19.0,7.91213],"rotation":{"origin":[7.92929,8.0,7.91213],"axis":"y","angle":0.0},"faces":{"north":{"uv":[2.5,3.5,13.5,16.0],"texture":"#1"},"east":{"uv":[2.5,3.5,13.5,16.0],"texture":"#1"},"south":{"uv":[2.5,3.5,13.5,16.0],"texture":"#1"},"west":{"uv":[2.5,3.5,13.5,16.0],"texture":"#1"},"up":{"uv":[2.5,3.5,13.5,16.0],"texture":"#1","rotation":270},"down":{"uv":[2.5,3.5,13.5,16.0],"texture":"#1","rotation":90}}}],"textures":{"particle":"infinitecrops:cc49848f-3e98-47da-a626-f65c5a412bba","1":"infinitecrops:cc49848f-3e98-47da-a626-f65c5a412bba","2":"infinitecrops:bedc9b79-6e88-46f4-ba62-fa9ee0217e22","3":"infinitecrops:d30f79f9-6e4a-4ab3-9284-0402d432eb8e"},"gui_light":"front"}