{"display":{"thirdperson_righthand":{"rotation":[0.0,90.0,65.0],"translation":[0.75,5.25,0.5],"scale":[0.8,0.8,0.8]},"thirdperson_lefthand":{"rotation":[81.0,-87.0,13.0],"translation":[-0.75,-2.75,-2.25],"scale":[0.8,0.8,0.8]},"firstperson_righthand":{"rotation":[-176.0,80.0,-177.0],"translation":[-1.0,5.5,4.5],"scale":[0.45,0.6,0.4]},"firstperson_lefthand":{"rotation":[180.0,-114.0,-180.0],"translation":[-1.0,4.75,4.5],"scale":[0.45,0.6,0.4]},"ground":{"translation":[0.0,3.0,0.0],"scale":[0.45,0.6,0.4]},"gui":{"rotation":[-158.25,-39.5,180.0],"translation":[-1.5,2.25,0.0]},"fixed":{"translation":[0.0,5.5,-3.25],"scale":[2.0,2.0,2.0]}},"elements":[{"from":[4.0,0.0,4.0],"to":[11.2,8.0,10.0],"faces":{"north":{"uv":[0.0,0.0,5.0,5.0],"texture":"#0"},"east":{"uv":[6.5,0.0,10.5,5.0],"texture":"#0"},"south":{"uv":[0.0,0.0,5.0,5.0],"texture":"#0"},"west":{"uv":[6.5,0.0,10.5,5.0],"texture":"#0"},"up":{"uv":[0.0,6.5,5.0,10.5],"texture":"#0"},"down":{"uv":[0.0,0.0,5.0,5.0],"texture":"#0"}}},{"from":[15.5448,8.5696,5.0672],"to":[16.4392,11.8144,8.3484],"rotation":{"origin":[17.1,9.1,6.05],"axis":"z","angle":45.0},"faces":{"north":{"uv":[12.05,0.05,12.45,2.438],"texture":"#0"},"east":{"uv":[12.05,0.05,14.45,2.438],"texture":"#0"},"south":{"uv":[12.05,0.05,12.45,2.438],"texture":"#0"},"west":{"uv":[12.05,0.05,14.45,2.438],"texture":"#0"},"up":{"uv":[14.05,0.05,14.45,2.438],"texture":"#0"},"down":{"uv":[14.05,0.05,14.45,2.438],"texture":"#0"}}},{"from":[9.18533,4.65678,5.7068],"to":[16.22613,6.58598,7.6932],"rotation":{"origin":[11.91573,6.33638,6.7],"axis":"z","angle":45.0},"faces":{"north":{"uv":[0.5,5.0,1.5,0.0],"texture":"#0","rotation":270},"east":{"uv":[0.5,0.0,1.5,1.0],"texture":"#0","rotation":270},"south":{"uv":[0.5,0.0,1.5,5.0],"texture":"#0","rotation":270},"west":{"uv":[0.5,0.0,1.5,4.0],"texture":"#0","rotation":270},"up":{"uv":[0.5,0.0,1.5,5.0],"texture":"#0","rotation":270},"down":{"uv":[0.5,0.0,1.5,5.0],"texture":"#0","rotation":270}}},{"from":[7.3,8.0,4.0],"to":[8.1,12.0,4.8],"faces":{"north":{"uv":[0.0,4.0,0.5,0.0],"texture":"#0"},"east":{"uv":[0.0,4.0,0.5,0.0],"texture":"#0"},"south":{"uv":[0.0,4.0,0.5,0.0],"texture":"#0"},"west":{"uv":[0.0,4.0,0.5,0.0],"texture":"#0"},"up":{"uv":[0.0,3.5,0.5,4.0],"texture":"#0"},"down":{"uv":[0.0,0.0,0.5,1.0],"texture":"#0"}}},{"from":[7.3,8.0,9.2],"to":[8.1,12.0,10.0],"faces":{"north":{"uv":[0.0,4.0,0.5,0.0],"texture":"#0"},"east":{"uv":[0.0,4.0,0.5,0.0],"texture":"#0"},"south":{"uv":[0.0,4.0,0.5,0.0],"texture":"#0"},"west":{"uv":[0.0,4.0,0.5,0.0],"texture":"#0"},"up":{"uv":[0.0,3.5,0.5,4.0],"texture":"#0"},"down":{"uv":[0.0,0.0,0.5,1.0],"texture":"#0"}}},{"from":[7.3,11.0,4.0],"to":[8.1,12.0,10.0],"faces":{"north":{"uv":[0.5,3.5,0.0,4.5],"texture":"#0"},"east":{"uv":[5.0,3.5,0.0,4.5],"texture":"#0"},"south":{"uv":[0.5,3.5,0.0,4.5],"texture":"#0"},"west":{"uv":[5.0,3.5,0.0,4.5],"texture":"#0"},"up":{"uv":[0.0,4.0,5.0,3.5],"texture":"#0","rotation":90},"down":{"uv":[5.0,4.0,0.0,4.5],"texture":"#0","rotation":90}}},{"from":[0.5,7.2,6.6],"to":[4.0,8.0,7.4],"rotation":{"origin":[2.7,10.0,4.4],"axis":"z","angle":0.0},"faces":{"north":{"uv":[0.0,4.0,0.5,0.5],"texture":"#0","rotation":90},"east":{"uv":[0.0,0.0,0.5,1.0],"texture":"#0","rotation":270},"south":{"uv":[0.0,4.0,0.5,0.5],"texture":"#0","rotation":270},"west":{"uv":[0.0,3.5,0.5,4.0],"texture":"#0","rotation":270},"up":{"uv":[0.0,4.0,0.5,0.5],"texture":"#0","rotation":270},"down":{"uv":[0.0,4.0,0.5,0.5],"texture":"#0","rotation":270}}},{"from":[0.5,5.0,6.6],"to":[1.5,8.0,7.4],"rotation":{"origin":[1.8,11.0,7.0],"axis":"y","angle":0.0},"faces":{"north":{"uv":[5.0,3.5,1.5,4.5],"texture":"#0","rotation":90},"east":{"uv":[5.0,4.0,1.5,4.5],"texture":"#0","rotation":270},"south":{"uv":[1.5,3.5,5.0,4.5],"texture":"#0","rotation":270},"west":{"uv":[5.0,4.0,1.5,3.5],"texture":"#0","rotation":90},"up":{"uv":[1.05,4.5,1.45,3.5],"texture":"#0","rotation":270},"down":{"uv":[1.45,4.5,1.05,3.5],"texture":"#0","rotation":270}}},{"from":[1.0,4.2,6.6],"to":[2.8,5.0,7.4],"rotation":{"origin":[2.7,10.0,4.4],"axis":"y","angle":0.0},"faces":{"north":{"uv":[0.0,2.5,0.5,1.0],"texture":"#0","rotation":90},"east":{"uv":[0.0,1.5,0.5,1.0],"texture":"#0","rotation":90},"south":{"uv":[0.0,1.0,0.5,2.5],"texture":"#0","rotation":90},"west":{"uv":[0.0,2.5,0.5,2.1],"texture":"#0","rotation":90},"up":{"uv":[0.5,1.0,0.0,2.5],"texture":"#0","rotation":90},"down":{"uv":[0.0,1.0,0.5,2.5],"texture":"#0","rotation":90}}},{"from":[2.8,3.4,6.6],"to":[4.0,4.2,7.4],"rotation":{"origin":[2.7,10.0,4.4],"axis":"y","angle":0.0},"faces":{"north":{"uv":[0.0,1.5,0.5,0.5],"texture":"#0","rotation":90},"east":{"uv":[0.0,0.5,0.5,0.0],"texture":"#0","rotation":90},"south":{"uv":[0.0,0.5,0.5,1.5],"texture":"#0","rotation":90},"west":{"uv":[0.0,1.5,0.5,1.1],"texture":"#0","rotation":90},"up":{"uv":[0.5,0.5,0.0,1.5],"texture":"#0","rotation":90},"down":{"uv":[0.0,0.5,0.5,1.5],"texture":"#0","rotation":90}}}],"textures":{"particle":"infinitecrops:11fa80c0-c02f-4bef-bd22-417d5f4ea8b8","0":"infinitecrops:11fa80c0-c02f-4bef-bd22-417d5f4ea8b8"}}