{"parent":"block/block","display":{"thirdperson_righthand":{"rotation":[75.0,45.0,0.0],"translation":[0.0,2.5,0.0],"scale":[0.4,0.4,0.4]},"thirdperson_lefthand":{"rotation":[55.0,40.0,0.0],"translation":[0.0,1.25,0.0],"scale":[0.4,0.4,0.4]},"firstperson_righthand":{"rotation":[0.0,45.0,0.0],"scale":[0.4,0.4,0.4]},"firstperson_lefthand":{"rotation":[0.0,225.0,0.0],"scale":[0.4,0.4,0.4]},"ground":{"translation":[0.0,3.0,0.0],"scale":[0.5,0.5,0.5]},"gui":{"rotation":[30.0,225.0,0.0],"translation":[0.0,-0.75,0.0],"scale":[0.7,0.7,0.7]},"fixed":{"rotation":[-90.0,0.0,0.0],"translation":[0.001,0.001,-16.0],"scale":[2.002,2.002,2.002]}},"elements":[{"from":[0.0,0.0,0.0],"to":[16.0,16.0,16.0],"faces":{"north":{"uv":[0.0,1.2,16.0,16.0],"texture":"#0"},"east":{"uv":[0.0,1.2,16.0,16.0],"texture":"#0"},"south":{"uv":[0.0,1.2,16.0,16.0],"texture":"#0"},"west":{"uv":[0.0,1.2,16.0,16.0],"texture":"#0"},"up":{"uv":[0.0,1.2,16.0,16.0],"texture":"#0"},"down":{"uv":[0.0,1.2,16.0,16.0],"texture":"#0"}}},{"from":[0.0,16.0,0.0],"to":[16.0,16.0,16.0],"faces":{"up":{"texture":"#1"}}},{"from":[14.0,16.0,0.0],"to":[16.0,18.0,2.0],"faces":{"north":{"uv":[0.0,0.0,1.0,2.0],"texture":"#0","cullface":"east"},"east":{"uv":[12.0,9.0,13.0,11.0],"texture":"#0","cullface":"east"},"south":{"uv":[12.0,8.0,13.0,10.0],"texture":"#0","cullface":"east"},"west":{"uv":[12.0,9.0,13.0,11.0],"texture":"#0","cullface":"east"},"up":{"uv":[8.0,12.0,9.0,14.0],"texture":"#0","cullface":"east"},"down":{"uv":[0.0,0.0,0.0,0.0],"texture":"#0"}}},{"from":[14.0,16.0,14.0],"to":[16.0,18.0,16.0],"faces":{"north":{"uv":[10.0,6.0,11.0,8.0],"texture":"#0","cullface":"east"},"east":{"uv":[11.0,8.0,12.0,10.0],"texture":"#0","cullface":"east"},"south":{"uv":[12.0,6.0,13.0,8.0],"texture":"#0","cullface":"east"},"west":{"uv":[10.0,5.0,11.0,7.0],"texture":"#0","cullface":"east"},"up":{"uv":[10.5,7.0,11.5,9.0],"texture":"#0","cullface":"east"},"down":{"uv":[0.0,0.0,0.0,0.0],"texture":"#0"}}},{"from":[0.0,16.0,14.0],"to":[2.0,18.0,16.0],"faces":{"north":{"uv":[11.0,7.0,12.0,9.0],"texture":"#0","cullface":"west"},"east":{"uv":[11.0,9.0,12.0,11.0],"texture":"#0","cullface":"west"},"south":{"uv":[14.0,4.0,15.0,6.0],"texture":"#0","cullface":"west"},"west":{"uv":[11.5,5.0,12.5,7.0],"texture":"#0","cullface":"west"},"up":{"uv":[14.0,9.0,15.0,11.0],"texture":"#0","cullface":"west"},"down":{"uv":[0.0,0.0,0.0,0.0],"texture":"#0"}}},{"from":[0.0,16.0,0.0],"to":[2.0,18.0,2.0],"faces":{"north":{"uv":[13.5,5.0,14.5,7.0],"texture":"#0","cullface":"west"},"east":{"uv":[12.5,12.0,13.5,14.0],"texture":"#0","cullface":"west"},"south":{"uv":[10.0,4.0,11.0,6.0],"texture":"#0","cullface":"west"},"west":{"uv":[13.0,7.0,14.0,9.0],"texture":"#0","cullface":"west"},"up":{"uv":[13.0,4.0,14.0,6.0],"texture":"#0","cullface":"west"},"down":{"uv":[0.0,0.0,0.0,0.0],"texture":"#0"}}},{"from":[14.0,16.0,0.0],"to":[16.0,18.0,2.0],"faces":{"north":{"uv":[3.5,0.0,4.5,2.0],"texture":"#0","cullface":"north"},"east":{"uv":[2.0,0.0,3.0,2.0],"texture":"#0","cullface":"north"},"south":{"uv":[8.0,14.0,9.0,16.0],"texture":"#0","cullface":"north"},"west":{"uv":[1.0,7.0,2.0,9.0],"texture":"#0","cullface":"north"},"up":{"uv":[7.5,0.0,8.5,2.0],"texture":"#0","cullface":"north"},"down":{"uv":[0.0,0.0,0.0,0.0],"texture":"#0"}}},{"from":[14.0,16.0,14.0],"to":[16.0,18.0,16.0],"faces":{"north":{"uv":[9.5,5.0,10.5,7.0],"texture":"#0","cullface":"south"},"east":{"uv":[10.5,1.0,11.5,3.0],"texture":"#0","cullface":"south"},"south":{"uv":[4.5,0.0,5.5,2.0],"texture":"#0","cullface":"south"},"west":{"uv":[9.5,6.0,10.5,8.0],"texture":"#0","cullface":"south"},"up":{"uv":[9.0,13.0,10.0,15.0],"texture":"#0","cullface":"south"},"down":{"uv":[0.0,0.0,0.0,0.0],"texture":"#0"}}},{"from":[0.0,16.0,14.0],"to":[2.0,18.0,16.0],"faces":{"north":{"uv":[0.0,0.0,1.0,2.0],"texture":"#0","cullface":"south"},"east":{"uv":[6.0,0.0,7.0,2.0],"texture":"#0","cullface":"south"},"south":{"uv":[4.0,0.0,5.0,2.0],"texture":"#0","cullface":"south"},"west":{"uv":[0.0,0.0,1.0,2.0],"texture":"#0","cullface":"south"},"up":{"uv":[6.0,0.0,7.0,2.0],"texture":"#0","cullface":"south"},"down":{"uv":[0.0,0.0,0.0,0.0],"texture":"#0"}}},{"from":[14.0,16.0,2.0],"to":[16.0,17.0,14.0],"faces":{"east":{"uv":[8.5,0.0,14.5,1.0],"texture":"#0","cullface":"east"},"west":{"uv":[2.0,0.0,8.0,1.0],"texture":"#0","cullface":"east"},"up":{"uv":[0.0,0.0,6.0,2.0],"texture":"#0","cullface":"east","rotation":90},"down":{"uv":[0.0,0.0,0.0,0.0],"texture":"#0"}}},{"from":[2.0,16.0,0.0],"to":[14.0,17.0,2.0],"faces":{"north":{"uv":[0.0,0.0,6.0,1.0],"texture":"#0","cullface":"north"},"south":{"uv":[9.5,0.0,15.5,1.0],"texture":"#0","cullface":"north"},"up":{"uv":[9.0,0.0,15.0,2.0],"texture":"#0","cullface":"north"},"down":{"uv":[0.0,0.0,0.0,0.0],"texture":"#0"}}},{"from":[0.0,16.0,2.0],"to":[2.0,17.0,14.0],"faces":{"east":{"uv":[0.0,0.0,6.0,1.0],"texture":"#0","cullface":"west"},"west":{"uv":[9.0,0.0,15.0,1.0],"texture":"#0","cullface":"west"},"up":{"uv":[8.5,0.0,15.5,2.0],"texture":"#0","cullface":"west","rotation":90},"down":{"uv":[0.0,0.0,0.0,0.0],"texture":"#0"}}},{"from":[2.0,16.0,14.0],"to":[14.0,17.0,16.0],"faces":{"north":{"uv":[8.5,0.0,14.5,1.0],"texture":"#0","cullface":"south"},"south":{"uv":[0.5,0.0,6.5,1.0],"texture":"#0","cullface":"south"},"up":{"uv":[9.5,0.0,15.5,2.0],"texture":"#0","cullface":"south"},"down":{"uv":[0.0,0.0,0.0,0.0],"texture":"#0"}}},{"from":[0.0,16.0,0.0],"to":[2.0,18.0,2.0],"faces":{"north":{"uv":[2.0,0.0,3.0,2.0],"texture":"#0","cullface":"north"},"east":{"uv":[0.0,14.0,1.0,16.0],"texture":"#0","cullface":"north"},"south":{"uv":[0.0,0.0,1.0,2.0],"texture":"#0","cullface":"north"},"west":{"uv":[2.0,0.0,3.0,2.0],"texture":"#0","cullface":"north"},"up":{"uv":[7.5,0.0,8.5,2.0],"texture":"#0","cullface":"north"},"down":{"uv":[0.0,0.0,0.0,0.0],"texture":"#0"}}}],"ambientocclusion":false,"textures":{"particle":"infinitecrops:e0f4c347-a2bb-40e9-bf09-028acbf34cd2","0":"infinitecrops:e0f4c347-a2bb-40e9-bf09-028acbf34cd2","1":"block/farmland"},"gui_light":"front"}