{"display":{"ground":{"translation":[0.0,3.0,0.0],"scale":[0.7,0.7,0.7]},"gui":{"rotation":[30.0,45.0,0.0],"scale":[0.8,0.8,0.8]},"head":{"translation":[0.0,-31.0,0.0],"scale":[1.5,1.5,1.5]},"fixed":{"rotation":[-90.0,0.0,0.0],"translation":[0.0,0.0,-16.0],"scale":[2.0,2.0,2.0]},"thirdperson_righthand":{"translation":[0.0,1.75,-0.5],"scale":[0.7,0.7,0.7]},"thirdperson_lefthand":{"translation":[0.0,1.75,-0.5],"scale":[0.7,0.7,0.7]},"firstperson_righthand":{"translation":[4.0,3.5,0.0],"scale":[0.6,0.6,0.6]},"firstperson_lefthand":{"translation":[4.0,3.5,0.0],"scale":[0.6,0.6,0.6]}},"elements":[{"from":[7.0,7.0,1.55166],"to":[9.0,9.0,13.55166],"faces":{"north":{"uv":[5.0,0.0,14.9,2.0],"texture":"#0"},"east":{"uv":[5.0,0.0,14.9,2.0],"texture":"#0"},"south":{"uv":[5.0,0.0,14.9,2.0],"texture":"#0"},"west":{"uv":[5.0,0.0,14.9,2.0],"texture":"#0"},"up":{"uv":[5.0,0.0,14.9,1.0],"texture":"#0","rotation":90},"down":{"uv":[5.0,1.0,14.9,2.0],"texture":"#0","rotation":90}}},{"from":[7.4,0.0,6.9],"to":[8.6,4.0,8.2],"faces":{"north":{"uv":[10.0,13.5,11.0,16.0],"texture":"#0"},"east":{"uv":[10.0,13.5,11.0,16.0],"texture":"#0"},"south":{"uv":[10.0,13.5,11.0,16.0],"texture":"#0"},"west":{"uv":[10.0,13.5,11.0,16.0],"texture":"#0"},"up":{"uv":[10.0,13.5,11.0,16.0],"texture":"#0"},"down":{"uv":[10.0,13.5,11.0,16.0],"texture":"#0"}}},{"from":[6.9,3.0,6.4],"to":[9.1,7.0,8.8],"faces":{"north":{"uv":[10.0,8.0,12.0,12.0],"texture":"#0"},"east":{"uv":[12.0,8.0,10.0,12.0],"texture":"#0"},"south":{"uv":[10.0,8.0,12.0,12.0],"texture":"#0"},"west":{"uv":[12.0,8.0,10.0,12.0],"texture":"#0"},"up":{"uv":[10.0,8.0,12.0,9.0],"texture":"#0"},"down":{"uv":[10.0,11.0,12.0,12.0],"texture":"#0"}}},{"from":[6.0,6.0,1.0],"to":[10.0,10.0,2.0],"rotation":{"origin":[8.0,8.0,1.5],"axis":"z","angle":0.0},"faces":{"north":{"uv":[0.0,0.0,4.0,4.0],"texture":"#0"},"east":{"uv":[0.0,0.0,1.0,4.0],"texture":"#0"},"south":{"uv":[0.0,0.0,4.0,4.0],"texture":"#0"},"west":{"uv":[3.0,0.0,4.0,4.0],"texture":"#0"},"up":{"uv":[0.0,0.0,4.0,1.0],"texture":"#0"},"down":{"uv":[0.0,3.0,4.0,4.0],"texture":"#0"}}},{"from":[6.0,6.0,13.5],"to":[10.0,10.0,14.5],"faces":{"north":{"uv":[0.0,0.0,4.0,4.0],"texture":"#0"},"east":{"uv":[0.0,0.0,1.0,4.0],"texture":"#0"},"south":{"uv":[0.0,0.0,4.0,4.0],"texture":"#0"},"west":{"uv":[3.0,0.0,4.0,4.0],"texture":"#0"},"up":{"uv":[0.0,0.0,4.0,1.0],"texture":"#0"},"down":{"uv":[0.0,3.0,4.0,4.0],"texture":"#0"}}},{"from":[13.85,6.0,5.65],"to":[14.85,10.0,9.65],"rotation":{"origin":[8.0,8.0,7.75],"axis":"y","angle":0.0},"faces":{"north":{"uv":[0.0,0.0,1.0,4.0],"texture":"#0"},"east":{"uv":[0.0,0.0,4.0,4.0],"texture":"#0"},"south":{"uv":[3.0,0.0,4.0,4.0],"texture":"#0"},"west":{"uv":[0.0,0.0,4.0,4.0],"texture":"#0"},"up":{"uv":[0.0,0.0,4.0,1.0],"texture":"#0","rotation":270},"down":{"uv":[0.0,3.0,4.0,4.0],"texture":"#0","rotation":90}}},{"from":[1.35,6.0,5.65],"to":[2.35,10.0,9.65],"rotation":{"origin":[8.0,8.0,7.75],"axis":"y","angle":0.0},"faces":{"north":{"uv":[0.0,0.0,1.0,4.0],"texture":"#0"},"east":{"uv":[0.0,0.0,4.0,4.0],"texture":"#0"},"south":{"uv":[3.0,0.0,4.0,4.0],"texture":"#0"},"west":{"uv":[0.0,0.0,4.0,4.0],"texture":"#0"},"up":{"uv":[0.0,0.0,4.0,1.0],"texture":"#0","rotation":270},"down":{"uv":[0.0,3.0,4.0,4.0],"texture":"#0","rotation":90}}},{"from":[1.90166,7.0,6.65],"to":[13.90166,9.0,8.65],"rotation":{"origin":[8.0,8.0,7.75],"axis":"y","angle":0.0},"faces":{"north":{"uv":[5.0,0.0,14.9,2.0],"texture":"#0"},"east":{"uv":[5.0,0.0,14.9,2.0],"texture":"#0"},"south":{"uv":[5.0,0.0,14.9,2.0],"texture":"#0"},"west":{"uv":[5.0,0.0,14.9,2.0],"texture":"#0"},"up":{"uv":[5.0,0.0,14.9,1.0],"texture":"#0"},"down":{"uv":[5.0,1.0,14.9,2.0],"texture":"#0","rotation":180}}},{"from":[7.0,7.0,1.55166],"to":[9.0,9.0,13.55166],"rotation":{"origin":[8.1,8.0,7.75],"axis":"y","angle":-45.0},"faces":{"north":{"uv":[5.0,2.0,14.9,4.0],"texture":"#0"},"east":{"uv":[5.0,2.0,14.9,4.0],"texture":"#0"},"south":{"uv":[5.0,2.0,14.9,4.0],"texture":"#0"},"west":{"uv":[5.0,2.0,14.9,4.0],"texture":"#0"},"up":{"uv":[5.0,2.0,14.9,3.0],"texture":"#0","rotation":90},"down":{"uv":[5.0,3.0,14.9,4.0],"texture":"#0","rotation":90}}},{"from":[1.90166,7.0,6.65],"to":[13.90166,9.0,8.65],"rotation":{"origin":[8.1,8.0,7.75],"axis":"y","angle":-45.0},"faces":{"north":{"uv":[5.0,2.0,14.9,4.0],"texture":"#0"},"east":{"uv":[5.0,2.0,14.9,4.0],"texture":"#0"},"south":{"uv":[5.0,2.0,14.9,4.0],"texture":"#0"},"west":{"uv":[5.0,2.0,14.9,4.0],"texture":"#0"},"up":{"uv":[5.0,2.0,14.9,3.0],"texture":"#0"},"down":{"uv":[5.0,3.0,14.9,4.0],"texture":"#0","rotation":180}}},{"from":[1.35,6.0,5.65],"to":[2.35,10.0,9.65],"rotation":{"origin":[8.1,8.0,7.75],"axis":"y","angle":-45.0},"faces":{"north":{"uv":[0.0,4.0,1.0,8.0],"texture":"#0"},"east":{"uv":[0.0,4.0,4.0,8.0],"texture":"#0"},"south":{"uv":[3.0,4.0,4.0,8.0],"texture":"#0"},"west":{"uv":[0.0,4.0,4.0,8.0],"texture":"#0"},"up":{"uv":[0.0,4.0,4.0,5.0],"texture":"#0","rotation":270},"down":{"uv":[0.0,7.0,4.0,8.0],"texture":"#0","rotation":90}}},{"from":[6.0,6.0,13.5],"to":[10.0,10.0,14.5],"rotation":{"origin":[8.1,8.0,7.75],"axis":"y","angle":-45.0},"faces":{"north":{"uv":[0.0,4.0,4.0,8.0],"texture":"#0"},"east":{"uv":[0.0,4.0,1.0,8.0],"texture":"#0"},"south":{"uv":[0.0,4.0,4.0,8.0],"texture":"#0"},"west":{"uv":[3.0,4.0,4.0,8.0],"texture":"#0"},"up":{"uv":[0.0,4.0,4.0,5.0],"texture":"#0"},"down":{"uv":[0.0,7.0,4.0,8.0],"texture":"#0"}}},{"from":[13.85,6.0,5.65],"to":[14.85,10.0,9.65],"rotation":{"origin":[8.1,8.0,7.75],"axis":"y","angle":-45.0},"faces":{"north":{"uv":[0.0,4.0,1.0,8.0],"texture":"#0"},"east":{"uv":[0.0,4.0,4.0,8.0],"texture":"#0"},"south":{"uv":[3.0,4.0,4.0,8.0],"texture":"#0"},"west":{"uv":[0.0,4.0,4.0,8.0],"texture":"#0"},"up":{"uv":[0.0,4.0,4.0,5.0],"texture":"#0","rotation":270},"down":{"uv":[0.0,7.0,4.0,8.0],"texture":"#0","rotation":90}}},{"from":[6.0,6.0,1.0],"to":[10.0,10.0,2.0],"rotation":{"origin":[8.1,8.0,7.75],"axis":"y","angle":-45.0},"faces":{"north":{"uv":[0.0,4.0,4.0,8.0],"texture":"#0"},"east":{"uv":[0.0,4.0,1.0,8.0],"texture":"#0"},"south":{"uv":[0.0,4.0,4.0,8.0],"texture":"#0"},"west":{"uv":[3.0,4.0,4.0,8.0],"texture":"#0"},"up":{"uv":[0.0,4.0,4.0,5.0],"texture":"#0"},"down":{"uv":[0.0,7.0,4.0,8.0],"texture":"#0"}}}],"textures":{"particle":"infinitecrops:b23b2eea-e646-4048-8612-fe4f7560a1cd","0":"infinitecrops:b23b2eea-e646-4048-8612-fe4f7560a1cd"},"gui_light":"front"}