{"parent":"infinitecrops:0e695b34-fde7-4443-bbef-17ec108ee8cf","display":{"thirdperson_righthand":{"rotation":[0.0,-180.0,0.0],"translation":[0.0,2.75,0.75],"scale":[0.4,0.4,0.4]},"thirdperson_lefthand":{"translation":[0.0,2.75,0.75],"scale":[0.4,0.4,0.4]},"firstperson_righthand":{"rotation":[0.0,140.0,0.0],"translation":[3.5,2.5,0.0],"scale":[0.4,0.4,0.4]},"firstperson_lefthand":{"rotation":[0.0,-44.0,0.0],"translation":[-1.0,4.25,2.75],"scale":[0.4,0.4,0.4]},"ground":{"translation":[0.0,2.0,0.0],"scale":[0.5,0.5,0.5]}},"textures":{"particle":"infinitecrops:96c50255-4cd3-4781-b022-95381f945401","1":"infinitecrops:f71d7b29-fbde-40e3-bc11-62e39456b9cb","2":"infinitecrops:96c50255-4cd3-4781-b022-95381f945401","3":"infinitecrops:76d47ae4-cba5-4ab3-8c04-d2458552e690"}}