{"display":{"gui":{"rotation":[22.23,1.04,2.55]},"fixed":{"rotation":[-90.0,0.0,0.0],"translation":[0.0,0.0,-19.0],"scale":[2.7,2.7,2.7]},"thirdperson_righthand":{"rotation":[0.0,-180.0,0.0],"translation":[0.0,2.75,0.75],"scale":[0.4,0.4,0.4]},"thirdperson_lefthand":{"translation":[0.0,2.75,0.75],"scale":[0.4,0.4,0.4]},"firstperson_righthand":{"rotation":[0.0,140.0,0.0],"translation":[3.5,2.5,0.0],"scale":[0.4,0.4,0.4]},"firstperson_lefthand":{"rotation":[0.0,-44.0,0.0],"translation":[-1.0,4.25,2.75],"scale":[0.4,0.4,0.4]},"ground":{"translation":[0.0,2.0,0.0],"scale":[0.5,0.5,0.5]}},"elements":[{"from":[-1.0396,0.0,8.0],"to":[17.0396,18.0792,8.0],"rotation":{"origin":[8.0,9.0396,8.0],"axis":"y","angle":-45.0},"faces":{"north":{"uv":[0.0,0.0,16.0,16.0],"texture":"#3"},"east":{"uv":[0.0,0.0,0.0,16.0],"texture":"#3"},"south":{"uv":[0.0,0.0,16.0,16.0],"texture":"#3"},"west":{"uv":[0.0,0.0,0.0,16.0],"texture":"#3"},"up":{"uv":[0.0,0.0,16.0,0.0],"texture":"#3"},"down":{"uv":[0.0,0.0,16.0,0.0],"texture":"#3"}}},{"from":[8.0,0.0,-1.0396],"to":[8.0,18.0792,17.0396],"rotation":{"origin":[8.0,9.0396,8.0],"axis":"y","angle":-45.0},"faces":{"north":{"uv":[0.0,0.0,0.0,16.0],"texture":"#3"},"east":{"uv":[0.0,0.0,16.0,16.0],"texture":"#3"},"south":{"uv":[0.0,0.0,0.0,16.0],"texture":"#3"},"west":{"uv":[0.0,0.0,16.0,16.0],"texture":"#3"},"up":{"uv":[0.0,0.0,16.0,0.0],"texture":"#3","rotation":270},"down":{"uv":[0.0,0.0,16.0,0.0],"texture":"#3","rotation":90}}},{"from":[11.24133,-0.03835,4.9544],"to":[11.24133,5.36805,10.9808],"rotation":{"origin":[10.52853,2.03525,7.9676],"axis":"z","angle":-45.0},"faces":{"north":{"uv":[16.0,0.0,0.0,16.0],"texture":"#0"},"east":{"uv":[16.0,0.0,0.0,16.0],"texture":"#0"},"south":{"uv":[16.0,0.0,0.0,16.0],"texture":"#0"},"west":{"uv":[16.0,0.0,0.0,16.0],"texture":"#0"},"up":{"uv":[16.0,0.0,0.0,16.0],"texture":"#0"},"down":{"uv":[16.0,0.0,0.0,16.0],"texture":"#0"}}},{"from":[4.9544,0.84612,6.99645],"to":[10.8512,6.25252,6.99645],"rotation":{"origin":[6.7364,-0.32028,7.70925],"axis":"x","angle":-45.0},"faces":{"north":{"uv":[0.0,0.0,16.0,16.0],"texture":"#0"},"east":{"uv":[0.0,0.0,16.0,16.0],"texture":"#0"},"south":{"uv":[0.0,0.0,16.0,16.0],"texture":"#0"},"west":{"uv":[0.0,0.0,16.0,16.0],"texture":"#0"},"up":{"uv":[0.0,0.0,16.0,16.0],"texture":"#0","rotation":90},"down":{"uv":[0.0,0.0,16.0,16.0],"texture":"#0","rotation":270}}},{"from":[4.9544,0.84612,9.00355],"to":[10.8512,6.25252,9.00355],"rotation":{"origin":[6.7364,-0.32028,8.29075],"axis":"x","angle":45.0},"faces":{"north":{"uv":[16.0,0.0,0.0,16.0],"texture":"#0"},"east":{"uv":[16.0,0.0,0.0,16.0],"texture":"#0"},"south":{"uv":[16.0,0.0,0.0,16.0],"texture":"#0"},"west":{"uv":[16.0,0.0,0.0,16.0],"texture":"#0"},"up":{"uv":[16.0,0.0,0.0,16.0],"texture":"#0","rotation":90},"down":{"uv":[16.0,0.0,0.0,16.0],"texture":"#0","rotation":270}}},{"from":[4.69387,0.02645,4.9544],"to":[4.69387,5.43285,10.9808],"rotation":{"origin":[5.47147,2.03525,7.9676],"axis":"z","angle":45.0},"faces":{"north":{"uv":[0.0,0.0,16.0,16.0],"texture":"#0"},"east":{"uv":[0.0,0.0,16.0,16.0],"texture":"#0"},"south":{"uv":[0.0,0.0,16.0,16.0],"texture":"#0"},"west":{"uv":[0.0,0.0,16.0,16.0],"texture":"#0"},"up":{"uv":[0.0,0.0,16.0,16.0],"texture":"#0"},"down":{"uv":[0.0,0.0,16.0,16.0],"texture":"#0"}}},{"from":[10.36052,-0.24866,5.4944],"to":[10.36052,8.39774,10.4408],"rotation":{"origin":[10.36052,2.38654,7.9676],"axis":"z","angle":-22.5},"faces":{"north":{"uv":[16.0,0.0,0.0,16.0],"texture":"#4"},"east":{"uv":[16.0,0.0,0.0,16.0],"texture":"#4"},"south":{"uv":[16.0,0.0,0.0,16.0],"texture":"#4"},"west":{"uv":[16.0,0.0,0.0,16.0],"texture":"#4"},"up":{"uv":[16.0,0.0,0.0,16.0],"texture":"#4"},"down":{"uv":[16.0,0.0,0.0,16.0],"texture":"#4"}}},{"from":[5.63948,-0.24866,5.4944],"to":[5.63948,8.39774,10.4408],"rotation":{"origin":[5.63948,2.38654,7.9676],"axis":"z","angle":22.5},"faces":{"north":{"uv":[0.0,0.0,16.0,16.0],"texture":"#4"},"east":{"uv":[0.0,0.0,16.0,16.0],"texture":"#4"},"south":{"uv":[0.0,0.0,16.0,16.0],"texture":"#4"},"west":{"uv":[0.0,0.0,16.0,16.0],"texture":"#4"},"up":{"uv":[0.0,0.0,16.0,16.0],"texture":"#4"},"down":{"uv":[0.0,0.0,16.0,16.0],"texture":"#4"}}},{"from":[5.54228,0.61534,5.9156],"to":[10.48868,9.26174,5.9156],"rotation":{"origin":[5.63948,2.38654,7.9676],"axis":"x","angle":-22.5},"faces":{"north":{"uv":[0.0,0.0,16.0,16.0],"texture":"#4"},"east":{"uv":[0.0,0.0,16.0,16.0],"texture":"#4"},"south":{"uv":[0.0,0.0,16.0,16.0],"texture":"#4"},"west":{"uv":[0.0,0.0,16.0,16.0],"texture":"#4"},"up":{"uv":[0.0,0.0,16.0,16.0],"texture":"#4","rotation":90},"down":{"uv":[0.0,0.0,16.0,16.0],"texture":"#4","rotation":270}}},{"from":[5.54228,0.61534,10.0844],"to":[10.48868,9.26174,10.0844],"rotation":{"origin":[5.63948,2.38654,8.0324],"axis":"x","angle":22.5},"faces":{"north":{"uv":[16.0,0.0,0.0,16.0],"texture":"#4"},"east":{"uv":[16.0,0.0,0.0,16.0],"texture":"#4"},"south":{"uv":[16.0,0.0,0.0,16.0],"texture":"#4"},"west":{"uv":[16.0,0.0,0.0,16.0],"texture":"#4"},"up":{"uv":[16.0,0.0,0.0,16.0],"texture":"#4","rotation":90},"down":{"uv":[16.0,0.0,0.0,16.0],"texture":"#4","rotation":270}}},{"from":[5.43286,0.18303,8.17641],"to":[10.82336,11.66993,8.17641],"rotation":{"origin":[7.67811,5.22648,8.17641],"axis":"y","angle":45.0},"faces":{"north":{"uv":[16.0,0.0,0.0,16.0],"texture":"#4"},"east":{"uv":[16.0,0.0,0.0,16.0],"texture":"#4"},"south":{"uv":[16.0,0.0,0.0,16.0],"texture":"#4"},"west":{"uv":[16.0,0.0,0.0,16.0],"texture":"#4"},"up":{"uv":[16.0,0.0,0.0,16.0],"texture":"#4","rotation":90},"down":{"uv":[16.0,0.0,0.0,16.0],"texture":"#4","rotation":270}}},{"from":[8.17811,0.18303,5.33116],"to":[8.17811,11.66993,10.92166],"rotation":{"origin":[7.67811,5.22648,8.17641],"axis":"y","angle":45.0},"faces":{"north":{"uv":[16.0,0.0,0.0,16.0],"texture":"#4"},"east":{"uv":[16.0,0.0,0.0,16.0],"texture":"#4"},"south":{"uv":[16.0,0.0,0.0,16.0],"texture":"#4"},"west":{"uv":[16.0,0.0,0.0,16.0],"texture":"#4"},"up":{"uv":[16.0,0.0,0.0,16.0],"texture":"#4"},"down":{"uv":[16.0,0.0,0.0,16.0],"texture":"#4"}}}],"textures":{"particle":"infinitecrops:71c74ff8-7d48-4063-b3a3-0d11a740539a","0":"infinitecrops:71c74ff8-7d48-4063-b3a3-0d11a740539a","3":"infinitecrops:06265c21-d7a7-4a5b-af91-39b1912032a6","4":"infinitecrops:e5a0e2d7-6943-4fb2-a579-db1c1ce21d96"},"gui_light":"front"}