{"display":{"gui":{"rotation":[15.61,19.95,-3.38],"translation":[0.0,-2.75,0.0],"scale":[0.5,0.5,0.5]},"fixed":{"rotation":[-90.0,0.0,0.0],"translation":[0.0,0.0,-14.0],"scale":[2.0,2.0,2.0]},"thirdperson_righthand":{"rotation":[0.0,-180.0,0.0],"translation":[0.0,2.75,0.75],"scale":[0.4,0.4,0.4]},"thirdperson_lefthand":{"translation":[0.0,2.75,0.75],"scale":[0.4,0.4,0.4]},"firstperson_righthand":{"rotation":[0.0,140.0,0.0],"translation":[3.5,2.5,0.0],"scale":[0.4,0.4,0.4]},"firstperson_lefthand":{"rotation":[0.0,-44.0,0.0],"translation":[-1.0,4.25,2.75],"scale":[0.4,0.4,0.4]},"ground":{"translation":[0.0,2.0,0.0],"scale":[0.5,0.5,0.5]}},"elements":[{"from":[15.0,0.0,0.0],"to":[16.0,29.0,1.0],"faces":{"north":{"uv":[0.0,0.0,1.0,16.0],"texture":"#2"},"east":{"uv":[0.0,0.0,1.0,16.0],"texture":"#2"},"south":{"uv":[0.0,0.0,1.0,16.0],"texture":"#2"},"west":{"uv":[0.0,0.0,1.0,16.0],"texture":"#2"},"up":{"uv":[0.0,0.0,1.0,1.0],"texture":"#2"},"down":{"uv":[0.0,0.0,1.0,1.0],"texture":"#2"}}},{"from":[15.0,0.0,15.0],"to":[16.0,29.0,16.0],"faces":{"north":{"uv":[0.0,0.0,1.0,16.0],"texture":"#2"},"east":{"uv":[0.0,0.0,1.0,16.0],"texture":"#2"},"south":{"uv":[0.0,0.0,1.0,16.0],"texture":"#2"},"west":{"uv":[0.0,0.0,1.0,16.0],"texture":"#2"},"up":{"uv":[0.0,0.0,1.0,1.0],"texture":"#2"},"down":{"uv":[0.0,0.0,1.0,1.0],"texture":"#2"}}},{"from":[0.0,0.0,15.0],"to":[1.0,29.0,16.0],"faces":{"north":{"uv":[0.0,0.0,1.0,16.0],"texture":"#2"},"east":{"uv":[0.0,0.0,1.0,16.0],"texture":"#2"},"south":{"uv":[0.0,0.0,1.0,16.0],"texture":"#2"},"west":{"uv":[0.0,0.0,1.0,16.0],"texture":"#2"},"up":{"uv":[0.0,0.0,1.0,1.0],"texture":"#2"},"down":{"texture":"#2"}}},{"from":[0.0,0.0,0.0],"to":[1.0,29.0,1.0],"faces":{"north":{"uv":[0.0,0.0,1.0,16.0],"texture":"#2"},"east":{"uv":[0.0,0.0,1.0,16.0],"texture":"#2"},"south":{"uv":[0.0,0.0,1.0,16.0],"texture":"#2"},"west":{"uv":[0.0,0.0,1.0,16.0],"texture":"#2"},"up":{"texture":"#2"},"down":{"uv":[0.0,0.0,1.0,1.0],"texture":"#2"}}},{"from":[-2.1,25.0,0.0],"to":[17.9,26.0,1.0],"faces":{"north":{"uv":[8.0,0.0,8.8,5.6],"texture":"#2","rotation":90},"east":{"uv":[8.0,0.0,8.8,0.8],"texture":"#2","rotation":90},"south":{"uv":[8.0,5.6,8.8,0.0],"texture":"#2","rotation":90},"west":{"uv":[8.0,0.0,8.8,0.8],"texture":"#2","rotation":90},"up":{"uv":[8.8,5.6,8.0,0.0],"texture":"#2","rotation":90},"down":{"uv":[8.0,5.6,8.8,0.0],"texture":"#2","rotation":90}}},{"from":[-2.0,25.0,15.0],"to":[18.0,26.0,16.0],"faces":{"north":{"uv":[8.0,0.0,8.8,5.6],"texture":"#2","rotation":90},"east":{"uv":[8.0,0.0,8.8,0.8],"texture":"#2","rotation":90},"south":{"uv":[8.0,5.6,8.8,0.0],"texture":"#2","rotation":90},"west":{"uv":[8.0,0.0,8.8,0.8],"texture":"#2","rotation":90},"up":{"uv":[8.8,5.6,8.0,0.0],"texture":"#2","rotation":90},"down":{"uv":[8.0,5.6,8.8,0.0],"texture":"#2","rotation":90}}},{"from":[15.0,25.0,-2.5],"to":[16.0,26.0,17.5],"rotation":{"origin":[8.0,25.5,7.5],"axis":"y","angle":0.0},"faces":{"north":{"uv":[8.0,0.0,8.8,0.8],"texture":"#2","rotation":90},"east":{"uv":[8.0,0.0,8.8,5.6],"texture":"#2","rotation":90},"south":{"uv":[8.0,0.0,8.8,0.8],"texture":"#2","rotation":90},"west":{"uv":[8.0,5.6,8.8,0.0],"texture":"#2","rotation":90},"up":{"uv":[8.8,5.6,8.0,0.0],"texture":"#2","rotation":180},"down":{"uv":[8.0,5.6,8.8,0.0],"texture":"#2"}}},{"from":[0.0,25.0,-2.5],"to":[1.0,26.0,17.5],"rotation":{"origin":[8.0,25.5,7.5],"axis":"y","angle":0.0},"faces":{"north":{"uv":[8.0,0.0,8.8,0.8],"texture":"#2","rotation":90},"east":{"uv":[8.0,0.0,8.8,5.6],"texture":"#2","rotation":90},"south":{"uv":[8.0,0.0,8.8,0.8],"texture":"#2","rotation":90},"west":{"uv":[8.0,5.6,8.8,0.0],"texture":"#2","rotation":90},"up":{"uv":[8.8,5.6,8.0,0.0],"texture":"#2","rotation":180},"down":{"uv":[8.0,5.6,8.8,0.0],"texture":"#2"}}},{"from":[1.0,0.0,8.0],"to":[15.0,11.0,8.0],"rotation":{"origin":[8.0,5.5,8.0],"axis":"y","angle":45.0},"faces":{"north":{"uv":[0.0,0.0,16.0,16.0],"texture":"#1"},"east":{"uv":[0.0,0.0,16.0,16.0],"texture":"#1"},"south":{"uv":[0.0,0.0,16.0,16.0],"texture":"#1"},"west":{"uv":[0.0,0.0,16.0,16.0],"texture":"#1"},"up":{"uv":[0.0,0.0,16.0,16.0],"texture":"#1"},"down":{"uv":[0.0,0.0,16.0,16.0],"texture":"#1"}}},{"from":[8.0,0.0,1.0],"to":[8.0,11.0,15.0],"rotation":{"origin":[8.0,5.5,8.0],"axis":"y","angle":45.0},"faces":{"north":{"uv":[0.0,0.0,16.0,16.0],"texture":"#1"},"east":{"uv":[0.0,0.0,16.0,16.0],"texture":"#1"},"south":{"uv":[0.0,0.0,16.0,16.0],"texture":"#1"},"west":{"uv":[0.0,0.0,16.0,16.0],"texture":"#1"},"up":{"uv":[0.0,0.0,16.0,16.0],"texture":"#1","rotation":270},"down":{"uv":[0.0,0.0,16.0,16.0],"texture":"#1","rotation":90}}}],"textures":{"particle":"infinitecrops:50f6d812-d4aa-4d9b-b55c-386929a828f9","1":"infinitecrops:7849a091-5759-4fc1-9f88-3c137819fa63","2":"infinitecrops:50f6d812-d4aa-4d9b-b55c-386929a828f9"},"gui_light":"front"}