{"parent":"item/generated","textures":{"layer0":"item/apple"},"overrides":[{"predicate":{"custom_model_data":409},"model":"infinitecrops:1a758cf1-a5e8-4f2c-ab7f-c7e0f58dce4d"},{"predicate":{"custom_model_data":409},"model":"infinitecrops:8fafe0e4-b410-4c93-a271-433365c612ab"},{"predicate":{"custom_model_data":410},"model":"infinitecrops:d09f6735-f25d-4475-b2d9-8647f99fbb1b"},{"predicate":{"custom_model_data":410},"model":"infinitecrops:4d8a4337-7cf7-4e18-8bab-546add826fa3"},{"predicate":{"custom_model_data":411},"model":"infinitecrops:51a8e8e3-0da7-4da8-8ed5-1ced0a851a1b"},{"predicate":{"custom_model_data":411},"model":"infinitecrops:ca6c3685-78c5-4171-a534-a8ae707169b8"},{"predicate":{"custom_model_data":412},"model":"infinitecrops:e39c7f41-8b5b-47dd-ad67-2cba5a5e9c59"},{"predicate":{"custom_model_data":412},"model":"infinitecrops:0ef64111-0974-478a-ac41-ce292a0e669d"},{"predicate":{"custom_model_data":413},"model":"infinitecrops:b1997fb4-5b4a-4061-be77-042d30443809"},{"predicate":{"custom_model_data":413},"model":"infinitecrops:2a7c406a-8817-423a-b85d-992937e9f775"},{"predicate":{"custom_model_data":422},"model":"infinitecrops:47d8efd6-a36c-4183-a0f4-7b0d61d140a1"},{"predicate":{"custom_model_data":422},"model":"infinitecrops:807b88cd-816d-485e-a5e7-e2631ef1535c"},{"predicate":{"custom_model_data":423},"model":"infinitecrops:42e48426-afa7-48ab-9f2e-adb608852b47"},{"predicate":{"custom_model_data":423},"model":"infinitecrops:a9ae7856-31ad-4c11-9aa4-6b0ff43819ea"},{"predicate":{"custom_model_data":424},"model":"infinitecrops:17c26a26-da4b-4f3f-9b67-09230d5879a1"},{"predicate":{"custom_model_data":424},"model":"infinitecrops:2750f1ee-44e2-443a-b11a-614f6d78e50e"},{"predicate":{"custom_model_data":425},"model":"infinitecrops:4f297f8d-c465-47ad-8b06-88e4ac0a11df"},{"predicate":{"custom_model_data":425},"model":"infinitecrops:72348a5e-fa9a-48c7-ba03-248e63299eb0"},{"predicate":{"custom_model_data":426},"model":"infinitecrops:a5319aa6-ba8f-4ceb-b26c-ecba5604bc56"},{"predicate":{"custom_model_data":426},"model":"infinitecrops:603be6c7-ece5-436a-bb89-e20a990e0022"},{"predicate":{"custom_model_data":436},"model":"infinitecrops:03490fa1-6355-419a-a41e-68e3e8feeac7"},{"predicate":{"custom_model_data":436},"model":"infinitecrops:bc88df11-7ee8-49f0-afab-59c6b005ac85"},{"predicate":{"custom_model_data":437},"model":"infinitecrops:c8d1f1ba-a43e-4131-994e-4fd445523c5a"},{"predicate":{"custom_model_data":437},"model":"infinitecrops:2c453abd-fa81-4309-a4d8-f8de4b1587d9"},{"predicate":{"custom_model_data":438},"model":"infinitecrops:c591ea9e-cbf9-4b75-b621-ea76a316e4d5"},{"predicate":{"custom_model_data":438},"model":"infinitecrops:7abde6c7-a181-484c-a345-e2203b701d3d"},{"predicate":{"custom_model_data":439},"model":"infinitecrops:0bdf4a98-c655-40d8-8f89-c7c878a0b9d4"},{"predicate":{"custom_model_data":439},"model":"infinitecrops:d23eb6f9-bb7b-49ee-ab20-43c03564ebb2"},{"predicate":{"custom_model_data":440},"model":"infinitecrops:bd7999f0-a5c7-4460-9a12-c298ce46c237"},{"predicate":{"custom_model_data":440},"model":"infinitecrops:57510e6a-06bb-40e3-bad1-69f3ae00a172"},{"predicate":{"custom_model_data":447},"model":"infinitecrops:c81011c6-ec5e-4f7c-ad68-2f30ec0beffd"},{"predicate":{"custom_model_data":447},"model":"infinitecrops:4771a749-5edc-4d2a-b0d6-d28f9dc442b9"},{"predicate":{"custom_model_data":448},"model":"infinitecrops:87e880f8-99f5-4e2d-a153-308621211535"},{"predicate":{"custom_model_data":448},"model":"infinitecrops:ae49ef5f-2003-47b8-a498-36096aa9eaa7"},{"predicate":{"custom_model_data":449},"model":"infinitecrops:fa130663-74c8-4696-8c7b-f30a02b49a89"},{"predicate":{"custom_model_data":449},"model":"infinitecrops:d9d3f04a-a9cb-4c30-8b2a-0b35c0eb7e19"},{"predicate":{"custom_model_data":450},"model":"infinitecrops:5d890320-0d4b-4e5f-a4f6-30c9b996f646"},{"predicate":{"custom_model_data":450},"model":"infinitecrops:70e922cb-689f-4605-a550-7029c43748e9"},{"predicate":{"custom_model_data":451},"model":"infinitecrops:bed89982-a618-40b7-975c-15a24d65f5c0"},{"predicate":{"custom_model_data":451},"model":"infinitecrops:6e5d8479-1b36-4b89-8663-d3d83bba7cb2"},{"predicate":{"custom_model_data":459},"model":"infinitecrops:434f695f-7f0c-4a48-be62-8e5b5bcf2c26"},{"predicate":{"custom_model_data":459},"model":"infinitecrops:f032370e-dbac-4d81-92ea-0141aa78f03c"},{"predicate":{"custom_model_data":460},"model":"infinitecrops:de48573e-db14-4c8f-b5ea-842e7692c44b"},{"predicate":{"custom_model_data":460},"model":"infinitecrops:9448f8e5-78b4-4dae-bddb-4eb665424308"},{"predicate":{"custom_model_data":461},"model":"infinitecrops:07b3ef1a-767d-40f1-804b-efe0868154f0"},{"predicate":{"custom_model_data":461},"model":"infinitecrops:124c3894-390f-4512-8cc4-4f0aa79a6bc4"},{"predicate":{"custom_model_data":462},"model":"infinitecrops:2bf97ed6-a444-42f3-93dc-7d676b3da6d0"},{"predicate":{"custom_model_data":462},"model":"infinitecrops:92c5123b-c275-4554-ac00-4ab24d2f3c34"},{"predicate":{"custom_model_data":463},"model":"infinitecrops:77ba1a2e-806c-4a7e-af92-a943731d104b"},{"predicate":{"custom_model_data":463},"model":"infinitecrops:87bab3d6-e9fa-4f66-aa31-0be9b3e260b0"},{"predicate":{"custom_model_data":471},"model":"infinitecrops:749db2ce-838c-443a-bb9e-dd1fd90e46db"},{"predicate":{"custom_model_data":471},"model":"infinitecrops:18f4bde3-d646-4ad6-9107-8a218d9a869d"},{"predicate":{"custom_model_data":472},"model":"infinitecrops:2144007a-d5bc-4d69-92ed-5810fc7e2f47"},{"predicate":{"custom_model_data":472},"model":"infinitecrops:456f5583-d547-461f-95b7-b6d58565ba34"},{"predicate":{"custom_model_data":473},"model":"infinitecrops:ae8e7a77-0432-4b7e-a3b7-7a08fa5a16b0"},{"predicate":{"custom_model_data":473},"model":"infinitecrops:10464d3d-2e3d-4a2b-9c08-f89ee9f5837d"},{"predicate":{"custom_model_data":474},"model":"infinitecrops:09891d02-ab87-4229-b4fe-099f8ef37e4e"},{"predicate":{"custom_model_data":474},"model":"infinitecrops:4b9e405d-b164-4898-896f-0329affbe838"},{"predicate":{"custom_model_data":475},"model":"infinitecrops:e5baa6f0-7feb-403c-9347-a059b3f80fd0"},{"predicate":{"custom_model_data":475},"model":"infinitecrops:b4ba1fba-805e-407c-b504-12a6e4a12ce7"},{"predicate":{"custom_model_data":484},"model":"infinitecrops:6afb7a9c-77d9-4db0-ab1f-c82cdf29e10a"},{"predicate":{"custom_model_data":484},"model":"infinitecrops:3e111f60-2a0f-4dde-8fc9-790f4cf6d800"},{"predicate":{"custom_model_data":485},"model":"infinitecrops:2786b9b7-3bfd-48e7-8f4c-e99c3f00d895"},{"predicate":{"custom_model_data":485},"model":"infinitecrops:7c313d1d-d828-4688-960b-362666b8928a"},{"predicate":{"custom_model_data":486},"model":"infinitecrops:b8acc6c3-65aa-4123-808a-173cf31cc173"},{"predicate":{"custom_model_data":486},"model":"infinitecrops:f186c961-e4ce-4e3f-b0f4-e9796180d17d"},{"predicate":{"custom_model_data":487},"model":"infinitecrops:e2618e0e-c9ef-4372-b860-ae9d4fd6f05a"},{"predicate":{"custom_model_data":487},"model":"infinitecrops:89c2de1d-ed36-4266-aef0-8eaeeb201485"},{"predicate":{"custom_model_data":488},"model":"infinitecrops:ff08c34f-cbca-4e2b-98d2-90efbd2b44b8"},{"predicate":{"custom_model_data":488},"model":"infinitecrops:645227dd-3cac-4298-95ab-2de854df7008"},{"predicate":{"custom_model_data":500},"model":"infinitecrops:1fe2a59c-3b41-4a29-b942-ce2f79dd7c0e"},{"predicate":{"custom_model_data":500},"model":"infinitecrops:047b27f5-4a1b-4448-80a9-341633fe2fb3"},{"predicate":{"custom_model_data":501},"model":"infinitecrops:ecb3659d-8d76-4521-8ead-76faf41e5ad8"},{"predicate":{"custom_model_data":501},"model":"infinitecrops:ea81db7d-ea48-4c00-b707-5bb73343f238"},{"predicate":{"custom_model_data":502},"model":"infinitecrops:b9b7bbd1-ca7b-4c0d-96fe-ca42d152eaee"},{"predicate":{"custom_model_data":502},"model":"infinitecrops:4a55280d-bbc2-4f1b-953c-a5cc32a465da"},{"predicate":{"custom_model_data":503},"model":"infinitecrops:58420c56-4ae7-404f-b801-373e5caecd1e"},{"predicate":{"custom_model_data":503},"model":"infinitecrops:5d912cdf-e3e0-4aaf-97bb-bbded62a7572"},{"predicate":{"custom_model_data":510},"model":"infinitecrops:a0d05174-796b-42f1-859c-d5065f2c26bc"},{"predicate":{"custom_model_data":510},"model":"infinitecrops:8f18a2e6-f076-4906-9782-b499fb0af79a"},{"predicate":{"custom_model_data":511},"model":"infinitecrops:d9b65fdb-da76-498c-9f47-e0e47a600960"},{"predicate":{"custom_model_data":511},"model":"infinitecrops:d0286c4f-e750-4229-9fb7-b6e92070fa40"},{"predicate":{"custom_model_data":512},"model":"infinitecrops:de1d033b-bde3-46fd-b9d5-7fb958fb0ec5"},{"predicate":{"custom_model_data":512},"model":"infinitecrops:f4d0fb46-dcf5-4669-8252-8522f2333ad2"},{"predicate":{"custom_model_data":513},"model":"infinitecrops:c1120fca-c5ad-44b0-aeab-40d43f3beef0"},{"predicate":{"custom_model_data":513},"model":"infinitecrops:ef745f53-6f51-4c28-89d8-1b63bf3a1bca"},{"predicate":{"custom_model_data":514},"model":"infinitecrops:e6ef3f4b-25a2-408f-9059-7f8ca4fc932f"},{"predicate":{"custom_model_data":514},"model":"infinitecrops:6ec6b8c9-4e93-4669-ba53-06b7b596c982"},{"predicate":{"custom_model_data":526},"model":"infinitecrops:500a169a-7f65-43c8-af00-835e6bc14875"},{"predicate":{"custom_model_data":526},"model":"infinitecrops:8d21034e-fcb4-465d-b2bc-32445e8cfc60"},{"predicate":{"custom_model_data":527},"model":"infinitecrops:0c024e7b-513f-4fab-8e1a-c14b9be7db21"},{"predicate":{"custom_model_data":527},"model":"infinitecrops:c83f7bf8-5b6d-48e6-a58f-5c765d900ee3"},{"predicate":{"custom_model_data":528},"model":"infinitecrops:0d130734-d6af-4e1c-9164-22a0c7a29b14"},{"predicate":{"custom_model_data":528},"model":"infinitecrops:08307f4d-53b2-4209-bcee-00ffa6ef919f"},{"predicate":{"custom_model_data":529},"model":"infinitecrops:32e13f30-f6f9-4126-a205-692dfec161a8"},{"predicate":{"custom_model_data":529},"model":"infinitecrops:68cb5c2a-c628-43f4-ad6e-a9044c2ef693"},{"predicate":{"custom_model_data":530},"model":"infinitecrops:871f4058-1921-467b-a17c-d31d4f2fc803"},{"predicate":{"custom_model_data":530},"model":"infinitecrops:c843e05b-16eb-415e-9240-b7ca81d0dd0e"},{"predicate":{"custom_model_data":537},"model":"infinitecrops:b109e4a6-7d0d-4566-8ad6-51b955204e78"},{"predicate":{"custom_model_data":537},"model":"infinitecrops:0287233a-89d5-44c9-be0a-51f5e7643c9d"},{"predicate":{"custom_model_data":538},"model":"infinitecrops:fee6d1c1-da59-403a-8591-4d2396c1dca1"},{"predicate":{"custom_model_data":538},"model":"infinitecrops:001b9812-2184-4cad-9bc3-106a00a49811"},{"predicate":{"custom_model_data":539},"model":"infinitecrops:270730c6-ceee-4ac4-a330-83f67aff5ad5"},{"predicate":{"custom_model_data":539},"model":"infinitecrops:d17f404e-3f1a-4705-aab6-b8563c7ef343"},{"predicate":{"custom_model_data":540},"model":"infinitecrops:365210fe-80a3-492b-80cc-6a5bc2e1f717"},{"predicate":{"custom_model_data":540},"model":"infinitecrops:3f6fce68-e61a-4005-9df1-f52296d71df9"},{"predicate":{"custom_model_data":541},"model":"infinitecrops:a31134d7-125e-47fe-a069-310316bb8cdc"},{"predicate":{"custom_model_data":541},"model":"infinitecrops:1d3039fd-cf48-4163-88d3-d5afb16775d2"},{"predicate":{"custom_model_data":550},"model":"infinitecrops:c2093f62-336c-4bf4-b628-755158565f1d"},{"predicate":{"custom_model_data":550},"model":"infinitecrops:705150c8-31f4-4198-90b3-3049ed86e5e5"},{"predicate":{"custom_model_data":551},"model":"infinitecrops:449c388d-ca7e-456d-9d33-d1f9e1f83052"},{"predicate":{"custom_model_data":551},"model":"infinitecrops:837255ac-3c9e-4a53-a143-51fb853ded22"},{"predicate":{"custom_model_data":552},"model":"infinitecrops:f6addc65-2864-4cbf-b1ae-f0fa6360de7c"},{"predicate":{"custom_model_data":552},"model":"infinitecrops:6ba7bec6-8c26-4e3d-8b2d-a8f9a6af4df3"},{"predicate":{"custom_model_data":553},"model":"infinitecrops:054e3e9b-e8a0-4446-ad87-b49f134efd96"},{"predicate":{"custom_model_data":553},"model":"infinitecrops:3de0261e-1703-462d-b48e-0f8397850fa7"},{"predicate":{"custom_model_data":554},"model":"infinitecrops:d960f126-2d30-41ed-84db-3db9e8b3cccb"},{"predicate":{"custom_model_data":554},"model":"infinitecrops:f133b9d3-8bf6-4c4d-92d1-f7e94164542e"},{"predicate":{"custom_model_data":562},"model":"infinitecrops:b887d9ea-a4c2-4987-b3e5-463d5a049011"},{"predicate":{"custom_model_data":562},"model":"infinitecrops:800e2132-bf7c-44dd-87df-4f322b8e458b"},{"predicate":{"custom_model_data":563},"model":"infinitecrops:2f024c5f-bbbd-4b34-8623-41d582954c66"},{"predicate":{"custom_model_data":563},"model":"infinitecrops:0d4e2084-7e6c-4ffd-8010-70a6217a4c4e"},{"predicate":{"custom_model_data":564},"model":"infinitecrops:b887d9ea-a4c2-4987-b3e5-463d5a049011"},{"predicate":{"custom_model_data":564},"model":"infinitecrops:800e2132-bf7c-44dd-87df-4f322b8e458b"},{"predicate":{"custom_model_data":565},"model":"infinitecrops:a1ea8745-0ce1-4509-98c5-3a803d8d387a"},{"predicate":{"custom_model_data":565},"model":"infinitecrops:4c9a072d-c99d-4c77-9afc-17e6c7e973a6"},{"predicate":{"custom_model_data":566},"model":"infinitecrops:dd9a736d-22fa-4d57-944e-1893bd9ebae5"},{"predicate":{"custom_model_data":566},"model":"infinitecrops:644be763-6034-44d6-b7a4-b96f8798cc21"}]}