{"parent":"item/generated","textures":{"layer0":"item/paper"},"overrides":[{"predicate":{"custom_model_data":400},"model":"infinitecrops:1bfe0e9e-d844-48b1-aee7-259b67c50d00"},{"predicate":{"custom_model_data":400},"model":"infinitecrops:538731a6-0f0f-405e-a8c8-20d214c42806"},{"predicate":{"custom_model_data":401},"model":"infinitecrops:6307eee9-4a74-4294-8f0a-985c8df11072"},{"predicate":{"custom_model_data":401},"model":"infinitecrops:2f0674c0-b39e-484b-995f-ea13312a5e7a"},{"predicate":{"custom_model_data":402},"model":"infinitecrops:6bee9efd-6def-4253-8b3d-e78ad209e0e3"},{"predicate":{"custom_model_data":402},"model":"infinitecrops:0a50c461-ae82-4f60-869d-13ef0d3a1b11"},{"predicate":{"custom_model_data":403},"model":"infinitecrops:7594b9d3-cb28-4dc6-b624-13453cf0daa6"},{"predicate":{"custom_model_data":403},"model":"infinitecrops:27cef750-1778-40a1-985c-e67cfed176a2"},{"predicate":{"custom_model_data":404},"model":"infinitecrops:5fca8fbd-5bf9-4f96-9816-821105688122"},{"predicate":{"custom_model_data":404},"model":"infinitecrops:992de24d-ae58-440b-b89b-dd73ed6e4b19"},{"predicate":{"custom_model_data":405},"model":"infinitecrops:dbc1011f-b606-4de3-b476-d196f6b3bcc4"},{"predicate":{"custom_model_data":405},"model":"infinitecrops:dd105bb7-7fc5-41b6-a1cf-4d42d861326c"},{"predicate":{"custom_model_data":406},"model":"infinitecrops:ab6378dd-b37f-454d-bb26-dc67b3a67f83"},{"predicate":{"custom_model_data":406},"model":"infinitecrops:e67f18e7-da54-4e18-9e29-4821975dd8f2"},{"predicate":{"custom_model_data":407},"model":"infinitecrops:a03e133a-f6f0-41fe-9767-32fe2afd0216"},{"predicate":{"custom_model_data":407},"model":"infinitecrops:ccf33ce1-7046-449d-8ae3-0d23543a3c2f"},{"predicate":{"custom_model_data":408},"model":"infinitecrops:c17a396f-d90d-4f96-af20-67e736ab2bf6"},{"predicate":{"custom_model_data":408},"model":"infinitecrops:3ffca66e-5a4b-4d9b-881a-e46c111e5d70"},{"predicate":{"custom_model_data":414},"model":"infinitecrops:833200f5-e05e-4c8d-8a7f-af54150f2d2a"},{"predicate":{"custom_model_data":414},"model":"infinitecrops:0d24b199-c3f0-4c1b-88b6-d99e75509e9c"},{"predicate":{"custom_model_data":415},"model":"infinitecrops:d7dd77ba-78eb-48c0-8adb-eb57a36b782e"},{"predicate":{"custom_model_data":415},"model":"infinitecrops:24f9b5db-d00e-4073-a29c-1d95a351a49a"},{"predicate":{"custom_model_data":416},"model":"infinitecrops:ce6eb919-5ad2-4e26-a685-244d61086ee5"},{"predicate":{"custom_model_data":416},"model":"infinitecrops:71d9c034-00d3-4c69-9632-26fd4b44844c"},{"predicate":{"custom_model_data":417},"model":"infinitecrops:1e56cbda-cf2b-4fa2-9dbe-34cc05155663"},{"predicate":{"custom_model_data":417},"model":"infinitecrops:d4e0e96d-7bf1-4634-82c7-d9a798bcbc5c"},{"predicate":{"custom_model_data":418},"model":"infinitecrops:3915d3b7-e46b-4741-8595-e8d90d1d985a"},{"predicate":{"custom_model_data":418},"model":"infinitecrops:15e1c5b4-228a-4a18-8e83-1b23cd431cf2"},{"predicate":{"custom_model_data":419},"model":"infinitecrops:fa2cfac7-3414-4ba7-88c0-8e8b0ef4ed8c"},{"predicate":{"custom_model_data":419},"model":"infinitecrops:8e58e4e5-b27a-4eb8-b406-4f815f453b59"},{"predicate":{"custom_model_data":420},"model":"infinitecrops:86b85a93-bb98-406a-ac86-e95014b39089"},{"predicate":{"custom_model_data":420},"model":"infinitecrops:2edc3b90-8eb4-4867-b7c1-2d1767559527"},{"predicate":{"custom_model_data":421},"model":"infinitecrops:5c2c75e8-ff1c-4ab5-87f1-c0a4f3966c5c"},{"predicate":{"custom_model_data":421},"model":"infinitecrops:a7236c80-e988-4567-8585-3ace66d8093f"},{"predicate":{"custom_model_data":427},"model":"infinitecrops:cf6159b2-98ad-4b6e-9bd8-c5732c6a7ec5"},{"predicate":{"custom_model_data":427},"model":"infinitecrops:bda5a655-320e-45ba-900b-7340c3a82cfa"},{"predicate":{"custom_model_data":428},"model":"infinitecrops:ef347efd-1374-458c-b378-9bfeabaf83e6"},{"predicate":{"custom_model_data":428},"model":"infinitecrops:01145e4b-8c26-4925-8e8d-b48b667b8e7b"},{"predicate":{"custom_model_data":429},"model":"infinitecrops:00bc4137-f113-4e8d-a0e8-76f1a7298b60"},{"predicate":{"custom_model_data":429},"model":"infinitecrops:e405eefa-eb8e-4a0d-bb33-7c4ccf3dacc7"},{"predicate":{"custom_model_data":430},"model":"infinitecrops:6f082f5d-0201-43f8-bb24-2bd7e8f64722"},{"predicate":{"custom_model_data":430},"model":"infinitecrops:e641077b-d837-4e79-a804-dd1ec0ef049b"},{"predicate":{"custom_model_data":431},"model":"infinitecrops:a59a6fae-7e2a-4a87-93c3-b306f3ca60d2"},{"predicate":{"custom_model_data":431},"model":"infinitecrops:31ee36c2-d7eb-45d9-b91b-82d282285d74"},{"predicate":{"custom_model_data":432},"model":"infinitecrops:62b69019-b43c-4ff4-b4b3-dbb59b163566"},{"predicate":{"custom_model_data":432},"model":"infinitecrops:798d7442-c2d8-4212-97e4-a17f1b50153e"},{"predicate":{"custom_model_data":433},"model":"infinitecrops:e8701baf-4e8d-4f6e-a68a-9ce726bba605"},{"predicate":{"custom_model_data":433},"model":"infinitecrops:fa08c3ba-3f60-4468-b0ef-3c2c32c22545"},{"predicate":{"custom_model_data":434},"model":"infinitecrops:a9d6740b-1b6e-498d-9d65-a7192980b3dc"},{"predicate":{"custom_model_data":434},"model":"infinitecrops:63ac7ed0-e143-473c-8af0-38c834108518"},{"predicate":{"custom_model_data":435},"model":"infinitecrops:ff12f8b4-7fca-48b1-b715-a177b9bf348d"},{"predicate":{"custom_model_data":435},"model":"infinitecrops:5e510113-2a31-4fcf-a269-e0dd00bca31b"},{"predicate":{"custom_model_data":441},"model":"infinitecrops:09dc4374-001c-4667-802e-c75b36a9025a"},{"predicate":{"custom_model_data":441},"model":"infinitecrops:14eab483-aafb-4463-9130-b8e651906bb2"},{"predicate":{"custom_model_data":442},"model":"infinitecrops:1185d698-f78d-4807-ac7c-984585207211"},{"predicate":{"custom_model_data":442},"model":"infinitecrops:b79fa58c-a98c-4352-be01-a2f5ab564952"},{"predicate":{"custom_model_data":443},"model":"infinitecrops:cbb87f2a-093d-43bb-ac30-64f3f46251ff"},{"predicate":{"custom_model_data":443},"model":"infinitecrops:f4cbc4e5-c5a7-4795-b54f-6c82f0c8e286"},{"predicate":{"custom_model_data":444},"model":"infinitecrops:8e4463f7-1089-4380-92dc-1b1117b91194"},{"predicate":{"custom_model_data":444},"model":"infinitecrops:3168df10-9a83-49f0-884a-fb3f39fe29f2"},{"predicate":{"custom_model_data":445},"model":"infinitecrops:ae153efa-eeca-487e-af76-44df7c99b79b"},{"predicate":{"custom_model_data":445},"model":"infinitecrops:34aa13ea-c2a6-448d-9aa6-69658f98366b"},{"predicate":{"custom_model_data":446},"model":"infinitecrops:17d4cd55-3e67-442e-aaa3-729ea3d76a8f"},{"predicate":{"custom_model_data":446},"model":"infinitecrops:0c56106d-c46b-4826-b7e2-10e4650ea3b5"},{"predicate":{"custom_model_data":452},"model":"infinitecrops:09707992-6795-4012-b7a6-5735315ad0b7"},{"predicate":{"custom_model_data":452},"model":"infinitecrops:cdb00f34-650a-4c88-bddb-e0e662cff048"},{"predicate":{"custom_model_data":453},"model":"infinitecrops:33f5344b-61db-4dc2-9a1d-2d68782df7a2"},{"predicate":{"custom_model_data":453},"model":"infinitecrops:0d7cbdee-28d0-49d2-b791-89520f20fef4"},{"predicate":{"custom_model_data":454},"model":"infinitecrops:d229085c-fe5f-4ab1-9c3f-8cfc149f7b1d"},{"predicate":{"custom_model_data":454},"model":"infinitecrops:42f37dea-75a3-4d0e-b141-6f91c1303343"},{"predicate":{"custom_model_data":455},"model":"infinitecrops:ef1085fd-85dd-4017-95d9-3cbf116518c8"},{"predicate":{"custom_model_data":455},"model":"infinitecrops:e1e61587-ceed-4604-8430-54daec83ca15"},{"predicate":{"custom_model_data":456},"model":"infinitecrops:bccc2049-9c85-4f44-9553-c078671f6583"},{"predicate":{"custom_model_data":456},"model":"infinitecrops:270195d4-a3f0-4e9e-a413-62fb2b134427"},{"predicate":{"custom_model_data":457},"model":"infinitecrops:fce234b0-8a9f-451d-9118-6fd20a519ca2"},{"predicate":{"custom_model_data":457},"model":"infinitecrops:2c2a3627-bae1-43b5-8cc1-fe039984a653"},{"predicate":{"custom_model_data":458},"model":"infinitecrops:ce0b3b6c-c2b9-4c8f-a840-6c9fe7edcc2b"},{"predicate":{"custom_model_data":458},"model":"infinitecrops:a7ab8fe4-0cb8-492e-8b69-190986af587e"},{"predicate":{"custom_model_data":464},"model":"infinitecrops:9f238a61-8ed5-4e61-aa16-50e80552375a"},{"predicate":{"custom_model_data":464},"model":"infinitecrops:d60ba1b1-63ef-481a-92d7-8a3454acef9f"},{"predicate":{"custom_model_data":465},"model":"infinitecrops:1bb94837-18f3-4d01-87a8-212132cb808b"},{"predicate":{"custom_model_data":465},"model":"infinitecrops:9a35363a-41e4-4514-aa89-2f9488321ea1"},{"predicate":{"custom_model_data":466},"model":"infinitecrops:2e6fe0a7-7d36-41f7-8d73-3b31cf4ea457"},{"predicate":{"custom_model_data":466},"model":"infinitecrops:06467242-780f-479e-8834-4f97b24584c3"},{"predicate":{"custom_model_data":467},"model":"infinitecrops:d0877ac9-0d31-4742-8dcb-eeb19feb6f52"},{"predicate":{"custom_model_data":467},"model":"infinitecrops:c2e2d6e4-c41f-4e1c-a07a-bf7a8a421224"},{"predicate":{"custom_model_data":468},"model":"infinitecrops:e0c459de-69ca-459b-b9af-5c8bb2b7f91a"},{"predicate":{"custom_model_data":468},"model":"infinitecrops:7e882efa-1e4d-4eae-b1c2-35cd19ecb87f"},{"predicate":{"custom_model_data":469},"model":"infinitecrops:1ea7948b-5de2-4e54-8124-f40f0afe330f"},{"predicate":{"custom_model_data":469},"model":"infinitecrops:4268a928-858c-401d-9e5c-9bc5b49e40fc"},{"predicate":{"custom_model_data":470},"model":"infinitecrops:db2e3917-07a1-491a-a976-64c10b59db80"},{"predicate":{"custom_model_data":470},"model":"infinitecrops:46923152-eb1a-4cbf-b281-eb1bebc638fc"},{"predicate":{"custom_model_data":476},"model":"infinitecrops:b1934f31-f788-4c12-8f0d-71118ba89bf1"},{"predicate":{"custom_model_data":476},"model":"infinitecrops:a1745287-6102-4eac-8cc7-7dae5e358e3b"},{"predicate":{"custom_model_data":477},"model":"infinitecrops:002b0bf1-fdc9-4cd2-a6c7-1fd1b611fc0c"},{"predicate":{"custom_model_data":477},"model":"infinitecrops:b3575290-89bb-4d76-b3b8-1b01d7c7c3fd"},{"predicate":{"custom_model_data":478},"model":"infinitecrops:2a4a5894-ad7f-45ce-ab77-fffdb29c7a25"},{"predicate":{"custom_model_data":478},"model":"infinitecrops:5de47439-2db6-4882-862a-badfd7099ecb"},{"predicate":{"custom_model_data":479},"model":"infinitecrops:9b1bd08b-41d3-4563-91e1-c08fe033b7f4"},{"predicate":{"custom_model_data":479},"model":"infinitecrops:72a98313-1d61-4d97-992d-cec16a491dc6"},{"predicate":{"custom_model_data":480},"model":"infinitecrops:5acadcec-bfcd-4697-83e1-4a15cbf1c341"},{"predicate":{"custom_model_data":480},"model":"infinitecrops:130342c6-5be0-4d22-a2f2-1b8218a7d47c"},{"predicate":{"custom_model_data":481},"model":"infinitecrops:cd25be80-2d94-44f6-a30b-a38fef2d5f7f"},{"predicate":{"custom_model_data":481},"model":"infinitecrops:4edb53c4-a3a6-4bde-8366-13f72210bcf3"},{"predicate":{"custom_model_data":482},"model":"infinitecrops:2fca79be-e9a1-4bd4-b82e-5cb176d71edc"},{"predicate":{"custom_model_data":482},"model":"infinitecrops:4cf17575-4b2f-47fd-a2ba-9670c3ab62e1"},{"predicate":{"custom_model_data":483},"model":"infinitecrops:a7d9578f-89bf-490f-84e6-e196af491ba3"},{"predicate":{"custom_model_data":483},"model":"infinitecrops:cd4d07fa-9725-4a7d-a6ec-6c50808560e7"},{"predicate":{"custom_model_data":489},"model":"infinitecrops:74f30440-6655-4363-91d1-b0700183f768"},{"predicate":{"custom_model_data":489},"model":"infinitecrops:41a29612-11bc-4d75-845a-404d2a698cd5"},{"predicate":{"custom_model_data":490},"model":"infinitecrops:14d6a982-cea1-430c-bb5f-4dd8059bea98"},{"predicate":{"custom_model_data":490},"model":"infinitecrops:ffded364-9ab4-4111-89bb-9154e1246f6c"},{"predicate":{"custom_model_data":491},"model":"infinitecrops:7787d340-cc89-483e-8cba-7077c815a8e5"},{"predicate":{"custom_model_data":491},"model":"infinitecrops:03aae157-87af-4408-81d4-69ae6d3473e1"},{"predicate":{"custom_model_data":492},"model":"infinitecrops:e6cab615-bb58-4e62-ae42-e769380f33eb"},{"predicate":{"custom_model_data":492},"model":"infinitecrops:b4a1daee-6ed8-4c99-b190-026a39a41045"},{"predicate":{"custom_model_data":493},"model":"infinitecrops:ca70cebd-7270-4d3d-a2cf-c1ebaf9d0f57"},{"predicate":{"custom_model_data":493},"model":"infinitecrops:4060d754-8fa8-4a22-91a4-e0ccad185180"},{"predicate":{"custom_model_data":494},"model":"infinitecrops:74e1b294-fd24-444f-b13d-f8e0bbae857e"},{"predicate":{"custom_model_data":494},"model":"infinitecrops:ddac9768-b262-4e2c-bdec-26deb6e232d3"},{"predicate":{"custom_model_data":495},"model":"infinitecrops:46cf47f1-88a7-45a1-963c-b4de3a74f53e"},{"predicate":{"custom_model_data":495},"model":"infinitecrops:cca2051f-15df-4fd9-bc91-b6a00b764c06"},{"predicate":{"custom_model_data":496},"model":"infinitecrops:ad4d6fd3-6f34-49eb-8cb2-a0c9b45c44ea"},{"predicate":{"custom_model_data":496},"model":"infinitecrops:c813660d-f762-4c6f-bc0c-a384588d94b9"},{"predicate":{"custom_model_data":497},"model":"infinitecrops:189d3b02-d908-48bc-9b29-1e9e5ab31942"},{"predicate":{"custom_model_data":497},"model":"infinitecrops:555adadd-6eb0-4b98-bec9-68bc2a36d477"},{"predicate":{"custom_model_data":498},"model":"infinitecrops:8eae47d7-6e80-4395-8670-bb7d2ca4717e"},{"predicate":{"custom_model_data":498},"model":"infinitecrops:c2d869da-a843-4805-9128-111664e9fe59"},{"predicate":{"custom_model_data":499},"model":"infinitecrops:43be95c5-3c9c-4ef9-b2ef-c24a06b02897"},{"predicate":{"custom_model_data":499},"model":"infinitecrops:0b93e26e-b673-4729-843d-98812a9a1c34"},{"predicate":{"custom_model_data":504},"model":"infinitecrops:833ac41e-5dd0-47af-bc01-b0215a8d054e"},{"predicate":{"custom_model_data":504},"model":"infinitecrops:fc17b6ea-e5ee-4eeb-8cfc-4e148b330336"},{"predicate":{"custom_model_data":505},"model":"infinitecrops:38109bc3-c457-4571-8130-c7fb89702a60"},{"predicate":{"custom_model_data":505},"model":"infinitecrops:1fb33dc5-9e95-4373-b01b-db50667ce2de"},{"predicate":{"custom_model_data":506},"model":"infinitecrops:0f29466a-bfde-49cb-a4ba-4387e9deb7d3"},{"predicate":{"custom_model_data":506},"model":"infinitecrops:d1f992f7-6a38-40f1-8a12-e7e51c0a6b57"},{"predicate":{"custom_model_data":507},"model":"infinitecrops:ca214fcf-7c9b-458b-a529-89e52f169d37"},{"predicate":{"custom_model_data":507},"model":"infinitecrops:1b4433f7-3057-4016-8fe8-b75ba4e8a734"},{"predicate":{"custom_model_data":508},"model":"infinitecrops:02a10532-dce5-4448-8010-fd4c17dc8e7b"},{"predicate":{"custom_model_data":508},"model":"infinitecrops:f4b98f8a-48e5-480a-89ca-238a81ceac30"},{"predicate":{"custom_model_data":509},"model":"infinitecrops:456c7134-b67d-4034-8bd0-0328dec2d605"},{"predicate":{"custom_model_data":509},"model":"infinitecrops:c8519be7-2064-4f0a-aef1-086bc613404d"},{"predicate":{"custom_model_data":515},"model":"infinitecrops:e3e5522a-dd30-42d8-a3c4-073ed6d516ed"},{"predicate":{"custom_model_data":515},"model":"infinitecrops:92f8dcc8-8ad4-4a27-b4ff-55cfc845b3b1"},{"predicate":{"custom_model_data":516},"model":"infinitecrops:61d78678-e3f4-4ef7-b955-f553781e1c05"},{"predicate":{"custom_model_data":516},"model":"infinitecrops:508efe9a-ee78-4d9e-913a-b101bb7acfb6"},{"predicate":{"custom_model_data":517},"model":"infinitecrops:ea4f11b1-5dab-46f8-b267-e12808d211bb"},{"predicate":{"custom_model_data":517},"model":"infinitecrops:b4678e8a-6011-49b6-ad1d-b7a64d1a99e6"},{"predicate":{"custom_model_data":518},"model":"infinitecrops:c898bd55-f770-40c0-8b36-a43bc665ab77"},{"predicate":{"custom_model_data":518},"model":"infinitecrops:9c417118-8e6c-43fa-bba4-226d579aa48c"},{"predicate":{"custom_model_data":519},"model":"infinitecrops:2352e8fe-a3e2-4250-999c-b43487adac19"},{"predicate":{"custom_model_data":519},"model":"infinitecrops:b2bad125-bfba-4463-9cb5-8358746a9477"},{"predicate":{"custom_model_data":520},"model":"infinitecrops:680a6983-1e8d-44cb-95a6-45857c56c27a"},{"predicate":{"custom_model_data":520},"model":"infinitecrops:83264869-0705-46ae-b110-2e404fda4fac"},{"predicate":{"custom_model_data":521},"model":"infinitecrops:ccefe5b4-17b8-4b4c-ad1e-57c8a9301f13"},{"predicate":{"custom_model_data":521},"model":"infinitecrops:e3ef37b1-2640-4e42-b5c3-910de289d6b2"},{"predicate":{"custom_model_data":522},"model":"infinitecrops:01cbfefb-f03d-41e1-9ca4-d20c535c6339"},{"predicate":{"custom_model_data":522},"model":"infinitecrops:9f5d465f-c86f-43aa-bf1b-4150c7fad79c"},{"predicate":{"custom_model_data":523},"model":"infinitecrops:a59e0ed5-b4f5-4aa8-9e7c-8e7f9f1e53b5"},{"predicate":{"custom_model_data":523},"model":"infinitecrops:a6a7eafc-4beb-4042-9766-89194d3fb70b"},{"predicate":{"custom_model_data":524},"model":"infinitecrops:fa5d8739-7489-46b2-b552-0ad17cec4412"},{"predicate":{"custom_model_data":524},"model":"infinitecrops:82d2433f-76fb-440f-84f9-317a3067bbc2"},{"predicate":{"custom_model_data":525},"model":"infinitecrops:8fa65e47-223d-4f69-a79a-2125e5bf52af"},{"predicate":{"custom_model_data":525},"model":"infinitecrops:71961add-c929-43bf-abb1-8912797d7d5c"},{"predicate":{"custom_model_data":531},"model":"infinitecrops:bb89df30-420a-4dad-988c-9c3e1159ec58"},{"predicate":{"custom_model_data":531},"model":"infinitecrops:4f4aac99-9a9d-464e-a6f5-d5bdd2a8697c"},{"predicate":{"custom_model_data":532},"model":"infinitecrops:f3492f22-d881-440b-b572-cbabe7a66373"},{"predicate":{"custom_model_data":532},"model":"infinitecrops:6dbb37d6-91a2-49f5-9ffe-9ff384f5595e"},{"predicate":{"custom_model_data":533},"model":"infinitecrops:8640e977-1c04-4c03-9126-06a80714a27e"},{"predicate":{"custom_model_data":533},"model":"infinitecrops:7c1eb3bb-72f9-4236-881b-1eccd705b1f5"},{"predicate":{"custom_model_data":534},"model":"infinitecrops:836ba3b6-d148-42dd-b7a3-03887b2d85ff"},{"predicate":{"custom_model_data":534},"model":"infinitecrops:76a6057a-2455-47e9-8b00-f5135c0f38a5"},{"predicate":{"custom_model_data":535},"model":"infinitecrops:6003dc20-d3ae-4aae-a026-dcb5dde8669e"},{"predicate":{"custom_model_data":535},"model":"infinitecrops:42b95bc9-6c00-4c4c-900b-a9dd236be8c5"},{"predicate":{"custom_model_data":536},"model":"infinitecrops:a04dca52-b442-42a8-97b5-83e4dd334ee5"},{"predicate":{"custom_model_data":536},"model":"infinitecrops:3eb642ea-8cd2-4441-868c-6fdbddc438d6"},{"predicate":{"custom_model_data":542},"model":"infinitecrops:2178de31-1386-4294-8350-18131737cad7"},{"predicate":{"custom_model_data":542},"model":"infinitecrops:fdbca2c5-a6da-4cfd-b97a-ff7fd3482e48"},{"predicate":{"custom_model_data":543},"model":"infinitecrops:1490fb88-cb1e-4c82-967d-b9e34ff9b41f"},{"predicate":{"custom_model_data":543},"model":"infinitecrops:719e5a7a-c800-4a25-8725-0f0a848ccf4b"},{"predicate":{"custom_model_data":544},"model":"infinitecrops:925a0e40-a5c0-43cd-b605-c28eea568577"},{"predicate":{"custom_model_data":544},"model":"infinitecrops:752bbffd-5078-4f08-8654-8547d1eb57c0"},{"predicate":{"custom_model_data":545},"model":"infinitecrops:aa1ff927-029a-4b61-bf8f-1f567ee749d9"},{"predicate":{"custom_model_data":545},"model":"infinitecrops:c20cf00b-07a0-49c6-b237-d946bb7ba116"},{"predicate":{"custom_model_data":546},"model":"infinitecrops:2c068e36-c120-4e7e-8ae2-15073c1688db"},{"predicate":{"custom_model_data":546},"model":"infinitecrops:1befff38-b101-4a73-923f-de1fe39e2076"},{"predicate":{"custom_model_data":547},"model":"infinitecrops:8657fd27-0148-47da-a4ff-cb47e62f360e"},{"predicate":{"custom_model_data":547},"model":"infinitecrops:17beeffc-a43a-4928-89d3-fe0feba68e1d"},{"predicate":{"custom_model_data":548},"model":"infinitecrops:fb1ae6ce-72a0-45ec-9e99-c638b60addae"},{"predicate":{"custom_model_data":548},"model":"infinitecrops:23da9235-f01a-4532-98bc-7f5f339bfb14"},{"predicate":{"custom_model_data":549},"model":"infinitecrops:2a4d016c-b352-4599-9efe-648429e55198"},{"predicate":{"custom_model_data":549},"model":"infinitecrops:1072067a-90d1-4d51-adc5-470344cec47b"},{"predicate":{"custom_model_data":555},"model":"infinitecrops:c77b622e-6edd-4058-85ee-456247c83ef4"},{"predicate":{"custom_model_data":555},"model":"infinitecrops:5b984857-3e21-4063-8dc5-d8e0ce4f4fe3"},{"predicate":{"custom_model_data":556},"model":"infinitecrops:a35c4269-f466-407b-886e-f7d4b0361de6"},{"predicate":{"custom_model_data":556},"model":"infinitecrops:486ad311-ed31-4c9b-b6e8-f5c5775eb8b8"},{"predicate":{"custom_model_data":557},"model":"infinitecrops:5b2150ed-b698-43df-af7d-c7e7d792beb8"},{"predicate":{"custom_model_data":557},"model":"infinitecrops:019b4b4b-b3b9-4e5c-bce4-a174eb5666ee"},{"predicate":{"custom_model_data":558},"model":"infinitecrops:3a0dec96-6e66-4096-9a67-69008d65915b"},{"predicate":{"custom_model_data":558},"model":"infinitecrops:5b8960a2-421b-4d09-aaa9-8a21768b4079"},{"predicate":{"custom_model_data":559},"model":"infinitecrops:4faa57e7-9a4a-4607-bf75-38d5acdf7fc8"},{"predicate":{"custom_model_data":559},"model":"infinitecrops:bf0db214-732e-41f7-bfc8-727a184c9cdd"},{"predicate":{"custom_model_data":560},"model":"infinitecrops:9448cc99-ba14-4467-ae54-af985d2c8513"},{"predicate":{"custom_model_data":560},"model":"infinitecrops:365ace2d-e83a-41ae-bc7c-dd0c15572b36"},{"predicate":{"custom_model_data":561},"model":"infinitecrops:9047f518-1d38-4d1c-82cb-9cabd88d0981"},{"predicate":{"custom_model_data":561},"model":"infinitecrops:c32864c4-5d6f-49a3-9b94-95f3fb4d80e6"},{"predicate":{"custom_model_data":567},"model":"infinitecrops:a58c41a0-b26f-45be-a232-5e931f2c1ae3"},{"predicate":{"custom_model_data":567},"model":"infinitecrops:28cac5c8-770d-4254-a59d-6e4ca7948845"},{"predicate":{"custom_model_data":568},"model":"infinitecrops:18f5fad4-64a7-4300-be29-9a0543944fc9"},{"predicate":{"custom_model_data":568},"model":"infinitecrops:49b1ef0c-9ca1-4330-93f6-615919942c21"},{"predicate":{"custom_model_data":569},"model":"infinitecrops:22c66054-664b-402c-9e29-6cb39c951982"},{"predicate":{"custom_model_data":569},"model":"infinitecrops:89d2a96e-0560-49a4-a811-7c6b03d3c14e"},{"predicate":{"custom_model_data":570},"model":"infinitecrops:87967f29-53e5-4cea-8646-7f98dcc12495"},{"predicate":{"custom_model_data":570},"model":"infinitecrops:027b901a-1c16-4edb-88c7-fd70fda3fef9"},{"predicate":{"custom_model_data":571},"model":"infinitecrops:20088b2a-3b03-488e-8858-4a136a30156b"},{"predicate":{"custom_model_data":571},"model":"infinitecrops:ccd6ca0e-0c92-4891-983c-ae111c639e91"},{"predicate":{"custom_model_data":572},"model":"infinitecrops:c0f5fbf3-0e74-4c0d-88dc-e8c0d228389d"},{"predicate":{"custom_model_data":572},"model":"infinitecrops:f05bd6ca-2b7d-4ffe-92e2-6be33c57874e"},{"predicate":{"custom_model_data":573},"model":"infinitecrops:0acd6afb-7616-44f4-b03f-ec4527e960f5"},{"predicate":{"custom_model_data":573},"model":"infinitecrops:82c604c1-a5d7-4fc2-8dd9-970d97ccf03c"},{"predicate":{"custom_model_data":574},"model":"infinitecrops:e966b415-68fe-411e-81c4-10904983bc62"},{"predicate":{"custom_model_data":574},"model":"infinitecrops:fc251b5d-a29e-44e1-b3b5-96fb999d13e9"},{"predicate":{"custom_model_data":575},"model":"infinitecrops:e1290abe-4c2c-4ced-8cee-8c0b6bd31c36"},{"predicate":{"custom_model_data":575},"model":"infinitecrops:3fd961ca-a88d-4e6b-99e5-174e3bf60000"},{"predicate":{"custom_model_data":576},"model":"infinitecrops:32b2500a-c5c9-4af9-86e6-f810f71f752c"},{"predicate":{"custom_model_data":576},"model":"infinitecrops:9bd84252-d0bd-4745-9d84-9315129ebc37"},{"predicate":{"custom_model_data":577},"model":"infinitecrops:40c09c2c-98a4-4941-a732-25723f7dce9c"},{"predicate":{"custom_model_data":577},"model":"infinitecrops:4856d385-b1a5-4667-aafa-4369403dfec8"},{"predicate":{"custom_model_data":578},"model":"infinitecrops:e6936e53-1fbb-4e13-aab0-ac7eacb63e11"},{"predicate":{"custom_model_data":578},"model":"infinitecrops:848051f4-272d-4a8b-8298-bdaa3aca3ae2"},{"predicate":{"custom_model_data":579},"model":"infinitecrops:0c443e34-31cb-433f-ab0a-07fa4b591f8d"},{"predicate":{"custom_model_data":579},"model":"infinitecrops:69309704-9ea9-4298-9f29-ac2aad54d48c"},{"predicate":{"custom_model_data":580},"model":"infinitecrops:5c1c7c97-4918-421f-914c-00b6c6ba25a9"},{"predicate":{"custom_model_data":580},"model":"infinitecrops:de1f5351-bd10-4d8f-80e5-a48b91fbeefe"},{"predicate":{"custom_model_data":581},"model":"infinitecrops:18500fe4-b2f5-4fb4-9eb3-1031fb948a1b"},{"predicate":{"custom_model_data":581},"model":"infinitecrops:69fff611-f22b-4d43-a7b7-af4b0864625c"},{"predicate":{"custom_model_data":582},"model":"infinitecrops:f86c4bf5-0d96-4881-8fdf-009f8170a51f"},{"predicate":{"custom_model_data":582},"model":"infinitecrops:fb4ad75d-ed14-4260-8a47-e4b539b39b04"},{"predicate":{"custom_model_data":583},"model":"infinitecrops:bc8c019e-6104-4d0b-bda2-8b6b52c494d8"},{"predicate":{"custom_model_data":583},"model":"infinitecrops:2968e766-225b-4f19-9136-3e4658f47c9d"},{"predicate":{"custom_model_data":584},"model":"infinitecrops:8a09c65b-405a-45db-a161-26a921bd588f"},{"predicate":{"custom_model_data":584},"model":"infinitecrops:719728b0-4d2a-44d2-89d3-f1e8e4c5c8ad"},{"predicate":{"custom_model_data":585},"model":"infinitecrops:83ec81ad-926e-4b81-980e-11ffff1b12f2"},{"predicate":{"custom_model_data":585},"model":"infinitecrops:1a3c0147-e6ae-4a8a-881a-c6f476128b37"},{"predicate":{"custom_model_data":586},"model":"infinitecrops:88e55f7d-2904-40dc-acb8-3602b6aeca31"},{"predicate":{"custom_model_data":586},"model":"infinitecrops:b6158bbd-c3e7-4d43-b670-636a1233e50b"},{"predicate":{"custom_model_data":587},"model":"infinitecrops:8903a0f9-90f3-4dce-975d-b357cc641d1c"},{"predicate":{"custom_model_data":587},"model":"infinitecrops:a60d0829-6808-4c34-a5e3-cc61271972f6"},{"predicate":{"custom_model_data":588},"model":"infinitecrops:365e5cbb-5e94-4ec7-98c6-7644226832b9"},{"predicate":{"custom_model_data":588},"model":"infinitecrops:927c35b7-b2ce-44ec-9f92-be3677d04c12"},{"predicate":{"custom_model_data":589},"model":"infinitecrops:d756b46d-c726-4226-b19c-e95d10a695ba"},{"predicate":{"custom_model_data":589},"model":"infinitecrops:37c7d5d2-43ef-4c59-9cdf-920270e101cb"},{"predicate":{"custom_model_data":590},"model":"infinitecrops:9f4dd4ed-f48a-4ff4-9d28-d1b15c3e7cd9"},{"predicate":{"custom_model_data":590},"model":"infinitecrops:19f8be70-383c-46d3-9fde-dab07be82f0a"},{"predicate":{"custom_model_data":591},"model":"infinitecrops:69ea1e65-a01c-4d11-b06f-53ad311ce4e9"},{"predicate":{"custom_model_data":591},"model":"infinitecrops:28e50484-4f98-4d45-95d4-a960b2864730"},{"predicate":{"custom_model_data":592},"model":"infinitecrops:90124cd7-a02c-4114-81df-268c6fa7f23f"},{"predicate":{"custom_model_data":592},"model":"infinitecrops:593141c0-a276-4933-a6e1-5c5fa3bd4122"},{"predicate":{"custom_model_data":593},"model":"infinitecrops:43ba237b-b332-413e-ae39-083ebfd58c80"},{"predicate":{"custom_model_data":593},"model":"infinitecrops:16539465-f89c-4e67-965e-312fca1d4582"},{"predicate":{"custom_model_data":594},"model":"infinitecrops:48bd94d1-d594-486f-a5af-d77c1b347466"},{"predicate":{"custom_model_data":594},"model":"infinitecrops:3aa21212-497a-4b34-a574-079edf462e50"},{"predicate":{"custom_model_data":595},"model":"infinitecrops:ceca4bc9-ea90-498d-a377-d78855d707c1"},{"predicate":{"custom_model_data":595},"model":"infinitecrops:57796b93-f642-4851-b19d-de5c50f5e6d4"},{"predicate":{"custom_model_data":596},"model":"infinitecrops:16fb750d-caff-4fc4-90e9-0e87e7bf8443"},{"predicate":{"custom_model_data":596},"model":"infinitecrops:f4ad7c93-669f-49b2-9134-a536edb10e03"},{"predicate":{"custom_model_data":597},"model":"infinitecrops:d5024a03-03c6-47e3-bfb0-bc2cbdcaca1d"},{"predicate":{"custom_model_data":597},"model":"infinitecrops:fb5ac609-8315-485d-a801-51e79dffa49b"},{"predicate":{"custom_model_data":598},"model":"infinitecrops:de069d21-08f4-4ab6-96b6-a802269371ac"},{"predicate":{"custom_model_data":598},"model":"infinitecrops:5920817b-d5db-4276-97c9-153160755583"},{"predicate":{"custom_model_data":599},"model":"infinitecrops:ee159fe9-5918-4fc6-afd0-74bab84ea3a3"},{"predicate":{"custom_model_data":599},"model":"infinitecrops:ad6c4f79-11ed-4d74-bf06-db17f97f9f3b"},{"predicate":{"custom_model_data":600},"model":"infinitecrops:79b75fc3-d7cc-43ed-9f4d-85f1c3ae90e2"},{"predicate":{"custom_model_data":600},"model":"infinitecrops:2def2087-0080-4733-9bf5-7883e3b161f6"},{"predicate":{"custom_model_data":601},"model":"infinitecrops:293f3043-622e-4f55-960e-9a043ae0a7d9"},{"predicate":{"custom_model_data":601},"model":"infinitecrops:17453cc7-2fd9-4a5b-8467-03b5d662409e"},{"predicate":{"custom_model_data":602},"model":"infinitecrops:9bb16619-70af-425c-97ba-7319d27e5878"},{"predicate":{"custom_model_data":602},"model":"infinitecrops:bc340115-3bdb-41b9-8b58-a6b854c33ffb"},{"predicate":{"custom_model_data":603},"model":"infinitecrops:d1d52622-98e3-411f-b855-fa3c810a5943"},{"predicate":{"custom_model_data":603},"model":"infinitecrops:97713540-e142-4743-8cf9-5e67ef502e73"},{"predicate":{"custom_model_data":604},"model":"infinitecrops:433fb0cc-6e03-44d2-81b9-8c53eab635a4"},{"predicate":{"custom_model_data":604},"model":"infinitecrops:fed180a5-ca16-4b97-be87-8e1cfa92f511"},{"predicate":{"custom_model_data":605},"model":"infinitecrops:78ec0ed2-914e-412f-a434-fb7b73508654"},{"predicate":{"custom_model_data":605},"model":"infinitecrops:51b606bb-56ee-49ea-9866-dcc693d203ef"},{"predicate":{"custom_model_data":606},"model":"infinitecrops:9fd65fc8-2a51-48c8-821d-aeb917d5068d"},{"predicate":{"custom_model_data":606},"model":"infinitecrops:cc59b168-a82e-497a-b99f-87dff2785856"},{"predicate":{"custom_model_data":608},"model":"infinitecrops:607e46ff-e51a-4755-be1f-c3964913119e"},{"predicate":{"custom_model_data":608},"model":"infinitecrops:54a71cc2-f2b0-4e7b-9358-c09663455709"},{"predicate":{"custom_model_data":609},"model":"infinitecrops:7f9d0fc7-cf3e-429d-8b58-6537faa88652"},{"predicate":{"custom_model_data":609},"model":"infinitecrops:bb470dbf-a13e-4b57-b2c4-798e9bdf1e92"},{"predicate":{"custom_model_data":610},"model":"infinitecrops:6bd8aab8-7855-4f6a-aa36-84885b0c0c48"},{"predicate":{"custom_model_data":610},"model":"infinitecrops:e4b52ac7-50fd-4ae3-a419-875c11c5acdf"},{"predicate":{"custom_model_data":611},"model":"infinitecrops:b895e6ef-aaec-4401-aad1-6a88d67c3402"},{"predicate":{"custom_model_data":611},"model":"infinitecrops:c4c45495-52cb-490c-81a4-2a577ea7fcf4"},{"predicate":{"custom_model_data":612},"model":"infinitecrops:60254619-4b47-4cf1-b1ee-36ba3f59df7f"},{"predicate":{"custom_model_data":612},"model":"infinitecrops:863d4ab8-d3e1-4861-8342-a3a29814a465"},{"predicate":{"custom_model_data":613},"model":"infinitecrops:959cd434-06c8-4f7b-a1a9-5b6831b03d07"},{"predicate":{"custom_model_data":613},"model":"infinitecrops:20b5cc8b-4f13-4eab-bba1-8174150cffdd"},{"predicate":{"custom_model_data":615},"model":"infinitecrops:a8e54cf6-8a5d-4b2a-89be-f735d37b8f60"},{"predicate":{"custom_model_data":615},"model":"infinitecrops:941da728-2760-474c-994b-f29aca65ab98"},{"predicate":{"custom_model_data":616},"model":"infinitecrops:50e27f37-9a30-43fe-a576-3c7fecbf0066"},{"predicate":{"custom_model_data":616},"model":"infinitecrops:f40344f9-4881-40e4-b0cc-239ea3cdc4cd"},{"predicate":{"custom_model_data":617},"model":"infinitecrops:5400016f-0566-458f-ac62-eec800cbed16"},{"predicate":{"custom_model_data":617},"model":"infinitecrops:2f8c2ff4-7334-4b01-87be-ca68ed5ca5ca"},{"predicate":{"custom_model_data":619},"model":"infinitecrops:0742c7b3-b1cc-40cb-97db-a075e016292a"},{"predicate":{"custom_model_data":619},"model":"infinitecrops:509b2697-05b4-496f-9646-e40387dec513"},{"predicate":{"custom_model_data":620},"model":"infinitecrops:c8d7d8e7-d47d-49d8-b13c-945e79f776dc"},{"predicate":{"custom_model_data":620},"model":"infinitecrops:60519857-f2e6-4b4f-9d8f-7ea3a4456be1"},{"predicate":{"custom_model_data":621},"model":"infinitecrops:62d09ed7-de03-470b-ad23-ff52397a8a1a"},{"predicate":{"custom_model_data":621},"model":"infinitecrops:b5d14369-164e-42b8-a2b0-1af010fa86e9"},{"predicate":{"custom_model_data":623},"model":"infinitecrops:50f58fd8-ac87-4260-b41f-01fecbbaa109"},{"predicate":{"custom_model_data":623},"model":"infinitecrops:42aab593-4b5a-40e7-8f04-0318e5dc4581"},{"predicate":{"custom_model_data":624},"model":"infinitecrops:00cdfd22-150b-49c0-a311-f40087c50b42"},{"predicate":{"custom_model_data":624},"model":"infinitecrops:eeb87bc3-b566-4ae1-b7ad-199cdd54cfaf"},{"predicate":{"custom_model_data":625},"model":"infinitecrops:3492ef5c-575f-42c0-82a3-466e84d304ab"},{"predicate":{"custom_model_data":625},"model":"infinitecrops:c93cb08f-8510-4b1d-b4fe-ed3e9788640e"},{"predicate":{"custom_model_data":627},"model":"infinitecrops:09ca7269-e3a2-472a-ae31-58a3b6bd5c4d"},{"predicate":{"custom_model_data":627},"model":"infinitecrops:de18598e-19e5-469b-9db1-971c08251c51"},{"predicate":{"custom_model_data":628},"model":"infinitecrops:b1e5fec6-9936-4177-a1af-775eb8b7f93d"},{"predicate":{"custom_model_data":628},"model":"infinitecrops:0e695b34-fde7-4443-bbef-17ec108ee8cf"},{"predicate":{"custom_model_data":629},"model":"infinitecrops:7a789eb5-1224-42c5-91fb-18a165e0d0af"},{"predicate":{"custom_model_data":629},"model":"infinitecrops:510c523a-2663-4013-b851-b056d47343f4"},{"predicate":{"custom_model_data":631},"model":"infinitecrops:ddcd6557-5f6d-470e-aeea-ebb20c19b700"},{"predicate":{"custom_model_data":631},"model":"infinitecrops:e9f5b09c-1d95-42ef-9c9c-aa2547aa72b7"},{"predicate":{"custom_model_data":632},"model":"infinitecrops:4f2e5c43-d622-4dcb-88aa-bb70e56ff4a0"},{"predicate":{"custom_model_data":632},"model":"infinitecrops:db5c1921-2460-47c1-a3e3-4465c350facf"},{"predicate":{"custom_model_data":633},"model":"infinitecrops:bcd09572-2715-4905-beda-925489509a38"},{"predicate":{"custom_model_data":633},"model":"infinitecrops:9fe64b4a-8d46-453a-bf2e-573cd311b4ec"},{"predicate":{"custom_model_data":634},"model":"infinitecrops:78d0dd23-4046-4915-8214-4057784c4a92"},{"predicate":{"custom_model_data":634},"model":"infinitecrops:f20bd2f8-3506-43fa-8b24-48e8911d38b8"},{"predicate":{"custom_model_data":635},"model":"infinitecrops:e07f7c62-b4e7-476f-a39a-eb34dee33b03"},{"predicate":{"custom_model_data":635},"model":"infinitecrops:6fd9ccf9-5eef-4a7b-9b8b-1d88068ea594"},{"predicate":{"custom_model_data":636},"model":"infinitecrops:7e17680c-c28a-43f8-8188-d85bd90189fc"},{"predicate":{"custom_model_data":636},"model":"infinitecrops:107b0651-ae0b-411a-9c47-13f35405352e"},{"predicate":{"custom_model_data":637},"model":"infinitecrops:49ed8ba9-23e7-43e0-895d-1326220d72e6"},{"predicate":{"custom_model_data":637},"model":"infinitecrops:a48b96c3-bbda-485c-bf8f-94f187cd11fe"},{"predicate":{"custom_model_data":638},"model":"infinitecrops:10bc0c12-f934-49c9-a1a4-6502a6234699"},{"predicate":{"custom_model_data":638},"model":"infinitecrops:099337b4-d1a0-460d-9030-767c364f73b8"},{"predicate":{"custom_model_data":639},"model":"infinitecrops:95544216-b2eb-4496-96bb-f9d29da382d4"},{"predicate":{"custom_model_data":639},"model":"infinitecrops:17aa61ab-bd07-4f20-a05e-353115131a3e"},{"predicate":{"custom_model_data":640},"model":"infinitecrops:d0f1ecd3-5e0a-4b4c-9d9c-6a15ea2d5d3f"},{"predicate":{"custom_model_data":640},"model":"infinitecrops:3b6e0e82-5e91-4f7a-8c5e-c3bcb18d55b4"},{"predicate":{"custom_model_data":641},"model":"infinitecrops:85593b00-b389-430c-b6fb-81556288afc8"},{"predicate":{"custom_model_data":641},"model":"infinitecrops:6c61dfdd-b21e-48f8-9506-2872840d805a"},{"predicate":{"custom_model_data":657},"model":"infinitecrops:a82bfdb9-914a-44bf-bdd0-16cd1120a453"},{"predicate":{"custom_model_data":657},"model":"infinitecrops:154e255e-e58e-4bd0-8a9b-d1de1fc4d5d1"},{"predicate":{"custom_model_data":658},"model":"infinitecrops:f1ed4387-9e3f-44a6-9234-bece6498a1c9"},{"predicate":{"custom_model_data":658},"model":"infinitecrops:1b4424a2-6087-4c55-988b-14a2054068c5"},{"predicate":{"custom_model_data":659},"model":"infinitecrops:1973d1f9-c996-49b9-8a31-6156cbfa1a07"},{"predicate":{"custom_model_data":659},"model":"infinitecrops:df5d4916-0c00-4c45-b28c-6f8da51a1d6f"},{"predicate":{"custom_model_data":660},"model":"infinitecrops:f5d5778c-60ad-435f-b069-5f9fce988f3a"},{"predicate":{"custom_model_data":660},"model":"infinitecrops:2433bd3e-762e-43bc-bd78-9c9f108b7dcd"},{"predicate":{"custom_model_data":661},"model":"infinitecrops:e37b0f61-270c-4694-8e7e-fbb8d174eeef"},{"predicate":{"custom_model_data":661},"model":"infinitecrops:7fd4dbcb-c730-4af2-88aa-41fa2ae369fd"},{"predicate":{"custom_model_data":662},"model":"infinitecrops:5262b249-a43c-4cdd-8def-83eb8c0c460a"},{"predicate":{"custom_model_data":662},"model":"infinitecrops:b3a62fe7-4366-4f3d-91f5-37213f9d6da6"},{"predicate":{"custom_model_data":663},"model":"infinitecrops:0966d533-34ad-4d22-9f1d-1cd774a41112"},{"predicate":{"custom_model_data":663},"model":"infinitecrops:13f99161-3750-49fd-a712-4a8d93ea911a"},{"predicate":{"custom_model_data":664},"model":"infinitecrops:2d3cb6c1-2ee0-46a6-a078-907e3313e2c0"},{"predicate":{"custom_model_data":664},"model":"infinitecrops:e86a6d2d-1d4f-445a-90ce-4f2d22379821"},{"predicate":{"custom_model_data":665},"model":"infinitecrops:1071d319-2bb0-4762-a864-070985534b50"},{"predicate":{"custom_model_data":665},"model":"infinitecrops:35010a51-3359-4c2f-a1b7-28eb6ace4430"},{"predicate":{"custom_model_data":666},"model":"infinitecrops:ccf61a4b-c103-4703-a556-34fa3dfb0928"},{"predicate":{"custom_model_data":666},"model":"infinitecrops:92a6395f-eacc-4884-a93a-78b58163e98c"},{"predicate":{"custom_model_data":667},"model":"infinitecrops:03adec3b-dcbb-4df3-9405-1496f3f9f06a"},{"predicate":{"custom_model_data":667},"model":"infinitecrops:13e2f277-5a16-4cf2-b749-b6e9c003c870"},{"predicate":{"custom_model_data":668},"model":"infinitecrops:916aef0d-5770-4322-93c8-1bd511e9636b"},{"predicate":{"custom_model_data":668},"model":"infinitecrops:4f0b8e60-f13b-40e4-bac2-c7ead652dfc2"},{"predicate":{"custom_model_data":669},"model":"infinitecrops:cb344adf-4ef6-4fa8-949a-74268791303e"},{"predicate":{"custom_model_data":669},"model":"infinitecrops:738727aa-fbf4-471f-b460-7b087c7a8e31"},{"predicate":{"custom_model_data":670},"model":"infinitecrops:96c02cae-3fcc-4122-925f-73d1e57aa228"},{"predicate":{"custom_model_data":670},"model":"infinitecrops:1e1c8476-c4c5-48fa-97b6-41f00e72ed2b"},{"predicate":{"custom_model_data":671},"model":"infinitecrops:fbfc956c-2a00-476a-aef4-c849c7b6c727"},{"predicate":{"custom_model_data":671},"model":"infinitecrops:aef9b62d-4320-4fb3-9b30-8165774371e6"},{"predicate":{"custom_model_data":672},"model":"infinitecrops:cfb66266-8b99-4eb5-9e51-2aaf9c3a5a87"},{"predicate":{"custom_model_data":672},"model":"infinitecrops:6c10ac30-708c-42f4-b0dd-0a50f0d96c90"},{"predicate":{"custom_model_data":673},"model":"infinitecrops:125b2f6e-8cd9-4cf6-8341-4c135a5fda18"},{"predicate":{"custom_model_data":673},"model":"infinitecrops:8655c5b1-d4b8-425c-b8a4-e18d3f36638c"},{"predicate":{"custom_model_data":674},"model":"infinitecrops:775ee6e2-28fe-4133-9cfd-b5c50cc80091"},{"predicate":{"custom_model_data":674},"model":"infinitecrops:9d01ec06-40bb-434f-8abc-da9be86746cb"},{"predicate":{"custom_model_data":681},"model":"infinitecrops:e7a8bb77-f976-4bfc-a502-fd217fff01a2"},{"predicate":{"custom_model_data":681},"model":"infinitecrops:108c8f7e-0f9e-494a-a385-2094178150d2"},{"predicate":{"custom_model_data":682},"model":"infinitecrops:9baad0f1-a565-42f2-a428-03e3b9f88af7"},{"predicate":{"custom_model_data":682},"model":"infinitecrops:d04687a8-1bdd-40ec-8c86-54401a0c5972"},{"predicate":{"custom_model_data":683},"model":"infinitecrops:ad07ae82-b1e9-42f3-8f6e-0b00f8a4b6c3"},{"predicate":{"custom_model_data":683},"model":"infinitecrops:f317d794-b5d3-4f74-ad1e-1dc19f837db6"},{"predicate":{"custom_model_data":684},"model":"infinitecrops:ce358c74-da69-43d1-87dd-ec797b2ba277"},{"predicate":{"custom_model_data":684},"model":"infinitecrops:860d2d17-5d67-4978-8f05-6a3f29184f72"},{"predicate":{"custom_model_data":685},"model":"infinitecrops:e7a911e0-7648-4cbd-b4f2-72135782d2b5"},{"predicate":{"custom_model_data":685},"model":"infinitecrops:d1f0f5a6-25b6-4521-9259-54736cb0c270"},{"predicate":{"custom_model_data":1000},"model":"ed5fdc70-43bf-4a37-91bb-586523c000ca"},{"predicate":{"custom_model_data":1000},"model":"bae11799-e48f-4af4-b095-60d444115712"},{"predicate":{"custom_model_data":1001},"model":"nexo:item/nexo_furniture/arm_chair"},{"predicate":{"custom_model_data":1001},"model":"nexo:item/nexo_furniture/arm_chair"},{"predicate":{"custom_model_data":1002},"model":"nexo:item/nexo_furniture/coffee_table"},{"predicate":{"custom_model_data":1002},"model":"nexo:item/nexo_furniture/coffee_table"},{"predicate":{"custom_model_data":1003},"model":"nexo:item/nexo_furniture/end_table"},{"predicate":{"custom_model_data":1003},"model":"nexo:item/nexo_furniture/end_table"},{"predicate":{"custom_model_data":1004},"model":"nexo:item/nexo_furniture/sofa"},{"predicate":{"custom_model_data":1004},"model":"nexo:item/nexo_furniture/sofa"},{"predicate":{"custom_model_data":1005},"model":"nexo:item/nexo_furniture/storage_chest"},{"predicate":{"custom_model_data":1005},"model":"nexo:item/nexo_furniture/storage_chest"},{"predicate":{"custom_model_data":1006},"model":"nexo:item/nexo_furniture/table_lamp"},{"predicate":{"custom_model_data":1006},"model":"nexo:item/nexo_furniture/table_lamp"},{"predicate":{"custom_model_data":1007},"model":"nexo:item/nexo_furniture/double_bed"},{"predicate":{"custom_model_data":1007},"model":"nexo:item/nexo_furniture/double_bed"},{"predicate":{"custom_model_data":1008},"model":"e027102d-ba91-45f0-a69a-0d5e52557714"},{"predicate":{"custom_model_data":1008},"model":"03df78ca-7437-49b1-87e0-c477d0c52d7f"},{"predicate":{"custom_model_data":1009},"model":"b365a3bd-b41d-4db2-b4d8-1f80ff65ae31"},{"predicate":{"custom_model_data":1009},"model":"b12fc61a-cfb4-4c6c-8797-e799d1204bd6"},{"predicate":{"custom_model_data":1010},"model":"d288de4d-65c5-4f37-8398-cf3d2c9aac29"},{"predicate":{"custom_model_data":1010},"model":"adecd8c2-1e8e-423a-96aa-04fba4d71b6b"}]}