{"parent":"item/handheld","textures":{"layer0":"item/stick"},"overrides":[{"predicate":{"custom_model_data":645},"model":"infinitecrops:d54a7c60-c2e0-4d4a-bf85-b658281ac139"},{"predicate":{"custom_model_data":645},"model":"infinitecrops:676c5468-84ed-4ebf-af98-9fc991bedd2d"},{"predicate":{"custom_model_data":646},"model":"infinitecrops:1cc557c0-560d-418f-bc97-84705f2150d9"},{"predicate":{"custom_model_data":646},"model":"infinitecrops:50653842-a6e6-4f3d-80cb-6a33a400fb3e"},{"predicate":{"custom_model_data":647},"model":"infinitecrops:a92e05ce-4a13-480c-80ed-fcfd107d4213"},{"predicate":{"custom_model_data":647},"model":"infinitecrops:f6f35aeb-42fb-4eea-871c-03bd3cbb8d89"},{"predicate":{"custom_model_data":648},"model":"infinitecrops:54ba4061-f499-4a28-9811-591a6eaff81c"},{"predicate":{"custom_model_data":648},"model":"infinitecrops:0f9f61e4-6be5-4812-800f-574094b3cf3a"},{"predicate":{"custom_model_data":649},"model":"infinitecrops:bf3a31c2-af7b-47ef-97ec-e27152251ec5"},{"predicate":{"custom_model_data":649},"model":"infinitecrops:4ce87acc-8c3e-42db-8a69-6d4a7960d82e"},{"predicate":{"custom_model_data":650},"model":"infinitecrops:166790f2-d4e1-429a-a34b-5e1eb084ce98"},{"predicate":{"custom_model_data":650},"model":"infinitecrops:48b58ef1-543f-4ad8-a20c-d5d4dd7fc611"},{"predicate":{"custom_model_data":651},"model":"infinitecrops:e655f3fb-a467-4a15-8b8c-787029c1ba00"},{"predicate":{"custom_model_data":651},"model":"infinitecrops:64a6a241-af98-4f2f-9d4b-eb0a7c61fd30"},{"predicate":{"custom_model_data":652},"model":"infinitecrops:b3258c70-8525-4bd8-86b9-f87463ded8b3"},{"predicate":{"custom_model_data":652},"model":"infinitecrops:2df18104-020a-412a-b969-f9f85ef85d28"},{"predicate":{"custom_model_data":653},"model":"infinitecrops:ebd39cc3-1e04-4ee6-ab0a-81e7f15da370"},{"predicate":{"custom_model_data":653},"model":"infinitecrops:d57866ab-c61d-4444-a84f-67b18856a5ba"},{"predicate":{"custom_model_data":654},"model":"infinitecrops:7b71ffe5-4fde-4673-a00e-347a1db69a7d"},{"predicate":{"custom_model_data":654},"model":"infinitecrops:21b232bb-da32-4205-b200-f356d867a435"},{"predicate":{"custom_model_data":655},"model":"infinitecrops:74ecdf44-200b-4438-92e9-c1b6554ac0ff"},{"predicate":{"custom_model_data":655},"model":"infinitecrops:17e39b5b-8b9c-476e-82e8-864b135b3e47"},{"predicate":{"custom_model_data":656},"model":"infinitecrops:59fa027e-846a-4679-a541-dfdce2ec5cfc"},{"predicate":{"custom_model_data":656},"model":"infinitecrops:5da0dd3a-c5cc-43d4-a50e-7e4dbd8eb656"}]}