{"parent":"item/generated","textures":{"layer0":"item/sweet_berries"},"overrides":[{"predicate":{"custom_model_data":607},"model":"infinitecrops:284ff08d-168f-45bf-ba3c-92226d6b05ef"},{"predicate":{"custom_model_data":607},"model":"infinitecrops:727bbb2a-3212-45df-aef8-15dab5af20a6"},{"predicate":{"custom_model_data":614},"model":"infinitecrops:a3e2381a-a05a-40e8-86f6-b7e9aea13c1c"},{"predicate":{"custom_model_data":614},"model":"infinitecrops:e1a4bf67-d91e-4835-b1b7-ac0aa6cc3b55"},{"predicate":{"custom_model_data":618},"model":"infinitecrops:c96126c1-e1bd-4577-b588-ba1dd2b86c39"},{"predicate":{"custom_model_data":618},"model":"infinitecrops:3e129154-63bf-49fe-bdf2-605109b6ae7c"},{"predicate":{"custom_model_data":622},"model":"infinitecrops:3637f212-4615-4efd-bbdc-4206e691d14f"},{"predicate":{"custom_model_data":622},"model":"infinitecrops:1d0b0203-ee7c-49d7-a81d-a14d430f4c4d"},{"predicate":{"custom_model_data":626},"model":"infinitecrops:80585fa6-1a3f-4da9-a44d-94add5280fb6"},{"predicate":{"custom_model_data":626},"model":"infinitecrops:9be08e8e-93d2-416a-8b72-babbd7532bd7"},{"predicate":{"custom_model_data":630},"model":"infinitecrops:88aee039-8d56-4e4c-9caa-68773ceb690e"},{"predicate":{"custom_model_data":630},"model":"infinitecrops:d3e563d0-a8bb-4961-b210-dac4aa68bdde"}]}